Customer_ID,Actual_Churn,Churn_Probability,Risk_Score,Risk_Level,Retention_Priority,Recommended_Action
CUST146170,1,0.9870287,98.7,Critical,Immediate,Immediate retention intervention
CUST146747,1,0.9867219,98.67,Critical,Immediate,Immediate retention intervention
CUST109667,1,0.9865051,98.65,Critical,Immediate,Immediate retention intervention
CUST114363,1,0.98638225,98.64,Critical,Immediate,Immediate retention intervention
CUST115376,1,0.9863874,98.64,Critical,Immediate,Immediate retention intervention
CUST115684,1,0.98605216,98.61,Critical,Immediate,Immediate retention intervention
CUST136376,1,0.9858307,98.58,Critical,Immediate,Immediate retention intervention
CUST114228,1,0.98558724,98.56,Critical,Immediate,Immediate retention intervention
CUST146520,1,0.9854763,98.55,Critical,Immediate,Immediate retention intervention
CUST103900,0,0.9855296,98.55,Critical,Immediate,Immediate retention intervention
CUST120663,1,0.9853977,98.54,Critical,Immediate,Immediate retention intervention
CUST142816,1,0.98531646,98.53,Critical,Immediate,Immediate retention intervention
CUST131689,1,0.9852009,98.52,Critical,Immediate,Immediate retention intervention
CUST112727,1,0.9848534,98.49,Critical,Immediate,Immediate retention intervention
CUST104276,1,0.9848765,98.49,Critical,Immediate,Immediate retention intervention
CUST125964,1,0.984809,98.48,Critical,Immediate,Immediate retention intervention
CUST107501,0,0.9846635,98.47,Critical,Immediate,Immediate retention intervention
CUST133469,1,0.98463917,98.46,Critical,Immediate,Immediate retention intervention
CUST123741,1,0.9846199,98.46,Critical,Immediate,Immediate retention intervention
CUST131341,1,0.98447025,98.45,Critical,Immediate,Immediate retention intervention
CUST147644,1,0.9844518,98.45,Critical,Immediate,Immediate retention intervention
CUST114323,1,0.98443884,98.44,Critical,Immediate,Immediate retention intervention
CUST114640,1,0.9843664,98.44,Critical,Immediate,Immediate retention intervention
CUST113185,1,0.9843932,98.44,Critical,Immediate,Immediate retention intervention
CUST141777,1,0.98426247,98.43,Critical,Immediate,Immediate retention intervention
CUST107278,1,0.9841638,98.42,Critical,Immediate,Immediate retention intervention
CUST130633,1,0.98419446,98.42,Critical,Immediate,Immediate retention intervention
CUST141163,0,0.98405725,98.41,Critical,Immediate,Immediate retention intervention
CUST121641,1,0.9839924,98.4,Critical,Immediate,Immediate retention intervention
CUST117789,1,0.9837547,98.38,Critical,Immediate,Immediate retention intervention
CUST126356,1,0.9837894,98.38,Critical,Immediate,Immediate retention intervention
CUST108937,1,0.98372376,98.37,Critical,Immediate,Immediate retention intervention
CUST108559,1,0.98360866,98.36,Critical,Immediate,Immediate retention intervention
CUST122875,1,0.9834953,98.35,Critical,Immediate,Immediate retention intervention
CUST117245,1,0.98351467,98.35,Critical,Immediate,Immediate retention intervention
CUST117334,1,0.9831755,98.32,Critical,Immediate,Immediate retention intervention
CUST131324,1,0.983073,98.31,Critical,Immediate,Immediate retention intervention
CUST104387,1,0.9830835,98.31,Critical,Immediate,Immediate retention intervention
CUST118850,1,0.9829965,98.3,Critical,Immediate,Immediate retention intervention
CUST141209,1,0.98281294,98.28,Critical,Immediate,Immediate retention intervention
CUST144925,0,0.9826984,98.27,Critical,Immediate,Immediate retention intervention
CUST121254,1,0.9825575,98.26,Critical,Immediate,Immediate retention intervention
CUST123202,1,0.98254997,98.26,Critical,Immediate,Immediate retention intervention
CUST119271,1,0.98245186,98.25,Critical,Immediate,Immediate retention intervention
CUST137342,1,0.98244965,98.24,Critical,Immediate,Immediate retention intervention
CUST146265,1,0.98244506,98.24,Critical,Immediate,Immediate retention intervention
CUST126014,1,0.98233426,98.23,Critical,Immediate,Immediate retention intervention
CUST110282,1,0.98221064,98.22,Critical,Immediate,Immediate retention intervention
CUST116189,1,0.982239,98.22,Critical,Immediate,Immediate retention intervention
CUST117451,1,0.98201275,98.2,Critical,Immediate,Immediate retention intervention
CUST107684,1,0.98200595,98.2,Critical,Immediate,Immediate retention intervention
CUST105032,1,0.98188305,98.19,Critical,Immediate,Immediate retention intervention
CUST141523,1,0.9818855,98.19,Critical,Immediate,Immediate retention intervention
CUST104335,1,0.9819048,98.19,Critical,Immediate,Immediate retention intervention
CUST122748,1,0.98187387,98.19,Critical,Immediate,Immediate retention intervention
CUST120333,1,0.9818101,98.18,Critical,Immediate,Immediate retention intervention
CUST106416,1,0.98182964,98.18,Critical,Immediate,Immediate retention intervention
CUST124442,1,0.9818434,98.18,Critical,Immediate,Immediate retention intervention
CUST130163,1,0.9817297,98.17,Critical,Immediate,Immediate retention intervention
CUST123014,1,0.98165303,98.17,Critical,Immediate,Immediate retention intervention
CUST133987,1,0.9815765,98.16,Critical,Immediate,Immediate retention intervention
CUST137502,1,0.9815792,98.16,Critical,Immediate,Immediate retention intervention
CUST140827,1,0.98146516,98.15,Critical,Immediate,Immediate retention intervention
CUST128763,1,0.9814301,98.14,Critical,Immediate,Immediate retention intervention
CUST146590,0,0.9813355,98.13,Critical,Immediate,Immediate retention intervention
CUST127299,0,0.9812563,98.13,Critical,Immediate,Immediate retention intervention
CUST131665,1,0.98134756,98.13,Critical,Immediate,Immediate retention intervention
CUST135870,1,0.9811802,98.12,Critical,Immediate,Immediate retention intervention
CUST119541,1,0.9812462,98.12,Critical,Immediate,Immediate retention intervention
CUST102726,1,0.9812445,98.12,Critical,Immediate,Immediate retention intervention
CUST135518,1,0.9811111,98.11,Critical,Immediate,Immediate retention intervention
CUST104357,1,0.98113936,98.11,Critical,Immediate,Immediate retention intervention
CUST119659,1,0.9811257,98.11,Critical,Immediate,Immediate retention intervention
CUST114411,1,0.9810414,98.1,Critical,Immediate,Immediate retention intervention
CUST100608,1,0.9810457,98.1,Critical,Immediate,Immediate retention intervention
CUST112807,1,0.9809306,98.09,Critical,Immediate,Immediate retention intervention
CUST101656,1,0.9807554,98.08,Critical,Immediate,Immediate retention intervention
CUST125479,1,0.98084694,98.08,Critical,Immediate,Immediate retention intervention
CUST140931,1,0.98076737,98.08,Critical,Immediate,Immediate retention intervention
CUST144487,1,0.980666,98.07,Critical,Immediate,Immediate retention intervention
CUST114697,1,0.98056877,98.06,Critical,Immediate,Immediate retention intervention
CUST102680,1,0.98061645,98.06,Critical,Immediate,Immediate retention intervention
CUST114112,1,0.98062354,98.06,Critical,Immediate,Immediate retention intervention
CUST131092,1,0.98060375,98.06,Critical,Immediate,Immediate retention intervention
CUST136325,1,0.9805684,98.06,Critical,Immediate,Immediate retention intervention
CUST121425,1,0.9806473,98.06,Critical,Immediate,Immediate retention intervention
CUST111469,1,0.98046744,98.05,Critical,Immediate,Immediate retention intervention
CUST137189,1,0.9805398,98.05,Critical,Immediate,Immediate retention intervention
CUST105148,1,0.98043203,98.04,Critical,Immediate,Immediate retention intervention
CUST132977,1,0.98038715,98.04,Critical,Immediate,Immediate retention intervention
CUST132977,1,0.98038715,98.04,Critical,Immediate,Immediate retention intervention
CUST114861,1,0.9804208,98.04,Critical,Immediate,Immediate retention intervention
CUST104465,1,0.9802632,98.03,Critical,Immediate,Immediate retention intervention
CUST139658,1,0.9802894,98.03,Critical,Immediate,Immediate retention intervention
CUST129621,1,0.9802986,98.03,Critical,Immediate,Immediate retention intervention
CUST145496,1,0.98030233,98.03,Critical,Immediate,Immediate retention intervention
CUST107498,1,0.98030096,98.03,Critical,Immediate,Immediate retention intervention
CUST126744,1,0.9803022,98.03,Critical,Immediate,Immediate retention intervention
CUST116237,1,0.98021173,98.02,Critical,Immediate,Immediate retention intervention
CUST143349,1,0.9802351,98.02,Critical,Immediate,Immediate retention intervention
CUST104901,1,0.98023,98.02,Critical,Immediate,Immediate retention intervention
CUST135852,1,0.98014534,98.01,Critical,Immediate,Immediate retention intervention
CUST141863,1,0.9800602,98.01,Critical,Immediate,Immediate retention intervention
CUST140494,1,0.98006207,98.01,Critical,Immediate,Immediate retention intervention
CUST119662,1,0.9800724,98.01,Critical,Immediate,Immediate retention intervention
CUST123773,1,0.97990006,97.99,Critical,Immediate,Immediate retention intervention
CUST115011,1,0.9799226,97.99,Critical,Immediate,Immediate retention intervention
CUST140532,1,0.9798937,97.99,Critical,Immediate,Immediate retention intervention
CUST129346,1,0.9798004,97.98,Critical,Immediate,Immediate retention intervention
CUST132017,1,0.97976214,97.98,Critical,Immediate,Immediate retention intervention
CUST121527,1,0.979762,97.98,Critical,Immediate,Immediate retention intervention
CUST137573,1,0.9797655,97.98,Critical,Immediate,Immediate retention intervention
CUST129829,1,0.97979283,97.98,Critical,Immediate,Immediate retention intervention
CUST132602,1,0.9796887,97.97,Critical,Immediate,Immediate retention intervention
CUST115191,1,0.9796595,97.97,Critical,Immediate,Immediate retention intervention
CUST135002,1,0.9796689,97.97,Critical,Immediate,Immediate retention intervention
CUST134453,1,0.9797466,97.97,Critical,Immediate,Immediate retention intervention
CUST131090,1,0.9796276,97.96,Critical,Immediate,Immediate retention intervention
CUST103441,1,0.97959363,97.96,Critical,Immediate,Immediate retention intervention
CUST104293,1,0.9795349,97.95,Critical,Immediate,Immediate retention intervention
CUST133450,1,0.97945887,97.95,Critical,Immediate,Immediate retention intervention
CUST121384,1,0.9794033,97.94,Critical,Immediate,Immediate retention intervention
CUST138691,1,0.9794453,97.94,Critical,Immediate,Immediate retention intervention
CUST147947,1,0.97937644,97.94,Critical,Immediate,Immediate retention intervention
CUST127853,1,0.9794351,97.94,Critical,Immediate,Immediate retention intervention
CUST124273,1,0.9793577,97.94,Critical,Immediate,Immediate retention intervention
CUST132311,1,0.9793897,97.94,Critical,Immediate,Immediate retention intervention
CUST110941,1,0.9792637,97.93,Critical,Immediate,Immediate retention intervention
CUST108111,1,0.97927046,97.93,Critical,Immediate,Immediate retention intervention
CUST110440,1,0.9792916,97.93,Critical,Immediate,Immediate retention intervention
CUST140951,1,0.97929525,97.93,Critical,Immediate,Immediate retention intervention
CUST112355,0,0.9793363,97.93,Critical,Immediate,Immediate retention intervention
CUST124922,1,0.97933674,97.93,Critical,Immediate,Immediate retention intervention
CUST128606,1,0.9792214,97.92,Critical,Immediate,Immediate retention intervention
CUST145498,1,0.9791613,97.92,Critical,Immediate,Immediate retention intervention
CUST104706,1,0.9790588,97.91,Critical,Immediate,Immediate retention intervention
CUST113888,1,0.9791266,97.91,Critical,Immediate,Immediate retention intervention
CUST115641,1,0.97908497,97.91,Critical,Immediate,Immediate retention intervention
CUST115731,1,0.979074,97.91,Critical,Immediate,Immediate retention intervention
CUST101561,1,0.97906405,97.91,Critical,Immediate,Immediate retention intervention
CUST144208,1,0.9790602,97.91,Critical,Immediate,Immediate retention intervention
CUST127027,1,0.9791006,97.91,Critical,Immediate,Immediate retention intervention
CUST137889,1,0.97908884,97.91,Critical,Immediate,Immediate retention intervention
CUST124552,1,0.97903925,97.9,Critical,Immediate,Immediate retention intervention
CUST140713,1,0.9790238,97.9,Critical,Immediate,Immediate retention intervention
CUST104988,1,0.9789829,97.9,Critical,Immediate,Immediate retention intervention
CUST144069,1,0.9790415,97.9,Critical,Immediate,Immediate retention intervention
CUST109509,1,0.97897905,97.9,Critical,Immediate,Immediate retention intervention
CUST142840,1,0.978962,97.9,Critical,Immediate,Immediate retention intervention
CUST145625,1,0.9789251,97.89,Critical,Immediate,Immediate retention intervention
CUST143234,1,0.9789235,97.89,Critical,Immediate,Immediate retention intervention
CUST127697,1,0.9788673,97.89,Critical,Immediate,Immediate retention intervention
CUST135512,1,0.97882324,97.88,Critical,Immediate,Immediate retention intervention
CUST114052,1,0.9787732,97.88,Critical,Immediate,Immediate retention intervention
CUST133426,1,0.97878116,97.88,Critical,Immediate,Immediate retention intervention
CUST124026,1,0.97865593,97.87,Critical,Immediate,Immediate retention intervention
CUST106183,1,0.9787163,97.87,Critical,Immediate,Immediate retention intervention
CUST139348,1,0.97870284,97.87,Critical,Immediate,Immediate retention intervention
CUST106282,1,0.97870797,97.87,Critical,Immediate,Immediate retention intervention
CUST144734,1,0.9786846,97.87,Critical,Immediate,Immediate retention intervention
CUST102463,1,0.9786621,97.87,Critical,Immediate,Immediate retention intervention
CUST115851,1,0.9787163,97.87,Critical,Immediate,Immediate retention intervention
CUST118532,1,0.978558,97.86,Critical,Immediate,Immediate retention intervention
CUST104783,1,0.97856516,97.86,Critical,Immediate,Immediate retention intervention
CUST106844,1,0.9785792,97.86,Critical,Immediate,Immediate retention intervention
CUST142686,1,0.9785282,97.85,Critical,Immediate,Immediate retention intervention
CUST126905,1,0.9785388,97.85,Critical,Immediate,Immediate retention intervention
CUST116795,0,0.9783635,97.84,Critical,Immediate,Immediate retention intervention
CUST113785,1,0.978395,97.84,Critical,Immediate,Immediate retention intervention
CUST129624,1,0.97841746,97.84,Critical,Immediate,Immediate retention intervention
CUST115431,1,0.9783875,97.84,Critical,Immediate,Immediate retention intervention
CUST123956,1,0.97838527,97.84,Critical,Immediate,Immediate retention intervention
CUST116697,1,0.97844714,97.84,Critical,Immediate,Immediate retention intervention
CUST112459,1,0.97836816,97.84,Critical,Immediate,Immediate retention intervention
CUST126295,1,0.9784436,97.84,Critical,Immediate,Immediate retention intervention
CUST129871,1,0.97834456,97.83,Critical,Immediate,Immediate retention intervention
CUST137846,1,0.9782624,97.83,Critical,Immediate,Immediate retention intervention
CUST106932,1,0.97833383,97.83,Critical,Immediate,Immediate retention intervention
CUST100128,1,0.9782249,97.82,Critical,Immediate,Immediate retention intervention
CUST121460,1,0.97824794,97.82,Critical,Immediate,Immediate retention intervention
CUST131169,1,0.97816956,97.82,Critical,Immediate,Immediate retention intervention
CUST132373,1,0.9781794,97.82,Critical,Immediate,Immediate retention intervention
CUST100553,1,0.9781251,97.81,Critical,Immediate,Immediate retention intervention
CUST136618,1,0.97814846,97.81,Critical,Immediate,Immediate retention intervention
CUST124002,1,0.9780426,97.8,Critical,Immediate,Immediate retention intervention
CUST141458,1,0.97795355,97.8,Critical,Immediate,Immediate retention intervention
CUST119725,1,0.9779399,97.79,Critical,Immediate,Immediate retention intervention
CUST128817,1,0.9778928,97.79,Critical,Immediate,Immediate retention intervention
CUST119725,1,0.9779399,97.79,Critical,Immediate,Immediate retention intervention
CUST139840,1,0.9779074,97.79,Critical,Immediate,Immediate retention intervention
CUST110508,1,0.97789073,97.79,Critical,Immediate,Immediate retention intervention
CUST103626,1,0.9779443,97.79,Critical,Immediate,Immediate retention intervention
CUST115183,1,0.97789586,97.79,Critical,Immediate,Immediate retention intervention
CUST117665,1,0.9777975,97.78,Critical,Immediate,Immediate retention intervention
CUST105015,1,0.97776526,97.78,Critical,Immediate,Immediate retention intervention
CUST138159,1,0.977763,97.78,Critical,Immediate,Immediate retention intervention
CUST120670,0,0.9778115,97.78,Critical,Immediate,Immediate retention intervention
CUST141320,1,0.9777696,97.78,Critical,Immediate,Immediate retention intervention
CUST115888,1,0.97781813,97.78,Critical,Immediate,Immediate retention intervention
CUST123636,1,0.9777232,97.77,Critical,Immediate,Immediate retention intervention
CUST128839,0,0.97767216,97.77,Critical,Immediate,Immediate retention intervention
CUST128821,1,0.97765076,97.77,Critical,Immediate,Immediate retention intervention
CUST147491,1,0.9775558,97.76,Critical,Immediate,Immediate retention intervention
CUST105874,1,0.97755706,97.76,Critical,Immediate,Immediate retention intervention
CUST102847,1,0.9775853,97.76,Critical,Immediate,Immediate retention intervention
CUST140065,1,0.97758377,97.76,Critical,Immediate,Immediate retention intervention
CUST102847,1,0.9775853,97.76,Critical,Immediate,Immediate retention intervention
CUST136513,0,0.9776199,97.76,Critical,Immediate,Immediate retention intervention
CUST125494,1,0.9775702,97.76,Critical,Immediate,Immediate retention intervention
CUST136589,1,0.97748625,97.75,Critical,Immediate,Immediate retention intervention
CUST104179,1,0.97748977,97.75,Critical,Immediate,Immediate retention intervention
CUST110630,1,0.97754675,97.75,Critical,Immediate,Immediate retention intervention
CUST141728,1,0.9775293,97.75,Critical,Immediate,Immediate retention intervention
CUST143600,1,0.97736484,97.74,Critical,Immediate,Immediate retention intervention
CUST128863,1,0.9774499,97.74,Critical,Immediate,Immediate retention intervention
CUST111458,1,0.9774187,97.74,Critical,Immediate,Immediate retention intervention
CUST122159,1,0.9773393,97.73,Critical,Immediate,Immediate retention intervention
CUST132119,1,0.9772923,97.73,Critical,Immediate,Immediate retention intervention
CUST117505,1,0.9772659,97.73,Critical,Immediate,Immediate retention intervention
CUST141264,1,0.9772216,97.72,Critical,Immediate,Immediate retention intervention
CUST109477,1,0.9771897,97.72,Critical,Immediate,Immediate retention intervention
CUST122548,1,0.9771543,97.72,Critical,Immediate,Immediate retention intervention
CUST117268,1,0.97708976,97.71,Critical,Immediate,Immediate retention intervention
CUST117503,1,0.97711676,97.71,Critical,Immediate,Immediate retention intervention
CUST128138,1,0.977111,97.71,Critical,Immediate,Immediate retention intervention
CUST101832,1,0.97703767,97.7,Critical,Immediate,Immediate retention intervention
CUST101720,1,0.9769577,97.7,Critical,Immediate,Immediate retention intervention
CUST129009,1,0.9769959,97.7,Critical,Immediate,Immediate retention intervention
CUST141715,1,0.9770174,97.7,Critical,Immediate,Immediate retention intervention
CUST100072,1,0.97697544,97.7,Critical,Immediate,Immediate retention intervention
CUST128008,1,0.97694665,97.69,Critical,Immediate,Immediate retention intervention
CUST140024,1,0.9769422,97.69,Critical,Immediate,Immediate retention intervention
CUST146421,1,0.976932,97.69,Critical,Immediate,Immediate retention intervention
CUST129848,1,0.9767566,97.68,Critical,Immediate,Immediate retention intervention
CUST109777,1,0.97683775,97.68,Critical,Immediate,Immediate retention intervention
CUST107853,1,0.9767661,97.68,Critical,Immediate,Immediate retention intervention
CUST123823,1,0.9767413,97.67,Critical,Immediate,Immediate retention intervention
CUST121167,0,0.9766962,97.67,Critical,Immediate,Immediate retention intervention
CUST122068,1,0.9766817,97.67,Critical,Immediate,Immediate retention intervention
CUST124282,1,0.9767154,97.67,Critical,Immediate,Immediate retention intervention
CUST143095,1,0.9766574,97.67,Critical,Immediate,Immediate retention intervention
CUST147579,1,0.97669446,97.67,Critical,Immediate,Immediate retention intervention
CUST139471,1,0.9767099,97.67,Critical,Immediate,Immediate retention intervention
CUST126244,1,0.9767085,97.67,Critical,Immediate,Immediate retention intervention
CUST112946,1,0.976644,97.66,Critical,Immediate,Immediate retention intervention
CUST124930,1,0.9766233,97.66,Critical,Immediate,Immediate retention intervention
CUST118304,1,0.97659165,97.66,Critical,Immediate,Immediate retention intervention
CUST117692,1,0.97659576,97.66,Critical,Immediate,Immediate retention intervention
CUST108572,1,0.9765785,97.66,Critical,Immediate,Immediate retention intervention
CUST132838,1,0.9766392,97.66,Critical,Immediate,Immediate retention intervention
CUST104242,1,0.9765054,97.65,Critical,Immediate,Immediate retention intervention
CUST103906,1,0.9765345,97.65,Critical,Immediate,Immediate retention intervention
CUST113858,1,0.9764509,97.65,Critical,Immediate,Immediate retention intervention
CUST125747,1,0.9764613,97.65,Critical,Immediate,Immediate retention intervention
CUST103468,1,0.9765168,97.65,Critical,Immediate,Immediate retention intervention
CUST136630,1,0.976499,97.65,Critical,Immediate,Immediate retention intervention
CUST146386,1,0.9765394,97.65,Critical,Immediate,Immediate retention intervention
CUST142915,1,0.97650206,97.65,Critical,Immediate,Immediate retention intervention
CUST134648,1,0.97643524,97.64,Critical,Immediate,Immediate retention intervention
CUST146907,1,0.976443,97.64,Critical,Immediate,Immediate retention intervention
CUST146139,1,0.97638786,97.64,Critical,Immediate,Immediate retention intervention
CUST110441,1,0.9764282,97.64,Critical,Immediate,Immediate retention intervention
CUST137392,0,0.97643363,97.64,Critical,Immediate,Immediate retention intervention
CUST130869,1,0.976355,97.64,Critical,Immediate,Immediate retention intervention
CUST113884,1,0.9764321,97.64,Critical,Immediate,Immediate retention intervention
CUST144770,1,0.97627527,97.63,Critical,Immediate,Immediate retention intervention
CUST145267,1,0.9762748,97.63,Critical,Immediate,Immediate retention intervention
CUST142213,1,0.97634125,97.63,Critical,Immediate,Immediate retention intervention
CUST136007,1,0.9763417,97.63,Critical,Immediate,Immediate retention intervention
CUST124603,1,0.9763075,97.63,Critical,Immediate,Immediate retention intervention
CUST133931,1,0.9761722,97.62,Critical,Immediate,Immediate retention intervention
CUST124868,1,0.97619027,97.62,Critical,Immediate,Immediate retention intervention
CUST114105,1,0.976185,97.62,Critical,Immediate,Immediate retention intervention
CUST134862,1,0.97620684,97.62,Critical,Immediate,Immediate retention intervention
CUST138605,1,0.9761427,97.61,Critical,Immediate,Immediate retention intervention
CUST140626,1,0.9760566,97.61,Critical,Immediate,Immediate retention intervention
CUST132576,1,0.97607553,97.61,Critical,Immediate,Immediate retention intervention
CUST104220,1,0.9761292,97.61,Critical,Immediate,Immediate retention intervention
CUST112546,1,0.97612816,97.61,Critical,Immediate,Immediate retention intervention
CUST124639,1,0.976075,97.61,Critical,Immediate,Immediate retention intervention
CUST142456,1,0.9761105,97.61,Critical,Immediate,Immediate retention intervention
CUST131377,0,0.97600615,97.6,Critical,Immediate,Immediate retention intervention
CUST112703,1,0.9759906,97.6,Critical,Immediate,Immediate retention intervention
CUST144642,1,0.9759913,97.6,Critical,Immediate,Immediate retention intervention
CUST134382,1,0.97589934,97.59,Critical,Immediate,Immediate retention intervention
CUST127165,1,0.9757981,97.58,Critical,Immediate,Immediate retention intervention
CUST118565,1,0.97579944,97.58,Critical,Immediate,Immediate retention intervention
CUST123447,1,0.97571635,97.57,Critical,Immediate,Immediate retention intervention
CUST119316,1,0.97571474,97.57,Critical,Immediate,Immediate retention intervention
CUST127189,1,0.9757096,97.57,Critical,Immediate,Immediate retention intervention
CUST120520,1,0.97574586,97.57,Critical,Immediate,Immediate retention intervention
CUST103616,0,0.9756597,97.57,Critical,Immediate,Immediate retention intervention
CUST145813,1,0.9757036,97.57,Critical,Immediate,Immediate retention intervention
CUST124960,1,0.9755553,97.56,Critical,Immediate,Immediate retention intervention
CUST113825,1,0.9756412,97.56,Critical,Immediate,Immediate retention intervention
CUST127823,1,0.97556406,97.56,Critical,Immediate,Immediate retention intervention
CUST115260,1,0.97562927,97.56,Critical,Immediate,Immediate retention intervention
CUST108845,1,0.97556734,97.56,Critical,Immediate,Immediate retention intervention
CUST129258,1,0.9756153,97.56,Critical,Immediate,Immediate retention intervention
CUST104702,1,0.9754853,97.55,Critical,Immediate,Immediate retention intervention
CUST103835,1,0.97554094,97.55,Critical,Immediate,Immediate retention intervention
CUST118477,1,0.9754875,97.55,Critical,Immediate,Immediate retention intervention
CUST105144,1,0.9754655,97.55,Critical,Immediate,Immediate retention intervention
CUST141137,1,0.97545165,97.55,Critical,Immediate,Immediate retention intervention
CUST113798,1,0.97542655,97.54,Critical,Immediate,Immediate retention intervention
CUST144878,1,0.9753856,97.54,Critical,Immediate,Immediate retention intervention
CUST138944,1,0.9754336,97.54,Critical,Immediate,Immediate retention intervention
CUST144939,1,0.9753549,97.54,Critical,Immediate,Immediate retention intervention
CUST141388,1,0.97542137,97.54,Critical,Immediate,Immediate retention intervention
CUST144837,1,0.97543675,97.54,Critical,Immediate,Immediate retention intervention
CUST140482,1,0.97544086,97.54,Critical,Immediate,Immediate retention intervention
CUST122050,1,0.97536725,97.54,Critical,Immediate,Immediate retention intervention
CUST139991,1,0.9752728,97.53,Critical,Immediate,Immediate retention intervention
CUST124281,1,0.9753086,97.53,Critical,Immediate,Immediate retention intervention
CUST143269,1,0.9752941,97.53,Critical,Immediate,Immediate retention intervention
CUST104161,1,0.9752738,97.53,Critical,Immediate,Immediate retention intervention
CUST113365,0,0.97519207,97.52,Critical,Immediate,Immediate retention intervention
CUST137962,1,0.9752396,97.52,Critical,Immediate,Immediate retention intervention
CUST144306,1,0.975154,97.52,Critical,Immediate,Immediate retention intervention
CUST140038,1,0.97518563,97.52,Critical,Immediate,Immediate retention intervention
CUST102500,0,0.975089,97.51,Critical,Immediate,Immediate retention intervention
CUST141343,1,0.9750872,97.51,Critical,Immediate,Immediate retention intervention
CUST120954,1,0.9751381,97.51,Critical,Immediate,Immediate retention intervention
CUST139992,1,0.97510344,97.51,Critical,Immediate,Immediate retention intervention
CUST130356,0,0.97503245,97.5,Critical,Immediate,Immediate retention intervention
CUST101429,1,0.9750039,97.5,Critical,Immediate,Immediate retention intervention
CUST112431,1,0.97501636,97.5,Critical,Immediate,Immediate retention intervention
CUST111526,1,0.9749715,97.5,Critical,Immediate,Immediate retention intervention
CUST141383,1,0.9749902,97.5,Critical,Immediate,Immediate retention intervention
CUST135008,1,0.97499096,97.5,Critical,Immediate,Immediate retention intervention
CUST129993,1,0.9748549,97.49,Critical,Immediate,Immediate retention intervention
CUST118676,1,0.9749492,97.49,Critical,Immediate,Immediate retention intervention
CUST139602,1,0.974853,97.49,Critical,Immediate,Immediate retention intervention
CUST121528,1,0.9748702,97.49,Critical,Immediate,Immediate retention intervention
CUST109110,1,0.974878,97.49,Critical,Immediate,Immediate retention intervention
CUST134710,1,0.974883,97.49,Critical,Immediate,Immediate retention intervention
CUST105459,1,0.974857,97.49,Critical,Immediate,Immediate retention intervention
CUST138815,1,0.9749395,97.49,Critical,Immediate,Immediate retention intervention
CUST145900,1,0.97478217,97.48,Critical,Immediate,Immediate retention intervention
CUST136746,1,0.9748409,97.48,Critical,Immediate,Immediate retention intervention
CUST132321,1,0.97483134,97.48,Critical,Immediate,Immediate retention intervention
CUST130559,1,0.9747669,97.48,Critical,Immediate,Immediate retention intervention
CUST131734,1,0.97479826,97.48,Critical,Immediate,Immediate retention intervention
CUST142208,1,0.97476804,97.48,Critical,Immediate,Immediate retention intervention
CUST120021,1,0.9747526,97.48,Critical,Immediate,Immediate retention intervention
CUST119508,1,0.97478354,97.48,Critical,Immediate,Immediate retention intervention
CUST121803,1,0.9747808,97.48,Critical,Immediate,Immediate retention intervention
CUST116229,1,0.97477144,97.48,Critical,Immediate,Immediate retention intervention
CUST106237,1,0.9748028,97.48,Critical,Immediate,Immediate retention intervention
CUST125492,1,0.9747515,97.48,Critical,Immediate,Immediate retention intervention
CUST136766,1,0.97471607,97.47,Critical,Immediate,Immediate retention intervention
CUST134288,1,0.9746731,97.47,Critical,Immediate,Immediate retention intervention
CUST135914,1,0.97473633,97.47,Critical,Immediate,Immediate retention intervention
CUST100758,1,0.9745874,97.46,Critical,Immediate,Immediate retention intervention
CUST131577,1,0.9745532,97.46,Critical,Immediate,Immediate retention intervention
CUST130065,1,0.9746411,97.46,Critical,Immediate,Immediate retention intervention
CUST126291,1,0.9745721,97.46,Critical,Immediate,Immediate retention intervention
CUST115407,1,0.97463846,97.46,Critical,Immediate,Immediate retention intervention
CUST132137,0,0.97459704,97.46,Critical,Immediate,Immediate retention intervention
CUST115464,1,0.97457063,97.46,Critical,Immediate,Immediate retention intervention
CUST119597,1,0.9745593,97.46,Critical,Immediate,Immediate retention intervention
CUST119556,1,0.9744899,97.45,Critical,Immediate,Immediate retention intervention
CUST100110,1,0.9745412,97.45,Critical,Immediate,Immediate retention intervention
CUST104208,1,0.97448766,97.45,Critical,Immediate,Immediate retention intervention
CUST145984,1,0.9745141,97.45,Critical,Immediate,Immediate retention intervention
CUST139709,1,0.97452193,97.45,Critical,Immediate,Immediate retention intervention
CUST104087,1,0.9745062,97.45,Critical,Immediate,Immediate retention intervention
CUST141784,1,0.97447973,97.45,Critical,Immediate,Immediate retention intervention
CUST106628,1,0.9743746,97.44,Critical,Immediate,Immediate retention intervention
CUST139385,1,0.97440505,97.44,Critical,Immediate,Immediate retention intervention
CUST100455,1,0.9743347,97.43,Critical,Immediate,Immediate retention intervention
CUST132398,1,0.97429854,97.43,Critical,Immediate,Immediate retention intervention
CUST105967,1,0.9742603,97.43,Critical,Immediate,Immediate retention intervention
CUST121589,1,0.97431344,97.43,Critical,Immediate,Immediate retention intervention
CUST138581,0,0.9743025,97.43,Critical,Immediate,Immediate retention intervention
CUST104836,1,0.9742809,97.43,Critical,Immediate,Immediate retention intervention
CUST114160,1,0.9743189,97.43,Critical,Immediate,Immediate retention intervention
CUST103942,1,0.97429806,97.43,Critical,Immediate,Immediate retention intervention
CUST107728,1,0.97431165,97.43,Critical,Immediate,Immediate retention intervention
CUST105248,1,0.97428644,97.43,Critical,Immediate,Immediate retention intervention
CUST135924,1,0.97415245,97.42,Critical,Immediate,Immediate retention intervention
CUST131398,1,0.9742285,97.42,Critical,Immediate,Immediate retention intervention
CUST108476,1,0.9742477,97.42,Critical,Immediate,Immediate retention intervention
CUST126300,1,0.97422874,97.42,Critical,Immediate,Immediate retention intervention
CUST131583,1,0.97421026,97.42,Critical,Immediate,Immediate retention intervention
CUST140418,1,0.97418547,97.42,Critical,Immediate,Immediate retention intervention
CUST104532,1,0.97414637,97.41,Critical,Immediate,Immediate retention intervention
CUST117816,1,0.9741485,97.41,Critical,Immediate,Immediate retention intervention
CUST136692,1,0.9741123,97.41,Critical,Immediate,Immediate retention intervention
CUST115604,1,0.97407687,97.41,Critical,Immediate,Immediate retention intervention
CUST141688,1,0.9741115,97.41,Critical,Immediate,Immediate retention intervention
CUST107260,1,0.9741125,97.41,Critical,Immediate,Immediate retention intervention
CUST102447,1,0.9740942,97.41,Critical,Immediate,Immediate retention intervention
CUST122647,1,0.9740589,97.41,Critical,Immediate,Immediate retention intervention
CUST117613,1,0.9739726,97.4,Critical,Immediate,Immediate retention intervention
CUST115585,1,0.97404623,97.4,Critical,Immediate,Immediate retention intervention
CUST133641,1,0.9739578,97.4,Critical,Immediate,Immediate retention intervention
CUST108034,1,0.97398674,97.4,Critical,Immediate,Immediate retention intervention
CUST139393,1,0.9739837,97.4,Critical,Immediate,Immediate retention intervention
CUST137779,0,0.9740133,97.4,Critical,Immediate,Immediate retention intervention
CUST135425,1,0.9739658,97.4,Critical,Immediate,Immediate retention intervention
CUST108254,1,0.9738723,97.39,Critical,Immediate,Immediate retention intervention
CUST144354,1,0.97389734,97.39,Critical,Immediate,Immediate retention intervention
CUST136643,1,0.9738589,97.39,Critical,Immediate,Immediate retention intervention
CUST107265,1,0.9739105,97.39,Critical,Immediate,Immediate retention intervention
CUST137793,1,0.9738798,97.39,Critical,Immediate,Immediate retention intervention
CUST133073,1,0.9738878,97.39,Critical,Immediate,Immediate retention intervention
CUST145609,1,0.97386485,97.39,Critical,Immediate,Immediate retention intervention
CUST111773,1,0.97382516,97.38,Critical,Immediate,Immediate retention intervention
CUST114913,1,0.97381604,97.38,Critical,Immediate,Immediate retention intervention
CUST123972,1,0.9737949,97.38,Critical,Immediate,Immediate retention intervention
CUST103523,1,0.9737988,97.38,Critical,Immediate,Immediate retention intervention
CUST124486,1,0.9737505,97.38,Critical,Immediate,Immediate retention intervention
CUST109803,1,0.9737766,97.38,Critical,Immediate,Immediate retention intervention
CUST146477,1,0.9736797,97.37,Critical,Immediate,Immediate retention intervention
CUST109690,1,0.9736935,97.37,Critical,Immediate,Immediate retention intervention
CUST131966,0,0.9737438,97.37,Critical,Immediate,Immediate retention intervention
CUST145302,1,0.9737362,97.37,Critical,Immediate,Immediate retention intervention
CUST121531,1,0.9735954,97.36,Critical,Immediate,Immediate retention intervention
CUST114158,1,0.97355413,97.36,Critical,Immediate,Immediate retention intervention
CUST134619,1,0.9736343,97.36,Critical,Immediate,Immediate retention intervention
CUST138935,1,0.973583,97.36,Critical,Immediate,Immediate retention intervention
CUST137350,0,0.97355586,97.36,Critical,Immediate,Immediate retention intervention
CUST143170,1,0.97360694,97.36,Critical,Immediate,Immediate retention intervention
CUST114787,1,0.9735537,97.36,Critical,Immediate,Immediate retention intervention
CUST142468,1,0.97356874,97.36,Critical,Immediate,Immediate retention intervention
CUST140207,1,0.9736397,97.36,Critical,Immediate,Immediate retention intervention
CUST125884,0,0.9734837,97.35,Critical,Immediate,Immediate retention intervention
CUST146503,1,0.9735357,97.35,Critical,Immediate,Immediate retention intervention
CUST143251,1,0.97347736,97.35,Critical,Immediate,Immediate retention intervention
CUST130009,1,0.9734666,97.35,Critical,Immediate,Immediate retention intervention
CUST135725,1,0.97346616,97.35,Critical,Immediate,Immediate retention intervention
CUST109446,1,0.97354287,97.35,Critical,Immediate,Immediate retention intervention
CUST131026,1,0.9734625,97.35,Critical,Immediate,Immediate retention intervention
CUST107028,1,0.97339964,97.34,Critical,Immediate,Immediate retention intervention
CUST125776,1,0.9733532,97.34,Critical,Immediate,Immediate retention intervention
CUST144562,1,0.97339094,97.34,Critical,Immediate,Immediate retention intervention
CUST113885,1,0.97334605,97.33,Critical,Immediate,Immediate retention intervention
CUST120578,1,0.9732728,97.33,Critical,Immediate,Immediate retention intervention
CUST113883,1,0.973331,97.33,Critical,Immediate,Immediate retention intervention
CUST147714,0,0.97327536,97.33,Critical,Immediate,Immediate retention intervention
CUST142478,1,0.9733229,97.33,Critical,Immediate,Immediate retention intervention
CUST103227,1,0.9732945,97.33,Critical,Immediate,Immediate retention intervention
CUST144908,1,0.97332597,97.33,Critical,Immediate,Immediate retention intervention
CUST101089,1,0.9733227,97.33,Critical,Immediate,Immediate retention intervention
CUST137518,1,0.9732038,97.32,Critical,Immediate,Immediate retention intervention
CUST117764,1,0.9731933,97.32,Critical,Immediate,Immediate retention intervention
CUST109674,1,0.97319084,97.32,Critical,Immediate,Immediate retention intervention
CUST124006,1,0.97315705,97.32,Critical,Immediate,Immediate retention intervention
CUST105254,0,0.9731818,97.32,Critical,Immediate,Immediate retention intervention
CUST113650,1,0.97317207,97.32,Critical,Immediate,Immediate retention intervention
CUST126979,1,0.9731916,97.32,Critical,Immediate,Immediate retention intervention
CUST137485,1,0.97323,97.32,Critical,Immediate,Immediate retention intervention
CUST147751,1,0.97308797,97.31,Critical,Immediate,Immediate retention intervention
CUST147666,1,0.973077,97.31,Critical,Immediate,Immediate retention intervention
CUST102420,1,0.9731069,97.31,Critical,Immediate,Immediate retention intervention
CUST146922,1,0.9730769,97.31,Critical,Immediate,Immediate retention intervention
CUST135356,1,0.97304654,97.3,Critical,Immediate,Immediate retention intervention
CUST130011,0,0.9730376,97.3,Critical,Immediate,Immediate retention intervention
CUST123272,1,0.9730146,97.3,Critical,Immediate,Immediate retention intervention
CUST118282,1,0.97295064,97.3,Critical,Immediate,Immediate retention intervention
CUST143881,1,0.973047,97.3,Critical,Immediate,Immediate retention intervention
CUST115663,1,0.9729251,97.29,Critical,Immediate,Immediate retention intervention
CUST120769,1,0.9729277,97.29,Critical,Immediate,Immediate retention intervention
CUST134350,1,0.9728811,97.29,Critical,Immediate,Immediate retention intervention
CUST129870,1,0.97285604,97.29,Critical,Immediate,Immediate retention intervention
CUST140939,1,0.9728802,97.29,Critical,Immediate,Immediate retention intervention
CUST140987,1,0.9728529,97.29,Critical,Immediate,Immediate retention intervention
CUST128372,1,0.9729222,97.29,Critical,Immediate,Immediate retention intervention
CUST106554,1,0.9729446,97.29,Critical,Immediate,Immediate retention intervention
CUST131163,1,0.9729373,97.29,Critical,Immediate,Immediate retention intervention
CUST124622,1,0.9728961,97.29,Critical,Immediate,Immediate retention intervention
CUST126348,1,0.97285867,97.29,Critical,Immediate,Immediate retention intervention
CUST131416,1,0.9727868,97.28,Critical,Immediate,Immediate retention intervention
CUST106615,1,0.97279054,97.28,Critical,Immediate,Immediate retention intervention
CUST101142,1,0.9728017,97.28,Critical,Immediate,Immediate retention intervention
CUST106613,1,0.9728224,97.28,Critical,Immediate,Immediate retention intervention
CUST132385,1,0.9727606,97.28,Critical,Immediate,Immediate retention intervention
CUST141464,1,0.97278625,97.28,Critical,Immediate,Immediate retention intervention
CUST111324,1,0.97280854,97.28,Critical,Immediate,Immediate retention intervention
CUST143560,1,0.97275263,97.28,Critical,Immediate,Immediate retention intervention
CUST138836,1,0.9728062,97.28,Critical,Immediate,Immediate retention intervention
CUST117191,1,0.97279197,97.28,Critical,Immediate,Immediate retention intervention
CUST135686,1,0.9727912,97.28,Critical,Immediate,Immediate retention intervention
CUST111210,1,0.97278124,97.28,Critical,Immediate,Immediate retention intervention
CUST118817,1,0.9727886,97.28,Critical,Immediate,Immediate retention intervention
CUST114740,1,0.9727538,97.28,Critical,Immediate,Immediate retention intervention
CUST120367,1,0.97277373,97.28,Critical,Immediate,Immediate retention intervention
CUST110571,1,0.972714,97.27,Critical,Immediate,Immediate retention intervention
CUST145207,1,0.9726519,97.27,Critical,Immediate,Immediate retention intervention
CUST132881,1,0.97270334,97.27,Critical,Immediate,Immediate retention intervention
CUST126809,1,0.97267735,97.27,Critical,Immediate,Immediate retention intervention
CUST136931,1,0.97273535,97.27,Critical,Immediate,Immediate retention intervention
CUST101868,1,0.9727305,97.27,Critical,Immediate,Immediate retention intervention
CUST118919,1,0.9726326,97.26,Critical,Immediate,Immediate retention intervention
CUST130146,1,0.9725936,97.26,Critical,Immediate,Immediate retention intervention
CUST138714,1,0.9726334,97.26,Critical,Immediate,Immediate retention intervention
CUST102564,1,0.9725653,97.26,Critical,Immediate,Immediate retention intervention
CUST141378,1,0.9725972,97.26,Critical,Immediate,Immediate retention intervention
CUST130530,1,0.9726264,97.26,Critical,Immediate,Immediate retention intervention
CUST125791,1,0.97253597,97.25,Critical,Immediate,Immediate retention intervention
CUST110179,1,0.97251475,97.25,Critical,Immediate,Immediate retention intervention
CUST132241,1,0.97250926,97.25,Critical,Immediate,Immediate retention intervention
CUST103977,1,0.9723756,97.24,Critical,Immediate,Immediate retention intervention
CUST106835,1,0.9724057,97.24,Critical,Immediate,Immediate retention intervention
CUST113154,0,0.9723989,97.24,Critical,Immediate,Immediate retention intervention
CUST128344,1,0.9724224,97.24,Critical,Immediate,Immediate retention intervention
CUST111383,1,0.9723953,97.24,Critical,Immediate,Immediate retention intervention
CUST119896,1,0.9723991,97.24,Critical,Immediate,Immediate retention intervention
CUST139038,1,0.97242707,97.24,Critical,Immediate,Immediate retention intervention
CUST143270,1,0.9723036,97.23,Critical,Immediate,Immediate retention intervention
CUST132531,1,0.9722643,97.23,Critical,Immediate,Immediate retention intervention
CUST118215,1,0.9723211,97.23,Critical,Immediate,Immediate retention intervention
CUST127649,1,0.97234464,97.23,Critical,Immediate,Immediate retention intervention
CUST134602,1,0.97234285,97.23,Critical,Immediate,Immediate retention intervention
CUST134765,1,0.9723265,97.23,Critical,Immediate,Immediate retention intervention
CUST125486,1,0.9723156,97.23,Critical,Immediate,Immediate retention intervention
CUST110001,0,0.9722878,97.23,Critical,Immediate,Immediate retention intervention
CUST143942,1,0.9721966,97.22,Critical,Immediate,Immediate retention intervention
CUST145505,1,0.97218215,97.22,Critical,Immediate,Immediate retention intervention
CUST142677,1,0.97224873,97.22,Critical,Immediate,Immediate retention intervention
CUST138007,1,0.97219694,97.22,Critical,Immediate,Immediate retention intervention
CUST109071,1,0.9722321,97.22,Critical,Immediate,Immediate retention intervention
CUST124120,1,0.9722226,97.22,Critical,Immediate,Immediate retention intervention
CUST127965,0,0.9722207,97.22,Critical,Immediate,Immediate retention intervention
CUST120532,1,0.9721581,97.22,Critical,Immediate,Immediate retention intervention
CUST141285,1,0.9721696,97.22,Critical,Immediate,Immediate retention intervention
CUST125836,1,0.972226,97.22,Critical,Immediate,Immediate retention intervention
CUST104085,1,0.97215503,97.22,Critical,Immediate,Immediate retention intervention
CUST123581,1,0.9721887,97.22,Critical,Immediate,Immediate retention intervention
CUST103471,1,0.97222924,97.22,Critical,Immediate,Immediate retention intervention
CUST141421,1,0.9721932,97.22,Critical,Immediate,Immediate retention intervention
CUST116711,0,0.97210276,97.21,Critical,Immediate,Immediate retention intervention
CUST117412,1,0.9720704,97.21,Critical,Immediate,Immediate retention intervention
CUST108289,1,0.97207505,97.21,Critical,Immediate,Immediate retention intervention
CUST117150,1,0.97205395,97.21,Critical,Immediate,Immediate retention intervention
CUST124746,1,0.97211987,97.21,Critical,Immediate,Immediate retention intervention
CUST121876,1,0.9721176,97.21,Critical,Immediate,Immediate retention intervention
CUST111731,1,0.97212076,97.21,Critical,Immediate,Immediate retention intervention
CUST133278,1,0.97199976,97.2,Critical,Immediate,Immediate retention intervention
CUST112506,1,0.97204065,97.2,Critical,Immediate,Immediate retention intervention
CUST139496,1,0.9719659,97.2,Critical,Immediate,Immediate retention intervention
CUST102039,1,0.9720044,97.2,Critical,Immediate,Immediate retention intervention
CUST147142,1,0.97191817,97.19,Critical,Immediate,Immediate retention intervention
CUST120376,1,0.97190994,97.19,Critical,Immediate,Immediate retention intervention
CUST111406,1,0.97192985,97.19,Critical,Immediate,Immediate retention intervention
CUST137846,1,0.97189564,97.19,Critical,Immediate,Immediate retention intervention
CUST125677,1,0.97185814,97.19,Critical,Immediate,Immediate retention intervention
CUST138073,1,0.9718872,97.19,Critical,Immediate,Immediate retention intervention
CUST129384,1,0.97190934,97.19,Critical,Immediate,Immediate retention intervention
CUST110038,1,0.97193336,97.19,Critical,Immediate,Immediate retention intervention
CUST108250,1,0.9717932,97.18,Critical,Immediate,Immediate retention intervention
CUST102904,1,0.9718283,97.18,Critical,Immediate,Immediate retention intervention
CUST147206,1,0.971806,97.18,Critical,Immediate,Immediate retention intervention
CUST121116,1,0.9718188,97.18,Critical,Immediate,Immediate retention intervention
CUST143635,1,0.9717561,97.18,Critical,Immediate,Immediate retention intervention
CUST144835,1,0.9718483,97.18,Critical,Immediate,Immediate retention intervention
CUST136779,1,0.9718236,97.18,Critical,Immediate,Immediate retention intervention
CUST105066,1,0.9717647,97.18,Critical,Immediate,Immediate retention intervention
CUST119033,1,0.97183347,97.18,Critical,Immediate,Immediate retention intervention
CUST125214,1,0.97182107,97.18,Critical,Immediate,Immediate retention intervention
CUST141213,1,0.97184753,97.18,Critical,Immediate,Immediate retention intervention
CUST112552,1,0.97178954,97.18,Critical,Immediate,Immediate retention intervention
CUST115445,1,0.9717799,97.18,Critical,Immediate,Immediate retention intervention
CUST130512,1,0.97184414,97.18,Critical,Immediate,Immediate retention intervention
CUST139579,1,0.9718374,97.18,Critical,Immediate,Immediate retention intervention
CUST100901,1,0.97180766,97.18,Critical,Immediate,Immediate retention intervention
CUST144495,1,0.9718309,97.18,Critical,Immediate,Immediate retention intervention
CUST113915,1,0.97177315,97.18,Critical,Immediate,Immediate retention intervention
CUST120554,1,0.9717994,97.18,Critical,Immediate,Immediate retention intervention
CUST124631,0,0.97180295,97.18,Critical,Immediate,Immediate retention intervention
CUST102429,1,0.9718079,97.18,Critical,Immediate,Immediate retention intervention
CUST113543,1,0.9716988,97.17,Critical,Immediate,Immediate retention intervention
CUST128000,1,0.97174025,97.17,Critical,Immediate,Immediate retention intervention
CUST139588,1,0.9717246,97.17,Critical,Immediate,Immediate retention intervention
CUST144447,0,0.97173387,97.17,Critical,Immediate,Immediate retention intervention
CUST113950,1,0.971659,97.17,Critical,Immediate,Immediate retention intervention
CUST120900,1,0.971696,97.17,Critical,Immediate,Immediate retention intervention
CUST124453,1,0.9717173,97.17,Critical,Immediate,Immediate retention intervention
CUST125951,1,0.9715764,97.16,Critical,Immediate,Immediate retention intervention
CUST128766,1,0.97159415,97.16,Critical,Immediate,Immediate retention intervention
CUST143644,1,0.971593,97.16,Critical,Immediate,Immediate retention intervention
CUST108835,1,0.97161984,97.16,Critical,Immediate,Immediate retention intervention
CUST128063,1,0.9716427,97.16,Critical,Immediate,Immediate retention intervention
CUST118588,1,0.97157085,97.16,Critical,Immediate,Immediate retention intervention
CUST110349,1,0.97161824,97.16,Critical,Immediate,Immediate retention intervention
CUST104057,1,0.97149354,97.15,Critical,Immediate,Immediate retention intervention
CUST140464,1,0.9715124,97.15,Critical,Immediate,Immediate retention intervention
CUST143854,0,0.97138447,97.14,Critical,Immediate,Immediate retention intervention
CUST102626,1,0.97138965,97.14,Critical,Immediate,Immediate retention intervention
CUST143854,0,0.97138447,97.14,Critical,Immediate,Immediate retention intervention
CUST107492,1,0.9713703,97.14,Critical,Immediate,Immediate retention intervention
CUST140780,1,0.9714382,97.14,Critical,Immediate,Immediate retention intervention
CUST115324,1,0.97138953,97.14,Critical,Immediate,Immediate retention intervention
CUST119730,1,0.9714001,97.14,Critical,Immediate,Immediate retention intervention
CUST136189,1,0.97129774,97.13,Critical,Immediate,Immediate retention intervention
CUST104280,1,0.9713189,97.13,Critical,Immediate,Immediate retention intervention
CUST145529,1,0.9713003,97.13,Critical,Immediate,Immediate retention intervention
CUST140109,1,0.97126704,97.13,Critical,Immediate,Immediate retention intervention
CUST117851,1,0.9712805,97.13,Critical,Immediate,Immediate retention intervention
CUST119062,1,0.9712558,97.13,Critical,Immediate,Immediate retention intervention
CUST101724,1,0.9712931,97.13,Critical,Immediate,Immediate retention intervention
CUST137877,1,0.9713488,97.13,Critical,Immediate,Immediate retention intervention
CUST130583,1,0.9713111,97.13,Critical,Immediate,Immediate retention intervention
CUST136124,1,0.9712504,97.13,Critical,Immediate,Immediate retention intervention
CUST107461,1,0.97116214,97.12,Critical,Immediate,Immediate retention intervention
CUST107878,1,0.97121507,97.12,Critical,Immediate,Immediate retention intervention
CUST138396,1,0.97121924,97.12,Critical,Immediate,Immediate retention intervention
CUST136232,0,0.9712176,97.12,Critical,Immediate,Immediate retention intervention
CUST131725,1,0.9711756,97.12,Critical,Immediate,Immediate retention intervention
CUST127173,1,0.9710678,97.11,Critical,Immediate,Immediate retention intervention
CUST114038,0,0.9711458,97.11,Critical,Immediate,Immediate retention intervention
CUST146936,1,0.9710608,97.11,Critical,Immediate,Immediate retention intervention
CUST125533,1,0.9711382,97.11,Critical,Immediate,Immediate retention intervention
CUST110831,1,0.97113883,97.11,Critical,Immediate,Immediate retention intervention
CUST144970,1,0.97101766,97.1,Critical,Immediate,Immediate retention intervention
CUST145001,1,0.97096324,97.1,Critical,Immediate,Immediate retention intervention
CUST109195,1,0.9710349,97.1,Critical,Immediate,Immediate retention intervention
CUST129140,0,0.97104645,97.1,Critical,Immediate,Immediate retention intervention
CUST114744,1,0.9710051,97.1,Critical,Immediate,Immediate retention intervention
CUST105499,1,0.97099745,97.1,Critical,Immediate,Immediate retention intervention
CUST102775,1,0.97100574,97.1,Critical,Immediate,Immediate retention intervention
CUST139428,1,0.9710305,97.1,Critical,Immediate,Immediate retention intervention
CUST126857,1,0.97098875,97.1,Critical,Immediate,Immediate retention intervention
CUST111699,1,0.97087944,97.09,Critical,Immediate,Immediate retention intervention
CUST118257,1,0.97092795,97.09,Critical,Immediate,Immediate retention intervention
CUST120459,1,0.97088325,97.09,Critical,Immediate,Immediate retention intervention
CUST129005,1,0.97089887,97.09,Critical,Immediate,Immediate retention intervention
CUST108594,1,0.97094226,97.09,Critical,Immediate,Immediate retention intervention
CUST110183,1,0.9707646,97.08,Critical,Immediate,Immediate retention intervention
CUST119696,1,0.97081137,97.08,Critical,Immediate,Immediate retention intervention
CUST104991,1,0.9707936,97.08,Critical,Immediate,Immediate retention intervention
CUST118865,1,0.97084,97.08,Critical,Immediate,Immediate retention intervention
CUST121774,1,0.9707546,97.08,Critical,Immediate,Immediate retention intervention
CUST116230,1,0.9708428,97.08,Critical,Immediate,Immediate retention intervention
CUST138936,1,0.9706546,97.07,Critical,Immediate,Immediate retention intervention
CUST119860,1,0.9707455,97.07,Critical,Immediate,Immediate retention intervention
CUST105298,1,0.97067606,97.07,Critical,Immediate,Immediate retention intervention
CUST117236,1,0.9707447,97.07,Critical,Immediate,Immediate retention intervention
CUST146178,1,0.97072035,97.07,Critical,Immediate,Immediate retention intervention
CUST108025,1,0.9706933,97.07,Critical,Immediate,Immediate retention intervention
CUST120478,1,0.9707003,97.07,Critical,Immediate,Immediate retention intervention
CUST105437,1,0.970597,97.06,Critical,Immediate,Immediate retention intervention
CUST112767,1,0.97060835,97.06,Critical,Immediate,Immediate retention intervention
CUST136245,1,0.9706448,97.06,Critical,Immediate,Immediate retention intervention
CUST102572,1,0.9705683,97.06,Critical,Immediate,Immediate retention intervention
CUST108659,1,0.9705993,97.06,Critical,Immediate,Immediate retention intervention
CUST121839,1,0.97063905,97.06,Critical,Immediate,Immediate retention intervention
CUST130596,1,0.97059804,97.06,Critical,Immediate,Immediate retention intervention
CUST131666,1,0.9705804,97.06,Critical,Immediate,Immediate retention intervention
CUST131883,1,0.9705578,97.06,Critical,Immediate,Immediate retention intervention
CUST134643,1,0.97053933,97.05,Critical,Immediate,Immediate retention intervention
CUST114422,1,0.97051305,97.05,Critical,Immediate,Immediate retention intervention
CUST134643,1,0.97053933,97.05,Critical,Immediate,Immediate retention intervention
CUST131596,1,0.970522,97.05,Critical,Immediate,Immediate retention intervention
CUST123043,1,0.9704771,97.05,Critical,Immediate,Immediate retention intervention
CUST146126,1,0.9705201,97.05,Critical,Immediate,Immediate retention intervention
CUST107258,1,0.9703784,97.04,Critical,Immediate,Immediate retention intervention
CUST130984,1,0.9703578,97.04,Critical,Immediate,Immediate retention intervention
CUST116632,1,0.970358,97.04,Critical,Immediate,Immediate retention intervention
CUST123657,1,0.97044355,97.04,Critical,Immediate,Immediate retention intervention
CUST141740,1,0.9703948,97.04,Critical,Immediate,Immediate retention intervention
CUST123657,1,0.97044355,97.04,Critical,Immediate,Immediate retention intervention
CUST109388,1,0.9703985,97.04,Critical,Immediate,Immediate retention intervention
CUST101141,1,0.9702918,97.03,Critical,Immediate,Immediate retention intervention
CUST147626,1,0.9703302,97.03,Critical,Immediate,Immediate retention intervention
CUST109543,1,0.9702673,97.03,Critical,Immediate,Immediate retention intervention
CUST124176,1,0.97030413,97.03,Critical,Immediate,Immediate retention intervention
CUST124115,1,0.9703197,97.03,Critical,Immediate,Immediate retention intervention
CUST136748,1,0.9703057,97.03,Critical,Immediate,Immediate retention intervention
CUST127563,1,0.97031915,97.03,Critical,Immediate,Immediate retention intervention
CUST140985,1,0.97016126,97.02,Critical,Immediate,Immediate retention intervention
CUST113323,1,0.9701746,97.02,Critical,Immediate,Immediate retention intervention
CUST105753,1,0.9702355,97.02,Critical,Immediate,Immediate retention intervention
CUST130471,1,0.970236,97.02,Critical,Immediate,Immediate retention intervention
CUST137630,0,0.97016495,97.02,Critical,Immediate,Immediate retention intervention
CUST142476,1,0.9701862,97.02,Critical,Immediate,Immediate retention intervention
CUST130961,1,0.9702269,97.02,Critical,Immediate,Immediate retention intervention
CUST117293,1,0.9701938,97.02,Critical,Immediate,Immediate retention intervention
CUST117578,1,0.9701122,97.01,Critical,Immediate,Immediate retention intervention
CUST100138,1,0.97006756,97.01,Critical,Immediate,Immediate retention intervention
CUST133614,1,0.9700912,97.01,Critical,Immediate,Immediate retention intervention
CUST101373,1,0.9700983,97.01,Critical,Immediate,Immediate retention intervention
CUST138286,1,0.970064,97.01,Critical,Immediate,Immediate retention intervention
CUST110484,1,0.97007644,97.01,Critical,Immediate,Immediate retention intervention
CUST141608,1,0.9701417,97.01,Critical,Immediate,Immediate retention intervention
CUST115272,1,0.97013074,97.01,Critical,Immediate,Immediate retention intervention
CUST132548,1,0.9700084,97.0,Critical,Immediate,Immediate retention intervention
CUST103576,1,0.970022,97.0,Critical,Immediate,Immediate retention intervention
CUST121165,1,0.9699706,97.0,Critical,Immediate,Immediate retention intervention
CUST105043,1,0.969973,97.0,Critical,Immediate,Immediate retention intervention
CUST103188,1,0.96999896,97.0,Critical,Immediate,Immediate retention intervention
CUST114848,1,0.9700143,97.0,Critical,Immediate,Immediate retention intervention
CUST101537,1,0.9699229,96.99,Critical,Immediate,Immediate retention intervention
CUST130082,1,0.9698981,96.99,Critical,Immediate,Immediate retention intervention
CUST112858,1,0.969871,96.99,Critical,Immediate,Immediate retention intervention
CUST142190,0,0.9698887,96.99,Critical,Immediate,Immediate retention intervention
CUST118492,1,0.9698612,96.99,Critical,Immediate,Immediate retention intervention
CUST147194,1,0.9699286,96.99,Critical,Immediate,Immediate retention intervention
CUST145116,1,0.9699014,96.99,Critical,Immediate,Immediate retention intervention
CUST122516,1,0.9698635,96.99,Critical,Immediate,Immediate retention intervention
CUST101970,1,0.9698822,96.99,Critical,Immediate,Immediate retention intervention
CUST145120,1,0.96978855,96.98,Critical,Immediate,Immediate retention intervention
CUST113991,1,0.9697954,96.98,Critical,Immediate,Immediate retention intervention
CUST118869,1,0.96980786,96.98,Critical,Immediate,Immediate retention intervention
CUST118929,1,0.9698388,96.98,Critical,Immediate,Immediate retention intervention
CUST141070,1,0.969738,96.97,Critical,Immediate,Immediate retention intervention
CUST147419,1,0.96968746,96.97,Critical,Immediate,Immediate retention intervention
CUST134558,1,0.9696592,96.97,Critical,Immediate,Immediate retention intervention
CUST147494,1,0.96972466,96.97,Critical,Immediate,Immediate retention intervention
CUST101419,1,0.9697365,96.97,Critical,Immediate,Immediate retention intervention
CUST118517,1,0.9696572,96.97,Critical,Immediate,Immediate retention intervention
CUST138818,0,0.9696895,96.97,Critical,Immediate,Immediate retention intervention
CUST116110,1,0.9697101,96.97,Critical,Immediate,Immediate retention intervention
CUST130627,1,0.9697482,96.97,Critical,Immediate,Immediate retention intervention
CUST100417,1,0.9696279,96.96,Critical,Immediate,Immediate retention intervention
CUST142021,1,0.9696321,96.96,Critical,Immediate,Immediate retention intervention
CUST145509,1,0.9696078,96.96,Critical,Immediate,Immediate retention intervention
CUST131089,1,0.9695687,96.96,Critical,Immediate,Immediate retention intervention
CUST101536,1,0.969627,96.96,Critical,Immediate,Immediate retention intervention
CUST116764,1,0.9696063,96.96,Critical,Immediate,Immediate retention intervention
CUST135268,1,0.96956295,96.96,Critical,Immediate,Immediate retention intervention
CUST122182,1,0.9695509,96.96,Critical,Immediate,Immediate retention intervention
CUST100621,1,0.9695478,96.95,Critical,Immediate,Immediate retention intervention
CUST134219,1,0.9694643,96.95,Critical,Immediate,Immediate retention intervention
CUST103443,1,0.96948695,96.95,Critical,Immediate,Immediate retention intervention
CUST107752,1,0.9694983,96.95,Critical,Immediate,Immediate retention intervention
CUST110968,1,0.9694678,96.95,Critical,Immediate,Immediate retention intervention
CUST131564,1,0.9695422,96.95,Critical,Immediate,Immediate retention intervention
CUST111141,1,0.9695395,96.95,Critical,Immediate,Immediate retention intervention
CUST120344,0,0.96952695,96.95,Critical,Immediate,Immediate retention intervention
CUST137357,1,0.96951574,96.95,Critical,Immediate,Immediate retention intervention
CUST137357,1,0.96951574,96.95,Critical,Immediate,Immediate retention intervention
CUST143703,1,0.96953624,96.95,Critical,Immediate,Immediate retention intervention
CUST108922,1,0.9694194,96.94,Critical,Immediate,Immediate retention intervention
CUST115823,1,0.9694206,96.94,Critical,Immediate,Immediate retention intervention
CUST110768,1,0.9694381,96.94,Critical,Immediate,Immediate retention intervention
CUST110031,1,0.969381,96.94,Critical,Immediate,Immediate retention intervention
CUST143321,1,0.9694102,96.94,Critical,Immediate,Immediate retention intervention
CUST125571,1,0.969328,96.93,Critical,Immediate,Immediate retention intervention
CUST107211,1,0.9692825,96.93,Critical,Immediate,Immediate retention intervention
CUST128848,1,0.9693047,96.93,Critical,Immediate,Immediate retention intervention
CUST115916,1,0.96929705,96.93,Critical,Immediate,Immediate retention intervention
CUST119672,1,0.9691808,96.92,Critical,Immediate,Immediate retention intervention
CUST115849,1,0.96922493,96.92,Critical,Immediate,Immediate retention intervention
CUST105946,1,0.9692271,96.92,Critical,Immediate,Immediate retention intervention
CUST113868,1,0.9691896,96.92,Critical,Immediate,Immediate retention intervention
CUST133650,1,0.9691553,96.92,Critical,Immediate,Immediate retention intervention
CUST121357,1,0.9691647,96.92,Critical,Immediate,Immediate retention intervention
CUST139690,1,0.9691812,96.92,Critical,Immediate,Immediate retention intervention
CUST130346,1,0.9692304,96.92,Critical,Immediate,Immediate retention intervention
CUST118590,1,0.96921253,96.92,Critical,Immediate,Immediate retention intervention
CUST132714,1,0.9691362,96.91,Critical,Immediate,Immediate retention intervention
CUST103665,0,0.9690801,96.91,Critical,Immediate,Immediate retention intervention
CUST116810,1,0.9690587,96.91,Critical,Immediate,Immediate retention intervention
CUST101810,1,0.9691487,96.91,Critical,Immediate,Immediate retention intervention
CUST145635,0,0.9691037,96.91,Critical,Immediate,Immediate retention intervention
CUST144347,1,0.96914464,96.91,Critical,Immediate,Immediate retention intervention
CUST110561,1,0.9690731,96.91,Critical,Immediate,Immediate retention intervention
CUST145399,1,0.96901244,96.9,Critical,Immediate,Immediate retention intervention
CUST146350,1,0.96895635,96.9,Critical,Immediate,Immediate retention intervention
CUST146584,1,0.9690383,96.9,Critical,Immediate,Immediate retention intervention
CUST147941,1,0.9689763,96.9,Critical,Immediate,Immediate retention intervention
CUST123596,1,0.96899396,96.9,Critical,Immediate,Immediate retention intervention
CUST136775,1,0.96899664,96.9,Critical,Immediate,Immediate retention intervention
CUST111063,1,0.9689737,96.9,Critical,Immediate,Immediate retention intervention
CUST116491,1,0.96899307,96.9,Critical,Immediate,Immediate retention intervention
CUST140122,1,0.9688542,96.89,Critical,Immediate,Immediate retention intervention
CUST132329,1,0.9689163,96.89,Critical,Immediate,Immediate retention intervention
CUST139913,1,0.9689159,96.89,Critical,Immediate,Immediate retention intervention
CUST142398,1,0.96887267,96.89,Critical,Immediate,Immediate retention intervention
CUST142992,1,0.9688977,96.89,Critical,Immediate,Immediate retention intervention
CUST120259,1,0.96891016,96.89,Critical,Immediate,Immediate retention intervention
CUST112498,1,0.96890134,96.89,Critical,Immediate,Immediate retention intervention
CUST133389,1,0.96884984,96.88,Critical,Immediate,Immediate retention intervention
CUST137431,1,0.96877265,96.88,Critical,Immediate,Immediate retention intervention
CUST124265,1,0.96869177,96.87,Critical,Immediate,Immediate retention intervention
CUST119487,1,0.9687489,96.87,Critical,Immediate,Immediate retention intervention
CUST147125,1,0.968695,96.87,Critical,Immediate,Immediate retention intervention
CUST144893,1,0.96871364,96.87,Critical,Immediate,Immediate retention intervention
CUST145829,1,0.9687082,96.87,Critical,Immediate,Immediate retention intervention
CUST104262,1,0.96867824,96.87,Critical,Immediate,Immediate retention intervention
CUST133319,1,0.96865493,96.87,Critical,Immediate,Immediate retention intervention
CUST146716,1,0.9686728,96.87,Critical,Immediate,Immediate retention intervention
CUST147221,1,0.9686716,96.87,Critical,Immediate,Immediate retention intervention
CUST103569,1,0.9685516,96.86,Critical,Immediate,Immediate retention intervention
CUST115174,1,0.96864295,96.86,Critical,Immediate,Immediate retention intervention
CUST130796,1,0.9686497,96.86,Critical,Immediate,Immediate retention intervention
CUST141107,1,0.9686252,96.86,Critical,Immediate,Immediate retention intervention
CUST137838,1,0.96858704,96.86,Critical,Immediate,Immediate retention intervention
CUST147254,1,0.9685523,96.86,Critical,Immediate,Immediate retention intervention
CUST111295,1,0.9686413,96.86,Critical,Immediate,Immediate retention intervention
CUST120513,1,0.96851915,96.85,Critical,Immediate,Immediate retention intervention
CUST117222,1,0.968495,96.85,Critical,Immediate,Immediate retention intervention
CUST114292,1,0.96846753,96.85,Critical,Immediate,Immediate retention intervention
CUST129433,1,0.96850634,96.85,Critical,Immediate,Immediate retention intervention
CUST109816,1,0.9684973,96.85,Critical,Immediate,Immediate retention intervention
CUST131306,1,0.9684143,96.84,Critical,Immediate,Immediate retention intervention
CUST134700,1,0.96835774,96.84,Critical,Immediate,Immediate retention intervention
CUST141536,1,0.9683747,96.84,Critical,Immediate,Immediate retention intervention
CUST104652,1,0.9683593,96.84,Critical,Immediate,Immediate retention intervention
CUST142115,1,0.9684012,96.84,Critical,Immediate,Immediate retention intervention
CUST119510,1,0.96840334,96.84,Critical,Immediate,Immediate retention intervention
CUST147901,1,0.9683973,96.84,Critical,Immediate,Immediate retention intervention
CUST133938,1,0.9684317,96.84,Critical,Immediate,Immediate retention intervention
CUST118385,1,0.96830887,96.83,Critical,Immediate,Immediate retention intervention
CUST132479,1,0.96831,96.83,Critical,Immediate,Immediate retention intervention
CUST101945,1,0.96830463,96.83,Critical,Immediate,Immediate retention intervention
CUST129629,1,0.9683072,96.83,Critical,Immediate,Immediate retention intervention
CUST130663,1,0.96825826,96.83,Critical,Immediate,Immediate retention intervention
CUST113823,1,0.96831614,96.83,Critical,Immediate,Immediate retention intervention
CUST101289,1,0.968229,96.82,Critical,Immediate,Immediate retention intervention
CUST122989,1,0.9682161,96.82,Critical,Immediate,Immediate retention intervention
CUST114379,1,0.9682235,96.82,Critical,Immediate,Immediate retention intervention
CUST138374,1,0.9682169,96.82,Critical,Immediate,Immediate retention intervention
CUST147944,0,0.96825,96.82,Critical,Immediate,Immediate retention intervention
CUST104718,1,0.9680523,96.81,Critical,Immediate,Immediate retention intervention
CUST123968,1,0.96810204,96.81,Critical,Immediate,Immediate retention intervention
CUST142379,1,0.9680884,96.81,Critical,Immediate,Immediate retention intervention
CUST125299,1,0.96808976,96.81,Critical,Immediate,Immediate retention intervention
CUST116729,1,0.9680997,96.81,Critical,Immediate,Immediate retention intervention
CUST129695,1,0.968133,96.81,Critical,Immediate,Immediate retention intervention
CUST146507,1,0.9680808,96.81,Critical,Immediate,Immediate retention intervention
CUST111737,1,0.9680577,96.81,Critical,Immediate,Immediate retention intervention
CUST108165,1,0.9681484,96.81,Critical,Immediate,Immediate retention intervention
CUST138142,1,0.9681434,96.81,Critical,Immediate,Immediate retention intervention
CUST130388,1,0.9681493,96.81,Critical,Immediate,Immediate retention intervention
CUST117669,1,0.96811277,96.81,Critical,Immediate,Immediate retention intervention
CUST139331,1,0.9681142,96.81,Critical,Immediate,Immediate retention intervention
CUST141889,1,0.96810806,96.81,Critical,Immediate,Immediate retention intervention
CUST107901,0,0.9680311,96.8,Critical,Immediate,Immediate retention intervention
CUST106660,1,0.9679557,96.8,Critical,Immediate,Immediate retention intervention
CUST118904,1,0.96796286,96.8,Critical,Immediate,Immediate retention intervention
CUST105517,1,0.96797925,96.8,Critical,Immediate,Immediate retention intervention
CUST146454,1,0.96803534,96.8,Critical,Immediate,Immediate retention intervention
CUST118887,1,0.9680453,96.8,Critical,Immediate,Immediate retention intervention
CUST133562,1,0.9680366,96.8,Critical,Immediate,Immediate retention intervention
CUST122725,1,0.96803623,96.8,Critical,Immediate,Immediate retention intervention
CUST108349,1,0.96791995,96.79,Critical,Immediate,Immediate retention intervention
CUST136043,1,0.9678524,96.79,Critical,Immediate,Immediate retention intervention
CUST146801,1,0.9679087,96.79,Critical,Immediate,Immediate retention intervention
CUST140885,1,0.9678965,96.79,Critical,Immediate,Immediate retention intervention
CUST141716,1,0.9679069,96.79,Critical,Immediate,Immediate retention intervention
CUST135156,1,0.9678985,96.79,Critical,Immediate,Immediate retention intervention
CUST131968,1,0.9677875,96.78,Critical,Immediate,Immediate retention intervention
CUST101259,1,0.9677976,96.78,Critical,Immediate,Immediate retention intervention
CUST144712,1,0.96783316,96.78,Critical,Immediate,Immediate retention intervention
CUST135959,1,0.9677845,96.78,Critical,Immediate,Immediate retention intervention
CUST137566,1,0.9677844,96.78,Critical,Immediate,Immediate retention intervention
CUST101821,1,0.9678252,96.78,Critical,Immediate,Immediate retention intervention
CUST103653,1,0.9677862,96.78,Critical,Immediate,Immediate retention intervention
CUST110469,1,0.9677411,96.77,Critical,Immediate,Immediate retention intervention
CUST122273,1,0.9677389,96.77,Critical,Immediate,Immediate retention intervention
CUST124322,1,0.9677434,96.77,Critical,Immediate,Immediate retention intervention
CUST142962,1,0.9676577,96.77,Critical,Immediate,Immediate retention intervention
CUST123251,1,0.9677375,96.77,Critical,Immediate,Immediate retention intervention
CUST116032,1,0.9677164,96.77,Critical,Immediate,Immediate retention intervention
CUST113713,1,0.96772736,96.77,Critical,Immediate,Immediate retention intervention
CUST102700,1,0.96770436,96.77,Critical,Immediate,Immediate retention intervention
CUST142030,1,0.96770555,96.77,Critical,Immediate,Immediate retention intervention
CUST125030,1,0.9677009,96.77,Critical,Immediate,Immediate retention intervention
CUST130692,0,0.96759707,96.76,Critical,Immediate,Immediate retention intervention
CUST138400,1,0.9676229,96.76,Critical,Immediate,Immediate retention intervention
CUST115554,1,0.9675533,96.76,Critical,Immediate,Immediate retention intervention
CUST145779,1,0.967574,96.76,Critical,Immediate,Immediate retention intervention
CUST106306,1,0.96757823,96.76,Critical,Immediate,Immediate retention intervention
CUST104338,1,0.9675889,96.76,Critical,Immediate,Immediate retention intervention
CUST134635,1,0.9675907,96.76,Critical,Immediate,Immediate retention intervention
CUST118332,1,0.9676197,96.76,Critical,Immediate,Immediate retention intervention
CUST125948,1,0.96756303,96.76,Critical,Immediate,Immediate retention intervention
CUST133101,1,0.9675674,96.76,Critical,Immediate,Immediate retention intervention
CUST104631,1,0.9675725,96.76,Critical,Immediate,Immediate retention intervention
CUST120570,0,0.96761703,96.76,Critical,Immediate,Immediate retention intervention
CUST107686,1,0.967562,96.76,Critical,Immediate,Immediate retention intervention
CUST103914,1,0.9675628,96.76,Critical,Immediate,Immediate retention intervention
CUST134833,1,0.96753806,96.75,Critical,Immediate,Immediate retention intervention
CUST105257,1,0.96753794,96.75,Critical,Immediate,Immediate retention intervention
CUST136417,1,0.9674741,96.75,Critical,Immediate,Immediate retention intervention
CUST134833,1,0.96753806,96.75,Critical,Immediate,Immediate retention intervention
CUST139151,1,0.9675271,96.75,Critical,Immediate,Immediate retention intervention
CUST134420,1,0.96753335,96.75,Critical,Immediate,Immediate retention intervention
CUST121814,1,0.96741843,96.74,Critical,Immediate,Immediate retention intervention
CUST102373,1,0.96743023,96.74,Critical,Immediate,Immediate retention intervention
CUST131815,1,0.96744365,96.74,Critical,Immediate,Immediate retention intervention
CUST141978,1,0.9674288,96.74,Critical,Immediate,Immediate retention intervention
CUST126616,1,0.9674113,96.74,Critical,Immediate,Immediate retention intervention
CUST125083,1,0.96738416,96.74,Critical,Immediate,Immediate retention intervention
CUST132231,1,0.96744317,96.74,Critical,Immediate,Immediate retention intervention
CUST127980,1,0.96732324,96.73,Critical,Immediate,Immediate retention intervention
CUST138138,1,0.96734035,96.73,Critical,Immediate,Immediate retention intervention
CUST134701,1,0.9673117,96.73,Critical,Immediate,Immediate retention intervention
CUST138768,1,0.96726483,96.73,Critical,Immediate,Immediate retention intervention
CUST115419,1,0.96727854,96.73,Critical,Immediate,Immediate retention intervention
CUST112672,1,0.96730965,96.73,Critical,Immediate,Immediate retention intervention
CUST103946,1,0.96724385,96.72,Critical,Immediate,Immediate retention intervention
CUST122881,1,0.9671745,96.72,Critical,Immediate,Immediate retention intervention
CUST112075,1,0.96715796,96.72,Critical,Immediate,Immediate retention intervention
CUST119889,1,0.96717536,96.72,Critical,Immediate,Immediate retention intervention
CUST117793,1,0.9671632,96.72,Critical,Immediate,Immediate retention intervention
CUST119472,1,0.967092,96.71,Critical,Immediate,Immediate retention intervention
CUST144077,1,0.96708804,96.71,Critical,Immediate,Immediate retention intervention
CUST136910,1,0.9670979,96.71,Critical,Immediate,Immediate retention intervention
CUST141936,1,0.96703243,96.7,Critical,Immediate,Immediate retention intervention
CUST140496,1,0.96700025,96.7,Critical,Immediate,Immediate retention intervention
CUST144544,1,0.9669796,96.7,Critical,Immediate,Immediate retention intervention
CUST125630,1,0.9669552,96.7,Critical,Immediate,Immediate retention intervention
CUST119211,1,0.96697825,96.7,Critical,Immediate,Immediate retention intervention
CUST123582,1,0.9669864,96.7,Critical,Immediate,Immediate retention intervention
CUST107540,1,0.9670137,96.7,Critical,Immediate,Immediate retention intervention
CUST120169,1,0.966943,96.69,Critical,Immediate,Immediate retention intervention
CUST135392,1,0.96689165,96.69,Critical,Immediate,Immediate retention intervention
CUST138495,1,0.96685123,96.69,Critical,Immediate,Immediate retention intervention
CUST107590,1,0.9669202,96.69,Critical,Immediate,Immediate retention intervention
CUST143534,0,0.9669197,96.69,Critical,Immediate,Immediate retention intervention
CUST100268,1,0.96688294,96.69,Critical,Immediate,Immediate retention intervention
CUST109999,1,0.9668583,96.69,Critical,Immediate,Immediate retention intervention
CUST120195,1,0.9668015,96.68,Critical,Immediate,Immediate retention intervention
CUST121406,1,0.96679807,96.68,Critical,Immediate,Immediate retention intervention
CUST110244,1,0.9667644,96.68,Critical,Immediate,Immediate retention intervention
CUST119276,1,0.9668433,96.68,Critical,Immediate,Immediate retention intervention
CUST124299,1,0.96684885,96.68,Critical,Immediate,Immediate retention intervention
CUST147064,1,0.96678704,96.68,Critical,Immediate,Immediate retention intervention
CUST130642,0,0.96669334,96.67,Critical,Immediate,Immediate retention intervention
CUST121874,1,0.9667217,96.67,Critical,Immediate,Immediate retention intervention
CUST133442,1,0.9667295,96.67,Critical,Immediate,Immediate retention intervention
CUST118451,1,0.966665,96.67,Critical,Immediate,Immediate retention intervention
CUST138626,1,0.9667224,96.67,Critical,Immediate,Immediate retention intervention
CUST143411,1,0.9667127,96.67,Critical,Immediate,Immediate retention intervention
CUST144158,1,0.9667095,96.67,Critical,Immediate,Immediate retention intervention
CUST116716,1,0.9666558,96.67,Critical,Immediate,Immediate retention intervention
CUST110142,1,0.9667253,96.67,Critical,Immediate,Immediate retention intervention
CUST102101,1,0.96672976,96.67,Critical,Immediate,Immediate retention intervention
CUST109310,1,0.966653,96.67,Critical,Immediate,Immediate retention intervention
CUST140276,1,0.9667087,96.67,Critical,Immediate,Immediate retention intervention
CUST104344,1,0.9666713,96.67,Critical,Immediate,Immediate retention intervention
CUST147839,1,0.9667168,96.67,Critical,Immediate,Immediate retention intervention
CUST130539,1,0.9667123,96.67,Critical,Immediate,Immediate retention intervention
CUST139887,1,0.9666532,96.67,Critical,Immediate,Immediate retention intervention
CUST127636,1,0.96673876,96.67,Critical,Immediate,Immediate retention intervention
CUST132333,1,0.9667458,96.67,Critical,Immediate,Immediate retention intervention
CUST127220,1,0.9667391,96.67,Critical,Immediate,Immediate retention intervention
CUST103433,1,0.966692,96.67,Critical,Immediate,Immediate retention intervention
CUST126669,1,0.9666264,96.66,Critical,Immediate,Immediate retention intervention
CUST145005,1,0.9665873,96.66,Critical,Immediate,Immediate retention intervention
CUST117822,1,0.9665999,96.66,Critical,Immediate,Immediate retention intervention
CUST115567,1,0.9665864,96.66,Critical,Immediate,Immediate retention intervention
CUST136733,1,0.9666393,96.66,Critical,Immediate,Immediate retention intervention
CUST100568,1,0.96656024,96.66,Critical,Immediate,Immediate retention intervention
CUST121502,1,0.96650195,96.65,Critical,Immediate,Immediate retention intervention
CUST145679,1,0.96648586,96.65,Critical,Immediate,Immediate retention intervention
CUST127313,1,0.96653205,96.65,Critical,Immediate,Immediate retention intervention
CUST140193,1,0.9665173,96.65,Critical,Immediate,Immediate retention intervention
CUST104051,1,0.96654487,96.65,Critical,Immediate,Immediate retention intervention
CUST128653,1,0.96648425,96.65,Critical,Immediate,Immediate retention intervention
CUST133926,1,0.9664696,96.65,Critical,Immediate,Immediate retention intervention
CUST102954,1,0.9664502,96.65,Critical,Immediate,Immediate retention intervention
CUST117272,1,0.9664741,96.65,Critical,Immediate,Immediate retention intervention
CUST109793,1,0.96647024,96.65,Critical,Immediate,Immediate retention intervention
CUST105824,1,0.9664677,96.65,Critical,Immediate,Immediate retention intervention
CUST145586,1,0.96638393,96.64,Critical,Immediate,Immediate retention intervention
CUST128828,1,0.9664108,96.64,Critical,Immediate,Immediate retention intervention
CUST146672,1,0.9663853,96.64,Critical,Immediate,Immediate retention intervention
CUST112699,1,0.96640146,96.64,Critical,Immediate,Immediate retention intervention
CUST113442,1,0.96638364,96.64,Critical,Immediate,Immediate retention intervention
CUST104373,1,0.96637005,96.64,Critical,Immediate,Immediate retention intervention
CUST108274,1,0.9664049,96.64,Critical,Immediate,Immediate retention intervention
CUST130457,1,0.9663616,96.64,Critical,Immediate,Immediate retention intervention
CUST138728,1,0.9664456,96.64,Critical,Immediate,Immediate retention intervention
CUST135771,1,0.96633065,96.63,Critical,Immediate,Immediate retention intervention
CUST143618,1,0.96633685,96.63,Critical,Immediate,Immediate retention intervention
CUST138125,1,0.96628535,96.63,Critical,Immediate,Immediate retention intervention
CUST134419,1,0.966309,96.63,Critical,Immediate,Immediate retention intervention
CUST118998,1,0.9663196,96.63,Critical,Immediate,Immediate retention intervention
CUST113781,1,0.9663214,96.63,Critical,Immediate,Immediate retention intervention
CUST138307,1,0.9663118,96.63,Critical,Immediate,Immediate retention intervention
CUST121007,1,0.96626705,96.63,Critical,Immediate,Immediate retention intervention
CUST147661,1,0.96624446,96.62,Critical,Immediate,Immediate retention intervention
CUST117142,1,0.96621674,96.62,Critical,Immediate,Immediate retention intervention
CUST138705,1,0.96618825,96.62,Critical,Immediate,Immediate retention intervention
CUST100350,1,0.96619195,96.62,Critical,Immediate,Immediate retention intervention
CUST135453,1,0.9662102,96.62,Critical,Immediate,Immediate retention intervention
CUST108212,1,0.96621174,96.62,Critical,Immediate,Immediate retention intervention
CUST135864,1,0.96623015,96.62,Critical,Immediate,Immediate retention intervention
CUST144670,1,0.9662111,96.62,Critical,Immediate,Immediate retention intervention
CUST114485,0,0.96624005,96.62,Critical,Immediate,Immediate retention intervention
CUST135748,1,0.96614546,96.61,Critical,Immediate,Immediate retention intervention
CUST123247,1,0.9661301,96.61,Critical,Immediate,Immediate retention intervention
CUST136272,1,0.96608615,96.61,Critical,Immediate,Immediate retention intervention
CUST101851,1,0.96606386,96.61,Critical,Immediate,Immediate retention intervention
CUST145115,1,0.9661174,96.61,Critical,Immediate,Immediate retention intervention
CUST139123,1,0.9661095,96.61,Critical,Immediate,Immediate retention intervention
CUST104252,1,0.9661039,96.61,Critical,Immediate,Immediate retention intervention
CUST107862,1,0.9659849,96.6,Critical,Immediate,Immediate retention intervention
CUST137967,1,0.9659671,96.6,Critical,Immediate,Immediate retention intervention
CUST108556,1,0.9660153,96.6,Critical,Immediate,Immediate retention intervention
CUST128481,1,0.96603173,96.6,Critical,Immediate,Immediate retention intervention
CUST144810,1,0.9659782,96.6,Critical,Immediate,Immediate retention intervention
CUST105013,1,0.96596473,96.6,Critical,Immediate,Immediate retention intervention
CUST143679,1,0.9660236,96.6,Critical,Immediate,Immediate retention intervention
CUST128533,1,0.965963,96.6,Critical,Immediate,Immediate retention intervention
CUST108405,1,0.9660453,96.6,Critical,Immediate,Immediate retention intervention
CUST118454,1,0.9659574,96.6,Critical,Immediate,Immediate retention intervention
CUST127622,1,0.9660451,96.6,Critical,Immediate,Immediate retention intervention
CUST107025,1,0.9658761,96.59,Critical,Immediate,Immediate retention intervention
CUST105818,1,0.9659216,96.59,Critical,Immediate,Immediate retention intervention
CUST121859,1,0.9659276,96.59,Critical,Immediate,Immediate retention intervention
CUST105819,1,0.9658757,96.59,Critical,Immediate,Immediate retention intervention
CUST119809,1,0.96585345,96.59,Critical,Immediate,Immediate retention intervention
CUST105123,1,0.96592396,96.59,Critical,Immediate,Immediate retention intervention
CUST114639,1,0.96584976,96.58,Critical,Immediate,Immediate retention intervention
CUST145891,1,0.96578896,96.58,Critical,Immediate,Immediate retention intervention
CUST144106,1,0.965765,96.58,Critical,Immediate,Immediate retention intervention
CUST139427,1,0.96576124,96.58,Critical,Immediate,Immediate retention intervention
CUST109466,1,0.9658392,96.58,Critical,Immediate,Immediate retention intervention
CUST114589,1,0.9657745,96.58,Critical,Immediate,Immediate retention intervention
CUST142315,1,0.9656933,96.57,Critical,Immediate,Immediate retention intervention
CUST128341,1,0.96566164,96.57,Critical,Immediate,Immediate retention intervention
CUST100352,0,0.96567976,96.57,Critical,Immediate,Immediate retention intervention
CUST126099,1,0.96568376,96.57,Critical,Immediate,Immediate retention intervention
CUST101230,1,0.9657102,96.57,Critical,Immediate,Immediate retention intervention
CUST124847,1,0.9657258,96.57,Critical,Immediate,Immediate retention intervention
CUST108788,1,0.9656321,96.56,Critical,Immediate,Immediate retention intervention
CUST104600,1,0.9655817,96.56,Critical,Immediate,Immediate retention intervention
CUST100126,1,0.9655726,96.56,Critical,Immediate,Immediate retention intervention
CUST113745,1,0.9655764,96.56,Critical,Immediate,Immediate retention intervention
CUST108636,1,0.96556294,96.56,Critical,Immediate,Immediate retention intervention
CUST147701,1,0.96561927,96.56,Critical,Immediate,Immediate retention intervention
CUST119698,1,0.96556,96.56,Critical,Immediate,Immediate retention intervention
CUST145440,1,0.9656086,96.56,Critical,Immediate,Immediate retention intervention
CUST105389,1,0.9656236,96.56,Critical,Immediate,Immediate retention intervention
CUST138299,1,0.9655735,96.56,Critical,Immediate,Immediate retention intervention
CUST112750,1,0.9654776,96.55,Critical,Immediate,Immediate retention intervention
CUST114949,1,0.9654795,96.55,Critical,Immediate,Immediate retention intervention
CUST126745,1,0.9655115,96.55,Critical,Immediate,Immediate retention intervention
CUST136227,1,0.96546036,96.55,Critical,Immediate,Immediate retention intervention
CUST125838,1,0.9654568,96.55,Critical,Immediate,Immediate retention intervention
CUST136587,1,0.96552026,96.55,Critical,Immediate,Immediate retention intervention
CUST119580,1,0.9655016,96.55,Critical,Immediate,Immediate retention intervention
CUST143238,1,0.9655038,96.55,Critical,Immediate,Immediate retention intervention
CUST135892,1,0.96549845,96.55,Critical,Immediate,Immediate retention intervention
CUST101576,1,0.9654943,96.55,Critical,Immediate,Immediate retention intervention
CUST113315,1,0.96551347,96.55,Critical,Immediate,Immediate retention intervention
CUST125351,1,0.9655435,96.55,Critical,Immediate,Immediate retention intervention
CUST143594,1,0.96546525,96.55,Critical,Immediate,Immediate retention intervention
CUST129616,1,0.96552014,96.55,Critical,Immediate,Immediate retention intervention
CUST103354,1,0.9654497,96.54,Critical,Immediate,Immediate retention intervention
CUST130757,1,0.9654258,96.54,Critical,Immediate,Immediate retention intervention
CUST143522,1,0.96541536,96.54,Critical,Immediate,Immediate retention intervention
CUST115984,1,0.9653966,96.54,Critical,Immediate,Immediate retention intervention
CUST122794,1,0.9654484,96.54,Critical,Immediate,Immediate retention intervention
CUST136164,1,0.96539295,96.54,Critical,Immediate,Immediate retention intervention
CUST138505,1,0.9654127,96.54,Critical,Immediate,Immediate retention intervention
CUST109491,1,0.9653778,96.54,Critical,Immediate,Immediate retention intervention
CUST146323,1,0.96540594,96.54,Critical,Immediate,Immediate retention intervention
CUST108221,1,0.96527505,96.53,Critical,Immediate,Immediate retention intervention
CUST134081,1,0.96526086,96.53,Critical,Immediate,Immediate retention intervention
CUST102377,1,0.96528286,96.53,Critical,Immediate,Immediate retention intervention
CUST147129,1,0.9652674,96.53,Critical,Immediate,Immediate retention intervention
CUST124794,1,0.96532905,96.53,Critical,Immediate,Immediate retention intervention
CUST132698,1,0.96532404,96.53,Critical,Immediate,Immediate retention intervention
CUST140580,1,0.96525204,96.53,Critical,Immediate,Immediate retention intervention
CUST125287,1,0.9652915,96.53,Critical,Immediate,Immediate retention intervention
CUST113087,1,0.9651831,96.52,Critical,Immediate,Immediate retention intervention
CUST123616,1,0.9651793,96.52,Critical,Immediate,Immediate retention intervention
CUST128517,1,0.96517724,96.52,Critical,Immediate,Immediate retention intervention
CUST127944,1,0.96522176,96.52,Critical,Immediate,Immediate retention intervention
CUST128894,1,0.96516967,96.52,Critical,Immediate,Immediate retention intervention
CUST124998,1,0.9651653,96.52,Critical,Immediate,Immediate retention intervention
CUST114717,1,0.96516275,96.52,Critical,Immediate,Immediate retention intervention
CUST129774,1,0.9651985,96.52,Critical,Immediate,Immediate retention intervention
CUST132742,1,0.96523327,96.52,Critical,Immediate,Immediate retention intervention
CUST116131,1,0.9652178,96.52,Critical,Immediate,Immediate retention intervention
CUST112122,1,0.9651622,96.52,Critical,Immediate,Immediate retention intervention
CUST110681,1,0.9651468,96.51,Critical,Immediate,Immediate retention intervention
CUST141955,1,0.96514624,96.51,Critical,Immediate,Immediate retention intervention
CUST139872,1,0.96510214,96.51,Critical,Immediate,Immediate retention intervention
CUST142631,1,0.9650674,96.51,Critical,Immediate,Immediate retention intervention
CUST110071,1,0.96505815,96.51,Critical,Immediate,Immediate retention intervention
CUST102277,1,0.9651321,96.51,Critical,Immediate,Immediate retention intervention
CUST146862,1,0.9650927,96.51,Critical,Immediate,Immediate retention intervention
CUST120786,0,0.9650776,96.51,Critical,Immediate,Immediate retention intervention
CUST123150,1,0.9650786,96.51,Critical,Immediate,Immediate retention intervention
CUST145016,1,0.9650885,96.51,Critical,Immediate,Immediate retention intervention
CUST100238,1,0.9651399,96.51,Critical,Immediate,Immediate retention intervention
CUST135232,1,0.9651271,96.51,Critical,Immediate,Immediate retention intervention
CUST131749,1,0.9650411,96.5,Critical,Immediate,Immediate retention intervention
CUST105366,1,0.96495837,96.5,Critical,Immediate,Immediate retention intervention
CUST108847,1,0.96504295,96.5,Critical,Immediate,Immediate retention intervention
CUST133244,1,0.964996,96.5,Critical,Immediate,Immediate retention intervention
CUST100646,1,0.965007,96.5,Critical,Immediate,Immediate retention intervention
CUST121738,1,0.965015,96.5,Critical,Immediate,Immediate retention intervention
CUST126444,1,0.9649841,96.5,Critical,Immediate,Immediate retention intervention
CUST107613,1,0.96497095,96.5,Critical,Immediate,Immediate retention intervention
CUST128415,1,0.96492684,96.49,Critical,Immediate,Immediate retention intervention
CUST120648,1,0.964856,96.49,Critical,Immediate,Immediate retention intervention
CUST128295,1,0.964897,96.49,Critical,Immediate,Immediate retention intervention
CUST146598,1,0.9648619,96.49,Critical,Immediate,Immediate retention intervention
CUST117584,1,0.9648878,96.49,Critical,Immediate,Immediate retention intervention
CUST140466,1,0.9649236,96.49,Critical,Immediate,Immediate retention intervention
CUST112769,1,0.9649008,96.49,Critical,Immediate,Immediate retention intervention
CUST127621,1,0.9648721,96.49,Critical,Immediate,Immediate retention intervention
CUST123501,1,0.96493095,96.49,Critical,Immediate,Immediate retention intervention
CUST143101,1,0.96482533,96.48,Critical,Immediate,Immediate retention intervention
CUST133463,1,0.9647696,96.48,Critical,Immediate,Immediate retention intervention
CUST105452,1,0.96479803,96.48,Critical,Immediate,Immediate retention intervention
CUST130966,1,0.96484905,96.48,Critical,Immediate,Immediate retention intervention
CUST129984,1,0.96477437,96.48,Critical,Immediate,Immediate retention intervention
CUST134828,1,0.96476907,96.48,Critical,Immediate,Immediate retention intervention
CUST135621,1,0.9647878,96.48,Critical,Immediate,Immediate retention intervention
CUST122239,1,0.96478534,96.48,Critical,Immediate,Immediate retention intervention
CUST132751,1,0.96477926,96.48,Critical,Immediate,Immediate retention intervention
CUST119744,0,0.9648142,96.48,Critical,Immediate,Immediate retention intervention
CUST144229,1,0.9648375,96.48,Critical,Immediate,Immediate retention intervention
CUST140889,1,0.9648439,96.48,Critical,Immediate,Immediate retention intervention
CUST144777,1,0.9648172,96.48,Critical,Immediate,Immediate retention intervention
CUST114429,1,0.9648363,96.48,Critical,Immediate,Immediate retention intervention
CUST129295,1,0.9648103,96.48,Critical,Immediate,Immediate retention intervention
CUST129418,1,0.9647034,96.47,Critical,Immediate,Immediate retention intervention
CUST116042,1,0.9647052,96.47,Critical,Immediate,Immediate retention intervention
CUST108345,1,0.96465355,96.47,Critical,Immediate,Immediate retention intervention
CUST134239,1,0.9646703,96.47,Critical,Immediate,Immediate retention intervention
CUST100996,1,0.9646775,96.47,Critical,Immediate,Immediate retention intervention
CUST106055,1,0.96466786,96.47,Critical,Immediate,Immediate retention intervention
CUST124167,1,0.9646627,96.47,Critical,Immediate,Immediate retention intervention
CUST107451,1,0.96463627,96.46,Critical,Immediate,Immediate retention intervention
CUST120585,1,0.964568,96.46,Critical,Immediate,Immediate retention intervention
CUST121564,1,0.96459067,96.46,Critical,Immediate,Immediate retention intervention
CUST143318,1,0.96462715,96.46,Critical,Immediate,Immediate retention intervention
CUST125911,0,0.9645765,96.46,Critical,Immediate,Immediate retention intervention
CUST117858,1,0.9645644,96.46,Critical,Immediate,Immediate retention intervention
CUST141549,1,0.9646475,96.46,Critical,Immediate,Immediate retention intervention
CUST127675,1,0.9646124,96.46,Critical,Immediate,Immediate retention intervention
CUST121173,1,0.9646143,96.46,Critical,Immediate,Immediate retention intervention
CUST147685,1,0.9645909,96.46,Critical,Immediate,Immediate retention intervention
CUST109210,0,0.9645788,96.46,Critical,Immediate,Immediate retention intervention
CUST113863,1,0.964533,96.45,Critical,Immediate,Immediate retention intervention
CUST147233,1,0.9645456,96.45,Critical,Immediate,Immediate retention intervention
CUST133586,1,0.9644529,96.45,Critical,Immediate,Immediate retention intervention
CUST121620,1,0.9644501,96.45,Critical,Immediate,Immediate retention intervention
CUST114471,1,0.9645089,96.45,Critical,Immediate,Immediate retention intervention
CUST124602,1,0.96440023,96.44,Critical,Immediate,Immediate retention intervention
CUST120414,1,0.96440965,96.44,Critical,Immediate,Immediate retention intervention
CUST101693,1,0.9644458,96.44,Critical,Immediate,Immediate retention intervention
CUST126590,1,0.96443295,96.44,Critical,Immediate,Immediate retention intervention
CUST111810,1,0.9644333,96.44,Critical,Immediate,Immediate retention intervention
CUST117028,1,0.9644416,96.44,Critical,Immediate,Immediate retention intervention
CUST103214,1,0.96444196,96.44,Critical,Immediate,Immediate retention intervention
CUST120414,1,0.96440965,96.44,Critical,Immediate,Immediate retention intervention
CUST107831,1,0.9643974,96.44,Critical,Immediate,Immediate retention intervention
CUST123955,1,0.9644261,96.44,Critical,Immediate,Immediate retention intervention
CUST118780,1,0.9643336,96.43,Critical,Immediate,Immediate retention intervention
CUST138988,1,0.96428937,96.43,Critical,Immediate,Immediate retention intervention
CUST106683,1,0.9642302,96.42,Critical,Immediate,Immediate retention intervention
CUST129534,1,0.9642403,96.42,Critical,Immediate,Immediate retention intervention
CUST126039,1,0.9642304,96.42,Critical,Immediate,Immediate retention intervention
CUST131298,1,0.96416324,96.42,Critical,Immediate,Immediate retention intervention
CUST146630,1,0.96425,96.42,Critical,Immediate,Immediate retention intervention
CUST124363,0,0.9641711,96.42,Critical,Immediate,Immediate retention intervention
CUST119954,1,0.96417433,96.42,Critical,Immediate,Immediate retention intervention
CUST132494,1,0.96423465,96.42,Critical,Immediate,Immediate retention intervention
CUST142875,1,0.96422964,96.42,Critical,Immediate,Immediate retention intervention
CUST112150,0,0.9641957,96.42,Critical,Immediate,Immediate retention intervention
CUST117229,1,0.96409523,96.41,Critical,Immediate,Immediate retention intervention
CUST105574,1,0.964128,96.41,Critical,Immediate,Immediate retention intervention
CUST108537,1,0.96406865,96.41,Critical,Immediate,Immediate retention intervention
CUST142973,1,0.9641256,96.41,Critical,Immediate,Immediate retention intervention
CUST113068,1,0.964079,96.41,Critical,Immediate,Immediate retention intervention
CUST132463,1,0.9640805,96.41,Critical,Immediate,Immediate retention intervention
CUST138498,1,0.96412206,96.41,Critical,Immediate,Immediate retention intervention
CUST139671,1,0.9639998,96.4,Critical,Immediate,Immediate retention intervention
CUST120611,1,0.9640115,96.4,Critical,Immediate,Immediate retention intervention
CUST129275,0,0.96398246,96.4,Critical,Immediate,Immediate retention intervention
CUST110075,1,0.9639924,96.4,Critical,Immediate,Immediate retention intervention
CUST116261,1,0.9640066,96.4,Critical,Immediate,Immediate retention intervention
CUST134150,1,0.96404207,96.4,Critical,Immediate,Immediate retention intervention
CUST102332,1,0.96399975,96.4,Critical,Immediate,Immediate retention intervention
CUST131405,1,0.96402377,96.4,Critical,Immediate,Immediate retention intervention
CUST100872,1,0.9639905,96.4,Critical,Immediate,Immediate retention intervention
CUST124046,1,0.9639612,96.4,Critical,Immediate,Immediate retention intervention
CUST126494,1,0.9640448,96.4,Critical,Immediate,Immediate retention intervention
CUST140328,1,0.9640365,96.4,Critical,Immediate,Immediate retention intervention
CUST113058,1,0.96403396,96.4,Critical,Immediate,Immediate retention intervention
CUST144162,1,0.9639071,96.39,Critical,Immediate,Immediate retention intervention
CUST101668,1,0.9638839,96.39,Critical,Immediate,Immediate retention intervention
CUST141946,1,0.9638786,96.39,Critical,Immediate,Immediate retention intervention
CUST124540,1,0.9638966,96.39,Critical,Immediate,Immediate retention intervention
CUST109891,1,0.96386635,96.39,Critical,Immediate,Immediate retention intervention
CUST100776,1,0.9639265,96.39,Critical,Immediate,Immediate retention intervention
CUST134869,1,0.96390754,96.39,Critical,Immediate,Immediate retention intervention
CUST141173,1,0.9639439,96.39,Critical,Immediate,Immediate retention intervention
CUST143383,1,0.9639262,96.39,Critical,Immediate,Immediate retention intervention
CUST107225,1,0.96390814,96.39,Critical,Immediate,Immediate retention intervention
CUST124320,1,0.9638892,96.39,Critical,Immediate,Immediate retention intervention
CUST102997,1,0.96379715,96.38,Critical,Immediate,Immediate retention intervention
CUST112876,1,0.96384037,96.38,Critical,Immediate,Immediate retention intervention
CUST130179,1,0.9638426,96.38,Critical,Immediate,Immediate retention intervention
CUST140306,1,0.9638341,96.38,Critical,Immediate,Immediate retention intervention
CUST142982,1,0.9638293,96.38,Critical,Immediate,Immediate retention intervention
CUST138354,1,0.9638254,96.38,Critical,Immediate,Immediate retention intervention
CUST106254,1,0.9638369,96.38,Critical,Immediate,Immediate retention intervention
CUST112276,1,0.9637521,96.38,Critical,Immediate,Immediate retention intervention
CUST111045,1,0.96375763,96.38,Critical,Immediate,Immediate retention intervention
CUST102783,1,0.9637201,96.37,Critical,Immediate,Immediate retention intervention
CUST105376,0,0.96371734,96.37,Critical,Immediate,Immediate retention intervention
CUST118414,1,0.96373284,96.37,Critical,Immediate,Immediate retention intervention
CUST146417,1,0.963729,96.37,Critical,Immediate,Immediate retention intervention
CUST140092,1,0.96369064,96.37,Critical,Immediate,Immediate retention intervention
CUST134225,1,0.9637019,96.37,Critical,Immediate,Immediate retention intervention
CUST113953,1,0.96360916,96.36,Critical,Immediate,Immediate retention intervention
CUST109325,1,0.96363306,96.36,Critical,Immediate,Immediate retention intervention
CUST139998,1,0.9635692,96.36,Critical,Immediate,Immediate retention intervention
CUST119439,1,0.9636466,96.36,Critical,Immediate,Immediate retention intervention
CUST117599,1,0.96356696,96.36,Critical,Immediate,Immediate retention intervention
CUST122146,1,0.9635704,96.36,Critical,Immediate,Immediate retention intervention
CUST128843,1,0.9635508,96.36,Critical,Immediate,Immediate retention intervention
CUST113587,1,0.9635562,96.36,Critical,Immediate,Immediate retention intervention
CUST122026,1,0.9635673,96.36,Critical,Immediate,Immediate retention intervention
CUST101253,1,0.963458,96.35,Critical,Immediate,Immediate retention intervention
CUST121507,1,0.96350014,96.35,Critical,Immediate,Immediate retention intervention
CUST136703,1,0.96354663,96.35,Critical,Immediate,Immediate retention intervention
CUST112077,1,0.9634507,96.35,Critical,Immediate,Immediate retention intervention
CUST144433,0,0.96346265,96.35,Critical,Immediate,Immediate retention intervention
CUST126995,1,0.96351165,96.35,Critical,Immediate,Immediate retention intervention
CUST145053,1,0.9634562,96.35,Critical,Immediate,Immediate retention intervention
CUST110808,1,0.96339047,96.34,Critical,Immediate,Immediate retention intervention
CUST127556,0,0.9633743,96.34,Critical,Immediate,Immediate retention intervention
CUST129116,1,0.9634279,96.34,Critical,Immediate,Immediate retention intervention
CUST145359,1,0.96336305,96.34,Critical,Immediate,Immediate retention intervention
CUST108085,1,0.963343,96.33,Critical,Immediate,Immediate retention intervention
CUST147571,1,0.96326274,96.33,Critical,Immediate,Immediate retention intervention
CUST142604,1,0.9633062,96.33,Critical,Immediate,Immediate retention intervention
CUST113649,1,0.9632606,96.33,Critical,Immediate,Immediate retention intervention
CUST132534,1,0.96333283,96.33,Critical,Immediate,Immediate retention intervention
CUST133602,1,0.9632513,96.33,Critical,Immediate,Immediate retention intervention
CUST124368,1,0.9631948,96.32,Critical,Immediate,Immediate retention intervention
CUST131334,1,0.9631671,96.32,Critical,Immediate,Immediate retention intervention
CUST104499,1,0.96322256,96.32,Critical,Immediate,Immediate retention intervention
CUST107298,1,0.9631603,96.32,Critical,Immediate,Immediate retention intervention
CUST145995,1,0.9632459,96.32,Critical,Immediate,Immediate retention intervention
CUST127858,1,0.9631852,96.32,Critical,Immediate,Immediate retention intervention
CUST125604,1,0.9631917,96.32,Critical,Immediate,Immediate retention intervention
CUST119366,1,0.9631185,96.31,Critical,Immediate,Immediate retention intervention
CUST135532,1,0.96305925,96.31,Critical,Immediate,Immediate retention intervention
CUST135238,1,0.9631184,96.31,Critical,Immediate,Immediate retention intervention
CUST110414,1,0.9631112,96.31,Critical,Immediate,Immediate retention intervention
CUST131235,1,0.96307284,96.31,Critical,Immediate,Immediate retention intervention
CUST139313,1,0.963056,96.31,Critical,Immediate,Immediate retention intervention
CUST112679,1,0.9630832,96.31,Critical,Immediate,Immediate retention intervention
CUST119945,1,0.96299344,96.3,Critical,Immediate,Immediate retention intervention
CUST101700,1,0.9629561,96.3,Critical,Immediate,Immediate retention intervention
CUST131265,1,0.96296424,96.3,Critical,Immediate,Immediate retention intervention
CUST144881,1,0.96301293,96.3,Critical,Immediate,Immediate retention intervention
CUST125088,1,0.96301633,96.3,Critical,Immediate,Immediate retention intervention
CUST103201,1,0.9630335,96.3,Critical,Immediate,Immediate retention intervention
CUST120115,1,0.9629709,96.3,Critical,Immediate,Immediate retention intervention
CUST120136,1,0.96304023,96.3,Critical,Immediate,Immediate retention intervention
CUST137548,1,0.9629668,96.3,Critical,Immediate,Immediate retention intervention
CUST139451,1,0.9630273,96.3,Critical,Immediate,Immediate retention intervention
CUST118196,1,0.96294814,96.29,Critical,Immediate,Immediate retention intervention
CUST146246,1,0.9629497,96.29,Critical,Immediate,Immediate retention intervention
CUST129823,1,0.96287805,96.29,Critical,Immediate,Immediate retention intervention
CUST117993,1,0.96292967,96.29,Critical,Immediate,Immediate retention intervention
CUST105519,1,0.96288645,96.29,Critical,Immediate,Immediate retention intervention
CUST108539,1,0.9628533,96.29,Critical,Immediate,Immediate retention intervention
CUST111788,1,0.962927,96.29,Critical,Immediate,Immediate retention intervention
CUST102034,0,0.9629207,96.29,Critical,Immediate,Immediate retention intervention
CUST111023,1,0.96286756,96.29,Critical,Immediate,Immediate retention intervention
CUST103541,1,0.9628743,96.29,Critical,Immediate,Immediate retention intervention
CUST105644,1,0.96285385,96.29,Critical,Immediate,Immediate retention intervention
CUST126445,0,0.96284676,96.28,Critical,Immediate,Immediate retention intervention
CUST136100,1,0.96284944,96.28,Critical,Immediate,Immediate retention intervention
CUST138232,1,0.9628087,96.28,Critical,Immediate,Immediate retention intervention
CUST114275,1,0.9628345,96.28,Critical,Immediate,Immediate retention intervention
CUST132225,1,0.96280766,96.28,Critical,Immediate,Immediate retention intervention
CUST142087,1,0.9627725,96.28,Critical,Immediate,Immediate retention intervention
CUST108305,1,0.9628219,96.28,Critical,Immediate,Immediate retention intervention
CUST108380,1,0.9627597,96.28,Critical,Immediate,Immediate retention intervention
CUST143471,1,0.9628096,96.28,Critical,Immediate,Immediate retention intervention
CUST147779,1,0.9627634,96.28,Critical,Immediate,Immediate retention intervention
CUST133431,1,0.9628165,96.28,Critical,Immediate,Immediate retention intervention
CUST141318,0,0.96280146,96.28,Critical,Immediate,Immediate retention intervention
CUST111614,0,0.9628171,96.28,Critical,Immediate,Immediate retention intervention
CUST111735,1,0.9628438,96.28,Critical,Immediate,Immediate retention intervention
CUST115931,1,0.9628184,96.28,Critical,Immediate,Immediate retention intervention
CUST137150,1,0.9627422,96.27,Critical,Immediate,Immediate retention intervention
CUST112054,1,0.9627195,96.27,Critical,Immediate,Immediate retention intervention
CUST143592,1,0.9626564,96.27,Critical,Immediate,Immediate retention intervention
CUST116246,1,0.96271515,96.27,Critical,Immediate,Immediate retention intervention
CUST127097,1,0.96268255,96.27,Critical,Immediate,Immediate retention intervention
CUST106630,1,0.9626604,96.27,Critical,Immediate,Immediate retention intervention
CUST125910,1,0.9626755,96.27,Critical,Immediate,Immediate retention intervention
CUST108880,1,0.9626595,96.27,Critical,Immediate,Immediate retention intervention
CUST101723,1,0.9626864,96.27,Critical,Immediate,Immediate retention intervention
CUST113531,1,0.96272016,96.27,Critical,Immediate,Immediate retention intervention
CUST107442,1,0.9625858,96.26,Critical,Immediate,Immediate retention intervention
CUST120832,1,0.96255463,96.26,Critical,Immediate,Immediate retention intervention
CUST101950,1,0.9626008,96.26,Critical,Immediate,Immediate retention intervention
CUST119308,1,0.9626073,96.26,Critical,Immediate,Immediate retention intervention
CUST111779,1,0.9625602,96.26,Critical,Immediate,Immediate retention intervention
CUST112443,1,0.96258295,96.26,Critical,Immediate,Immediate retention intervention
CUST107469,1,0.9625691,96.26,Critical,Immediate,Immediate retention intervention
CUST122077,1,0.96248996,96.25,Critical,Immediate,Immediate retention intervention
CUST100045,0,0.96253014,96.25,Critical,Immediate,Immediate retention intervention
CUST100643,1,0.96252793,96.25,Critical,Immediate,Immediate retention intervention
CUST124446,1,0.962534,96.25,Critical,Immediate,Immediate retention intervention
CUST110543,1,0.96245074,96.25,Critical,Immediate,Immediate retention intervention
CUST135549,1,0.96245605,96.25,Critical,Immediate,Immediate retention intervention
CUST146360,1,0.9623771,96.24,Critical,Immediate,Immediate retention intervention
CUST105637,1,0.9623532,96.24,Critical,Immediate,Immediate retention intervention
CUST129872,1,0.96237797,96.24,Critical,Immediate,Immediate retention intervention
CUST137787,1,0.9623612,96.24,Critical,Immediate,Immediate retention intervention
CUST124607,1,0.9623942,96.24,Critical,Immediate,Immediate retention intervention
CUST112100,1,0.9623563,96.24,Critical,Immediate,Immediate retention intervention
CUST102080,1,0.9624035,96.24,Critical,Immediate,Immediate retention intervention
CUST119485,1,0.9623908,96.24,Critical,Immediate,Immediate retention intervention
CUST123398,1,0.9622584,96.23,Critical,Immediate,Immediate retention intervention
CUST132389,0,0.9622519,96.23,Critical,Immediate,Immediate retention intervention
CUST118388,1,0.9622879,96.23,Critical,Immediate,Immediate retention intervention
CUST130647,1,0.96231395,96.23,Critical,Immediate,Immediate retention intervention
CUST117878,1,0.96222764,96.22,Critical,Immediate,Immediate retention intervention
CUST110781,1,0.96221703,96.22,Critical,Immediate,Immediate retention intervention
CUST126975,1,0.96221745,96.22,Critical,Immediate,Immediate retention intervention
CUST125399,0,0.96219736,96.22,Critical,Immediate,Immediate retention intervention
CUST132553,1,0.9621559,96.22,Critical,Immediate,Immediate retention intervention
CUST136053,1,0.9622157,96.22,Critical,Immediate,Immediate retention intervention
CUST137578,0,0.96221614,96.22,Critical,Immediate,Immediate retention intervention
CUST129866,1,0.96220577,96.22,Critical,Immediate,Immediate retention intervention
CUST129114,1,0.96209174,96.21,Critical,Immediate,Immediate retention intervention
CUST124973,1,0.96214056,96.21,Critical,Immediate,Immediate retention intervention
CUST123265,0,0.96207875,96.21,Critical,Immediate,Immediate retention intervention
CUST116994,1,0.96206576,96.21,Critical,Immediate,Immediate retention intervention
CUST145280,1,0.96205163,96.21,Critical,Immediate,Immediate retention intervention
CUST129736,1,0.96211183,96.21,Critical,Immediate,Immediate retention intervention
CUST136323,1,0.96213084,96.21,Critical,Immediate,Immediate retention intervention
CUST119168,1,0.9621079,96.21,Critical,Immediate,Immediate retention intervention
CUST141321,1,0.962073,96.21,Critical,Immediate,Immediate retention intervention
CUST109746,1,0.96198565,96.2,Critical,Immediate,Immediate retention intervention
CUST147020,1,0.96195483,96.2,Critical,Immediate,Immediate retention intervention
CUST144585,1,0.96201533,96.2,Critical,Immediate,Immediate retention intervention
CUST100449,0,0.96195483,96.2,Critical,Immediate,Immediate retention intervention
CUST125264,1,0.9620463,96.2,Critical,Immediate,Immediate retention intervention
CUST137901,1,0.9620335,96.2,Critical,Immediate,Immediate retention intervention
CUST140406,1,0.9618561,96.19,Critical,Immediate,Immediate retention intervention
CUST118322,0,0.9619408,96.19,Critical,Immediate,Immediate retention intervention
CUST121436,1,0.96192354,96.19,Critical,Immediate,Immediate retention intervention
CUST125346,1,0.961939,96.19,Critical,Immediate,Immediate retention intervention
CUST132626,1,0.961916,96.19,Critical,Immediate,Immediate retention intervention
CUST104874,1,0.9619276,96.19,Critical,Immediate,Immediate retention intervention
CUST119564,1,0.96182215,96.18,Critical,Immediate,Immediate retention intervention
CUST133318,1,0.96178645,96.18,Critical,Immediate,Immediate retention intervention
CUST131821,1,0.961831,96.18,Critical,Immediate,Immediate retention intervention
CUST138373,1,0.9618373,96.18,Critical,Immediate,Immediate retention intervention
CUST141028,1,0.9617971,96.18,Critical,Immediate,Immediate retention intervention
CUST109751,0,0.9617559,96.18,Critical,Immediate,Immediate retention intervention
CUST145430,1,0.9617765,96.18,Critical,Immediate,Immediate retention intervention
CUST127353,1,0.96181303,96.18,Critical,Immediate,Immediate retention intervention
CUST100236,1,0.9618162,96.18,Critical,Immediate,Immediate retention intervention
CUST130045,1,0.96181524,96.18,Critical,Immediate,Immediate retention intervention
CUST125726,1,0.961825,96.18,Critical,Immediate,Immediate retention intervention
CUST119146,1,0.96177685,96.18,Critical,Immediate,Immediate retention intervention
CUST101564,1,0.9616742,96.17,Critical,Immediate,Immediate retention intervention
CUST104462,1,0.96172416,96.17,Critical,Immediate,Immediate retention intervention
CUST132706,1,0.96166337,96.17,Critical,Immediate,Immediate retention intervention
CUST110565,1,0.96167827,96.17,Critical,Immediate,Immediate retention intervention
CUST108314,1,0.96174806,96.17,Critical,Immediate,Immediate retention intervention
CUST120406,1,0.961674,96.17,Critical,Immediate,Immediate retention intervention
CUST111225,1,0.9616836,96.17,Critical,Immediate,Immediate retention intervention
CUST121039,1,0.96174103,96.17,Critical,Immediate,Immediate retention intervention
CUST131431,1,0.96158767,96.16,Critical,Immediate,Immediate retention intervention
CUST105371,1,0.9616152,96.16,Critical,Immediate,Immediate retention intervention
CUST147835,1,0.9616292,96.16,Critical,Immediate,Immediate retention intervention
CUST107961,1,0.96154547,96.15,Critical,Immediate,Immediate retention intervention
CUST116734,1,0.9614619,96.15,Critical,Immediate,Immediate retention intervention
CUST102147,1,0.9614585,96.15,Critical,Immediate,Immediate retention intervention
CUST134070,1,0.9614815,96.15,Critical,Immediate,Immediate retention intervention
CUST116526,1,0.96147084,96.15,Critical,Immediate,Immediate retention intervention
CUST102687,1,0.9615213,96.15,Critical,Immediate,Immediate retention intervention
CUST113723,1,0.9615411,96.15,Critical,Immediate,Immediate retention intervention
CUST115973,1,0.96147466,96.15,Critical,Immediate,Immediate retention intervention
CUST102779,1,0.9614033,96.14,Critical,Immediate,Immediate retention intervention
CUST123046,1,0.96138984,96.14,Critical,Immediate,Immediate retention intervention
CUST118098,1,0.9614426,96.14,Critical,Immediate,Immediate retention intervention
CUST124921,1,0.9614153,96.14,Critical,Immediate,Immediate retention intervention
CUST115472,1,0.9613883,96.14,Critical,Immediate,Immediate retention intervention
CUST108960,1,0.9613731,96.14,Critical,Immediate,Immediate retention intervention
CUST117220,1,0.9613753,96.14,Critical,Immediate,Immediate retention intervention
CUST105439,1,0.96136385,96.14,Critical,Immediate,Immediate retention intervention
CUST119527,1,0.96143115,96.14,Critical,Immediate,Immediate retention intervention
CUST104156,1,0.96134335,96.13,Critical,Immediate,Immediate retention intervention
CUST117569,1,0.9612597,96.13,Critical,Immediate,Immediate retention intervention
CUST101873,1,0.96126723,96.13,Critical,Immediate,Immediate retention intervention
CUST100465,1,0.96126246,96.13,Critical,Immediate,Immediate retention intervention
CUST140854,1,0.9613428,96.13,Critical,Immediate,Immediate retention intervention
CUST111611,1,0.9612831,96.13,Critical,Immediate,Immediate retention intervention
CUST115083,0,0.9613279,96.13,Critical,Immediate,Immediate retention intervention
CUST111789,1,0.9613444,96.13,Critical,Immediate,Immediate retention intervention
CUST143490,1,0.96133554,96.13,Critical,Immediate,Immediate retention intervention
CUST133555,1,0.96126944,96.13,Critical,Immediate,Immediate retention intervention
CUST125878,1,0.96122944,96.12,Critical,Immediate,Immediate retention intervention
CUST131654,0,0.96120805,96.12,Critical,Immediate,Immediate retention intervention
CUST124243,1,0.961211,96.12,Critical,Immediate,Immediate retention intervention
CUST123148,1,0.96123594,96.12,Critical,Immediate,Immediate retention intervention
CUST130514,1,0.9611986,96.12,Critical,Immediate,Immediate retention intervention
CUST129263,1,0.96115017,96.12,Critical,Immediate,Immediate retention intervention
CUST103660,1,0.9611537,96.12,Critical,Immediate,Immediate retention intervention
CUST135018,1,0.96118814,96.12,Critical,Immediate,Immediate retention intervention
CUST100647,1,0.96119577,96.12,Critical,Immediate,Immediate retention intervention
CUST105829,1,0.96118957,96.12,Critical,Immediate,Immediate retention intervention
CUST118931,1,0.96107095,96.11,Critical,Immediate,Immediate retention intervention
CUST109259,1,0.9610637,96.11,Critical,Immediate,Immediate retention intervention
CUST103817,1,0.9610583,96.11,Critical,Immediate,Immediate retention intervention
CUST112861,1,0.961055,96.11,Critical,Immediate,Immediate retention intervention
CUST106326,1,0.96109617,96.11,Critical,Immediate,Immediate retention intervention
CUST101439,1,0.96108365,96.11,Critical,Immediate,Immediate retention intervention
CUST124174,1,0.9610768,96.11,Critical,Immediate,Immediate retention intervention
CUST104195,1,0.96112835,96.11,Critical,Immediate,Immediate retention intervention
CUST120888,1,0.9610225,96.1,Critical,Immediate,Immediate retention intervention
CUST119175,1,0.9609732,96.1,Critical,Immediate,Immediate retention intervention
CUST130026,1,0.96092355,96.09,Critical,Immediate,Immediate retention intervention
CUST115659,1,0.96094775,96.09,Critical,Immediate,Immediate retention intervention
CUST101091,1,0.9609272,96.09,Critical,Immediate,Immediate retention intervention
CUST137751,1,0.9608852,96.09,Critical,Immediate,Immediate retention intervention
CUST131449,1,0.96088624,96.09,Critical,Immediate,Immediate retention intervention
CUST139129,1,0.96092397,96.09,Critical,Immediate,Immediate retention intervention
CUST108152,1,0.9608017,96.08,Critical,Immediate,Immediate retention intervention
CUST101672,1,0.9608158,96.08,Critical,Immediate,Immediate retention intervention
CUST142926,1,0.96075684,96.08,Critical,Immediate,Immediate retention intervention
CUST101148,1,0.9607804,96.08,Critical,Immediate,Immediate retention intervention
CUST106376,1,0.96075284,96.08,Critical,Immediate,Immediate retention intervention
CUST139043,1,0.9606512,96.07,Critical,Immediate,Immediate retention intervention
CUST143402,1,0.9607025,96.07,Critical,Immediate,Immediate retention intervention
CUST127849,1,0.9607284,96.07,Critical,Immediate,Immediate retention intervention
CUST119359,1,0.9607376,96.07,Critical,Immediate,Immediate retention intervention
CUST107949,1,0.9606896,96.07,Critical,Immediate,Immediate retention intervention
CUST121187,1,0.960581,96.06,Critical,Immediate,Immediate retention intervention
CUST102751,1,0.960583,96.06,Critical,Immediate,Immediate retention intervention
CUST140295,1,0.9605676,96.06,Critical,Immediate,Immediate retention intervention
CUST107780,1,0.9605772,96.06,Critical,Immediate,Immediate retention intervention
CUST101284,1,0.96063745,96.06,Critical,Immediate,Immediate retention intervention
CUST110652,1,0.9606193,96.06,Critical,Immediate,Immediate retention intervention
CUST103455,1,0.96060675,96.06,Critical,Immediate,Immediate retention intervention
CUST110382,1,0.9605404,96.05,Critical,Immediate,Immediate retention intervention
CUST112825,1,0.9604678,96.05,Critical,Immediate,Immediate retention intervention
CUST116141,1,0.9605036,96.05,Critical,Immediate,Immediate retention intervention
CUST108016,1,0.96048224,96.05,Critical,Immediate,Immediate retention intervention
CUST131522,1,0.9605159,96.05,Critical,Immediate,Immediate retention intervention
CUST134598,1,0.9604687,96.05,Critical,Immediate,Immediate retention intervention
CUST147536,0,0.96051204,96.05,Critical,Immediate,Immediate retention intervention
CUST116586,1,0.9604585,96.05,Critical,Immediate,Immediate retention intervention
CUST127647,1,0.960392,96.04,Critical,Immediate,Immediate retention intervention
CUST137617,1,0.960445,96.04,Critical,Immediate,Immediate retention intervention
CUST113158,1,0.96041393,96.04,Critical,Immediate,Immediate retention intervention
CUST129510,1,0.9604001,96.04,Critical,Immediate,Immediate retention intervention
CUST115714,1,0.960429,96.04,Critical,Immediate,Immediate retention intervention
CUST135881,1,0.96039045,96.04,Critical,Immediate,Immediate retention intervention
CUST116916,1,0.960401,96.04,Critical,Immediate,Immediate retention intervention
CUST107650,1,0.9602535,96.03,Critical,Immediate,Immediate retention intervention
CUST140845,1,0.9603212,96.03,Critical,Immediate,Immediate retention intervention
CUST147970,1,0.9602509,96.03,Critical,Immediate,Immediate retention intervention
CUST113291,1,0.96031356,96.03,Critical,Immediate,Immediate retention intervention
CUST137886,1,0.96032053,96.03,Critical,Immediate,Immediate retention intervention
CUST103501,1,0.96027017,96.03,Critical,Immediate,Immediate retention intervention
CUST147841,1,0.96024996,96.02,Critical,Immediate,Immediate retention intervention
CUST104217,1,0.9601728,96.02,Critical,Immediate,Immediate retention intervention
CUST101118,1,0.9602267,96.02,Critical,Immediate,Immediate retention intervention
CUST146546,1,0.9601802,96.02,Critical,Immediate,Immediate retention intervention
CUST123877,1,0.96013474,96.01,Critical,Immediate,Immediate retention intervention
CUST101387,0,0.96013683,96.01,Critical,Immediate,Immediate retention intervention
CUST112667,1,0.96011615,96.01,Critical,Immediate,Immediate retention intervention
CUST135459,1,0.9600687,96.01,Critical,Immediate,Immediate retention intervention
CUST147270,1,0.96014345,96.01,Critical,Immediate,Immediate retention intervention
CUST128665,1,0.9599884,96.0,Critical,Immediate,Immediate retention intervention
CUST129977,1,0.96004456,96.0,Critical,Immediate,Immediate retention intervention
CUST142786,1,0.9600382,96.0,Critical,Immediate,Immediate retention intervention
CUST134215,1,0.9599996,96.0,Critical,Immediate,Immediate retention intervention
CUST104219,1,0.9598912,95.99,Critical,Immediate,Immediate retention intervention
CUST107957,1,0.9598759,95.99,Critical,Immediate,Immediate retention intervention
CUST139266,1,0.9599019,95.99,Critical,Immediate,Immediate retention intervention
CUST137370,1,0.9599006,95.99,Critical,Immediate,Immediate retention intervention
CUST100628,1,0.9599139,95.99,Critical,Immediate,Immediate retention intervention
CUST126521,1,0.95990545,95.99,Critical,Immediate,Immediate retention intervention
CUST116883,1,0.9597608,95.98,Critical,Immediate,Immediate retention intervention
CUST113622,1,0.95982814,95.98,Critical,Immediate,Immediate retention intervention
CUST101879,1,0.9598442,95.98,Critical,Immediate,Immediate retention intervention
CUST146536,1,0.95980954,95.98,Critical,Immediate,Immediate retention intervention
CUST106972,1,0.95983464,95.98,Critical,Immediate,Immediate retention intervention
CUST136114,1,0.9597967,95.98,Critical,Immediate,Immediate retention intervention
CUST124432,1,0.9597983,95.98,Critical,Immediate,Immediate retention intervention
CUST139837,1,0.95982504,95.98,Critical,Immediate,Immediate retention intervention
CUST127249,1,0.95979935,95.98,Critical,Immediate,Immediate retention intervention
CUST119684,1,0.9598178,95.98,Critical,Immediate,Immediate retention intervention
CUST145446,1,0.95966935,95.97,Critical,Immediate,Immediate retention intervention
CUST130367,1,0.9596958,95.97,Critical,Immediate,Immediate retention intervention
CUST133745,1,0.9596901,95.97,Critical,Immediate,Immediate retention intervention
CUST143959,0,0.95965827,95.97,Critical,Immediate,Immediate retention intervention
CUST141509,1,0.9596541,95.97,Critical,Immediate,Immediate retention intervention
CUST102490,1,0.9597082,95.97,Critical,Immediate,Immediate retention intervention
CUST105410,1,0.9597296,95.97,Critical,Immediate,Immediate retention intervention
CUST135138,1,0.9596791,95.97,Critical,Immediate,Immediate retention intervention
CUST125694,1,0.95962423,95.96,Critical,Immediate,Immediate retention intervention
CUST129909,1,0.95955575,95.96,Critical,Immediate,Immediate retention intervention
CUST122877,1,0.9596344,95.96,Critical,Immediate,Immediate retention intervention
CUST122744,0,0.9595546,95.96,Critical,Immediate,Immediate retention intervention
CUST135474,1,0.9595687,95.96,Critical,Immediate,Immediate retention intervention
CUST136731,0,0.9596014,95.96,Critical,Immediate,Immediate retention intervention
CUST141852,1,0.9595392,95.95,Critical,Immediate,Immediate retention intervention
CUST103335,1,0.95954555,95.95,Critical,Immediate,Immediate retention intervention
CUST130328,1,0.95946795,95.95,Critical,Immediate,Immediate retention intervention
CUST115111,1,0.95953995,95.95,Critical,Immediate,Immediate retention intervention
CUST121214,1,0.95947474,95.95,Critical,Immediate,Immediate retention intervention
CUST108436,1,0.9594768,95.95,Critical,Immediate,Immediate retention intervention
CUST128438,1,0.9593671,95.94,Critical,Immediate,Immediate retention intervention
CUST100803,1,0.95941484,95.94,Critical,Immediate,Immediate retention intervention
CUST143033,1,0.9594339,95.94,Critical,Immediate,Immediate retention intervention
CUST146818,1,0.9593777,95.94,Critical,Immediate,Immediate retention intervention
CUST128045,1,0.9594145,95.94,Critical,Immediate,Immediate retention intervention
CUST124482,1,0.95930994,95.93,Critical,Immediate,Immediate retention intervention
CUST102306,1,0.95932066,95.93,Critical,Immediate,Immediate retention intervention
CUST130686,1,0.95928276,95.93,Critical,Immediate,Immediate retention intervention
CUST101154,1,0.95933354,95.93,Critical,Immediate,Immediate retention intervention
CUST136202,1,0.9593334,95.93,Critical,Immediate,Immediate retention intervention
CUST129971,1,0.95932597,95.93,Critical,Immediate,Immediate retention intervention
CUST139404,1,0.9593432,95.93,Critical,Immediate,Immediate retention intervention
CUST124339,1,0.95930016,95.93,Critical,Immediate,Immediate retention intervention
CUST104732,1,0.95925003,95.92,Critical,Immediate,Immediate retention intervention
CUST102096,1,0.95919,95.92,Critical,Immediate,Immediate retention intervention
CUST104442,1,0.9592127,95.92,Critical,Immediate,Immediate retention intervention
CUST133163,0,0.95924884,95.92,Critical,Immediate,Immediate retention intervention
CUST134563,1,0.9591897,95.92,Critical,Immediate,Immediate retention intervention
CUST135863,1,0.95924217,95.92,Critical,Immediate,Immediate retention intervention
CUST100130,0,0.95910484,95.91,Critical,Immediate,Immediate retention intervention
CUST132153,1,0.95912546,95.91,Critical,Immediate,Immediate retention intervention
CUST132363,1,0.95906514,95.91,Critical,Immediate,Immediate retention intervention
CUST103228,0,0.95909077,95.91,Critical,Immediate,Immediate retention intervention
CUST139194,0,0.95914125,95.91,Critical,Immediate,Immediate retention intervention
CUST125485,1,0.9590647,95.91,Critical,Immediate,Immediate retention intervention
CUST138067,1,0.95906866,95.91,Critical,Immediate,Immediate retention intervention
CUST114237,1,0.95905197,95.91,Critical,Immediate,Immediate retention intervention
CUST120107,1,0.9589771,95.9,Critical,Immediate,Immediate retention intervention
CUST110203,1,0.95899856,95.9,Critical,Immediate,Immediate retention intervention
CUST119107,1,0.9588811,95.89,Critical,Immediate,Immediate retention intervention
CUST109269,1,0.9589182,95.89,Critical,Immediate,Immediate retention intervention
CUST125799,1,0.95886344,95.89,Critical,Immediate,Immediate retention intervention
CUST101390,1,0.9589173,95.89,Critical,Immediate,Immediate retention intervention
CUST137939,1,0.95892775,95.89,Critical,Immediate,Immediate retention intervention
CUST112192,1,0.958916,95.89,Critical,Immediate,Immediate retention intervention
CUST122526,1,0.95876926,95.88,Critical,Immediate,Immediate retention intervention
CUST131392,1,0.958829,95.88,Critical,Immediate,Immediate retention intervention
CUST132631,1,0.95876646,95.88,Critical,Immediate,Immediate retention intervention
CUST137356,1,0.958693,95.87,Critical,Immediate,Immediate retention intervention
CUST102239,1,0.9587079,95.87,Critical,Immediate,Immediate retention intervention
CUST127157,0,0.9586861,95.87,Critical,Immediate,Immediate retention intervention
CUST102806,1,0.9587,95.87,Critical,Immediate,Immediate retention intervention
CUST116521,1,0.95867646,95.87,Critical,Immediate,Immediate retention intervention
CUST120151,1,0.95861226,95.86,Critical,Immediate,Immediate retention intervention
CUST129964,1,0.9586448,95.86,Critical,Immediate,Immediate retention intervention
CUST112907,1,0.9585817,95.86,Critical,Immediate,Immediate retention intervention
CUST105709,1,0.9586227,95.86,Critical,Immediate,Immediate retention intervention
CUST144791,1,0.9585661,95.86,Critical,Immediate,Immediate retention intervention
CUST119792,1,0.95859444,95.86,Critical,Immediate,Immediate retention intervention
CUST101517,0,0.95857143,95.86,Critical,Immediate,Immediate retention intervention
CUST113440,1,0.95856345,95.86,Critical,Immediate,Immediate retention intervention
CUST100301,1,0.9585942,95.86,Critical,Immediate,Immediate retention intervention
CUST130622,1,0.95856375,95.86,Critical,Immediate,Immediate retention intervention
CUST128501,1,0.9586014,95.86,Critical,Immediate,Immediate retention intervention
CUST103712,1,0.95863366,95.86,Critical,Immediate,Immediate retention intervention
CUST134881,1,0.95859486,95.86,Critical,Immediate,Immediate retention intervention
CUST101528,1,0.9585394,95.85,Critical,Immediate,Immediate retention intervention
CUST132672,1,0.9584841,95.85,Critical,Immediate,Immediate retention intervention
CUST113254,1,0.9585364,95.85,Critical,Immediate,Immediate retention intervention
CUST135118,1,0.95847154,95.85,Critical,Immediate,Immediate retention intervention
CUST103782,0,0.9584675,95.85,Critical,Immediate,Immediate retention intervention
CUST108711,1,0.9585236,95.85,Critical,Immediate,Immediate retention intervention
CUST108809,1,0.9584999,95.85,Critical,Immediate,Immediate retention intervention
CUST137129,1,0.95839375,95.84,Critical,Immediate,Immediate retention intervention
CUST100779,1,0.95837057,95.84,Critical,Immediate,Immediate retention intervention
CUST134217,1,0.9583984,95.84,Critical,Immediate,Immediate retention intervention
CUST141434,0,0.9583877,95.84,Critical,Immediate,Immediate retention intervention
CUST116645,1,0.958383,95.84,Critical,Immediate,Immediate retention intervention
CUST147327,1,0.9583651,95.84,Critical,Immediate,Immediate retention intervention
CUST102129,0,0.9583698,95.84,Critical,Immediate,Immediate retention intervention
CUST114211,1,0.9583673,95.84,Critical,Immediate,Immediate retention intervention
CUST114140,1,0.9583113,95.83,Critical,Immediate,Immediate retention intervention
CUST105512,1,0.95833105,95.83,Critical,Immediate,Immediate retention intervention
CUST111839,0,0.9582986,95.83,Critical,Immediate,Immediate retention intervention
CUST132473,1,0.95826024,95.83,Critical,Immediate,Immediate retention intervention
CUST113920,1,0.958305,95.83,Critical,Immediate,Immediate retention intervention
CUST131958,1,0.95834714,95.83,Critical,Immediate,Immediate retention intervention
CUST102926,1,0.9583406,95.83,Critical,Immediate,Immediate retention intervention
CUST101783,1,0.95826495,95.83,Critical,Immediate,Immediate retention intervention
CUST129716,1,0.9583049,95.83,Critical,Immediate,Immediate retention intervention
CUST105986,1,0.95816475,95.82,Critical,Immediate,Immediate retention intervention
CUST115676,1,0.9581721,95.82,Critical,Immediate,Immediate retention intervention
CUST146867,1,0.95823616,95.82,Critical,Immediate,Immediate retention intervention
CUST116340,1,0.95815986,95.82,Critical,Immediate,Immediate retention intervention
CUST141072,1,0.95823884,95.82,Critical,Immediate,Immediate retention intervention
CUST109207,1,0.95806706,95.81,Critical,Immediate,Immediate retention intervention
CUST118450,1,0.9581294,95.81,Critical,Immediate,Immediate retention intervention
CUST134306,1,0.9581477,95.81,Critical,Immediate,Immediate retention intervention
CUST124015,1,0.9580663,95.81,Critical,Immediate,Immediate retention intervention
CUST125224,1,0.95805526,95.81,Critical,Immediate,Immediate retention intervention
CUST113035,1,0.95802087,95.8,Critical,Immediate,Immediate retention intervention
CUST117035,1,0.9580473,95.8,Critical,Immediate,Immediate retention intervention
CUST126976,0,0.9579724,95.8,Critical,Immediate,Immediate retention intervention
CUST122432,1,0.95798683,95.8,Critical,Immediate,Immediate retention intervention
CUST143100,1,0.957912,95.79,Critical,Immediate,Immediate retention intervention
CUST130672,1,0.9578666,95.79,Critical,Immediate,Immediate retention intervention
CUST115094,1,0.95794266,95.79,Critical,Immediate,Immediate retention intervention
CUST100464,1,0.95786595,95.79,Critical,Immediate,Immediate retention intervention
CUST104150,1,0.95779204,95.78,Critical,Immediate,Immediate retention intervention
CUST130321,1,0.95780635,95.78,Critical,Immediate,Immediate retention intervention
CUST128928,1,0.95776916,95.78,Critical,Immediate,Immediate retention intervention
CUST121042,1,0.95776176,95.78,Critical,Immediate,Immediate retention intervention
CUST119977,1,0.9578239,95.78,Critical,Immediate,Immediate retention intervention
CUST141077,1,0.95778155,95.78,Critical,Immediate,Immediate retention intervention
CUST135889,1,0.95774674,95.77,Critical,Immediate,Immediate retention intervention
CUST132226,1,0.95773023,95.77,Critical,Immediate,Immediate retention intervention
CUST126479,1,0.9576619,95.77,Critical,Immediate,Immediate retention intervention
CUST147524,1,0.9575635,95.76,Critical,Immediate,Immediate retention intervention
CUST122579,1,0.95761317,95.76,Critical,Immediate,Immediate retention intervention
CUST143841,1,0.9575727,95.76,Critical,Immediate,Immediate retention intervention
CUST134607,1,0.95757097,95.76,Critical,Immediate,Immediate retention intervention
CUST137333,1,0.9575952,95.76,Critical,Immediate,Immediate retention intervention
CUST112837,1,0.9575192,95.75,Critical,Immediate,Immediate retention intervention
CUST107709,1,0.9575231,95.75,Critical,Immediate,Immediate retention intervention
CUST131755,1,0.95749766,95.75,Critical,Immediate,Immediate retention intervention
CUST123954,1,0.9575126,95.75,Critical,Immediate,Immediate retention intervention
CUST128275,1,0.95738125,95.74,Critical,Immediate,Immediate retention intervention
CUST105311,1,0.9574383,95.74,Critical,Immediate,Immediate retention intervention
CUST147872,1,0.9573546,95.74,Critical,Immediate,Immediate retention intervention
CUST105661,1,0.9574115,95.74,Critical,Immediate,Immediate retention intervention
CUST108109,0,0.9573725,95.74,Critical,Immediate,Immediate retention intervention
CUST125737,1,0.95728993,95.73,Critical,Immediate,Immediate retention intervention
CUST105156,1,0.95734507,95.73,Critical,Immediate,Immediate retention intervention
CUST147562,1,0.95731556,95.73,Critical,Immediate,Immediate retention intervention
CUST126401,1,0.9572886,95.73,Critical,Immediate,Immediate retention intervention
CUST130503,1,0.9572506,95.73,Critical,Immediate,Immediate retention intervention
CUST143472,0,0.9573082,95.73,Critical,Immediate,Immediate retention intervention
CUST107125,0,0.957309,95.73,Critical,Immediate,Immediate retention intervention
CUST136171,1,0.95726806,95.73,Critical,Immediate,Immediate retention intervention
CUST144658,1,0.9572808,95.73,Critical,Immediate,Immediate retention intervention
CUST109813,1,0.95728576,95.73,Critical,Immediate,Immediate retention intervention
CUST108406,1,0.9571623,95.72,Critical,Immediate,Immediate retention intervention
CUST131193,1,0.9572307,95.72,Critical,Immediate,Immediate retention intervention
CUST131656,1,0.9572355,95.72,Critical,Immediate,Immediate retention intervention
CUST103601,1,0.9572178,95.72,Critical,Immediate,Immediate retention intervention
CUST137205,1,0.95715415,95.72,Critical,Immediate,Immediate retention intervention
CUST146264,1,0.95718396,95.72,Critical,Immediate,Immediate retention intervention
CUST141269,1,0.9572246,95.72,Critical,Immediate,Immediate retention intervention
CUST108637,1,0.9571942,95.72,Critical,Immediate,Immediate retention intervention
CUST136081,0,0.95716536,95.72,Critical,Immediate,Immediate retention intervention
CUST132817,1,0.95719695,95.72,Critical,Immediate,Immediate retention intervention
CUST132067,1,0.95708424,95.71,Critical,Immediate,Immediate retention intervention
CUST140400,1,0.95710075,95.71,Critical,Immediate,Immediate retention intervention
CUST101066,1,0.95706373,95.71,Critical,Immediate,Immediate retention intervention
CUST111345,1,0.9571047,95.71,Critical,Immediate,Immediate retention intervention
CUST126239,1,0.9570292,95.7,Critical,Immediate,Immediate retention intervention
CUST133896,1,0.9570313,95.7,Critical,Immediate,Immediate retention intervention
CUST139799,1,0.95701885,95.7,Critical,Immediate,Immediate retention intervention
CUST135223,1,0.95703393,95.7,Critical,Immediate,Immediate retention intervention
CUST112246,1,0.95697224,95.7,Critical,Immediate,Immediate retention intervention
CUST109548,1,0.95692015,95.69,Critical,Immediate,Immediate retention intervention
CUST119509,1,0.9569413,95.69,Critical,Immediate,Immediate retention intervention
CUST124632,1,0.95689017,95.69,Critical,Immediate,Immediate retention intervention
CUST122688,1,0.95691544,95.69,Critical,Immediate,Immediate retention intervention
CUST121578,1,0.95689154,95.69,Critical,Immediate,Immediate retention intervention
CUST101777,1,0.9567798,95.68,Critical,Immediate,Immediate retention intervention
CUST109279,1,0.9567867,95.68,Critical,Immediate,Immediate retention intervention
CUST104109,1,0.95682925,95.68,Critical,Immediate,Immediate retention intervention
CUST134957,1,0.9568068,95.68,Critical,Immediate,Immediate retention intervention
CUST137132,1,0.95677847,95.68,Critical,Immediate,Immediate retention intervention
CUST103774,1,0.9566753,95.67,Critical,Immediate,Immediate retention intervention
CUST132433,0,0.9566903,95.67,Critical,Immediate,Immediate retention intervention
CUST104766,1,0.95673,95.67,Critical,Immediate,Immediate retention intervention
CUST141699,1,0.9566669,95.67,Critical,Immediate,Immediate retention intervention
CUST115584,1,0.95674366,95.67,Critical,Immediate,Immediate retention intervention
CUST102071,1,0.9565882,95.66,Critical,Immediate,Immediate retention intervention
CUST138146,1,0.9566123,95.66,Critical,Immediate,Immediate retention intervention
CUST111600,1,0.9565763,95.66,Critical,Immediate,Immediate retention intervention
CUST136794,1,0.95655394,95.66,Critical,Immediate,Immediate retention intervention
CUST129967,1,0.95657444,95.66,Critical,Immediate,Immediate retention intervention
CUST141339,1,0.9565769,95.66,Critical,Immediate,Immediate retention intervention
CUST141185,1,0.956481,95.65,Critical,Immediate,Immediate retention intervention
CUST140860,1,0.95648783,95.65,Critical,Immediate,Immediate retention intervention
CUST144804,1,0.956461,95.65,Critical,Immediate,Immediate retention intervention
CUST133654,1,0.9565438,95.65,Critical,Immediate,Immediate retention intervention
CUST142852,1,0.956386,95.64,Critical,Immediate,Immediate retention intervention
CUST123557,1,0.95638525,95.64,Critical,Immediate,Immediate retention intervention
CUST122690,1,0.9563545,95.64,Critical,Immediate,Immediate retention intervention
CUST113002,1,0.9563847,95.64,Critical,Immediate,Immediate retention intervention
CUST146469,1,0.9563704,95.64,Critical,Immediate,Immediate retention intervention
CUST146804,1,0.95638293,95.64,Critical,Immediate,Immediate retention intervention
CUST134408,1,0.95635885,95.64,Critical,Immediate,Immediate retention intervention
CUST141419,1,0.95643127,95.64,Critical,Immediate,Immediate retention intervention
CUST132158,0,0.95635724,95.64,Critical,Immediate,Immediate retention intervention
CUST147109,1,0.9563695,95.64,Critical,Immediate,Immediate retention intervention
CUST117224,1,0.9563438,95.63,Critical,Immediate,Immediate retention intervention
CUST121409,1,0.95630807,95.63,Critical,Immediate,Immediate retention intervention
CUST102218,1,0.9563497,95.63,Critical,Immediate,Immediate retention intervention
CUST124489,1,0.9563361,95.63,Critical,Immediate,Immediate retention intervention
CUST147957,1,0.9562674,95.63,Critical,Immediate,Immediate retention intervention
CUST147768,1,0.95631844,95.63,Critical,Immediate,Immediate retention intervention
CUST112273,1,0.9563135,95.63,Critical,Immediate,Immediate retention intervention
CUST108546,1,0.9561781,95.62,Critical,Immediate,Immediate retention intervention
CUST125723,0,0.95615935,95.62,Critical,Immediate,Immediate retention intervention
CUST131430,1,0.9560983,95.61,Critical,Immediate,Immediate retention intervention
CUST133945,1,0.9560634,95.61,Critical,Immediate,Immediate retention intervention
CUST115853,1,0.9561234,95.61,Critical,Immediate,Immediate retention intervention
CUST100882,1,0.9561426,95.61,Critical,Immediate,Immediate retention intervention
CUST115004,0,0.95606977,95.61,Critical,Immediate,Immediate retention intervention
CUST105260,0,0.9560616,95.61,Critical,Immediate,Immediate retention intervention
CUST124894,1,0.9560043,95.6,Critical,Immediate,Immediate retention intervention
CUST135788,1,0.95595366,95.6,Critical,Immediate,Immediate retention intervention
CUST145907,1,0.9560285,95.6,Critical,Immediate,Immediate retention intervention
CUST126398,1,0.9559654,95.6,Critical,Immediate,Immediate retention intervention
CUST131959,1,0.9558888,95.59,Critical,Immediate,Immediate retention intervention
CUST124229,1,0.95594513,95.59,Critical,Immediate,Immediate retention intervention
CUST124886,1,0.95590127,95.59,Critical,Immediate,Immediate retention intervention
CUST134971,1,0.9559154,95.59,Critical,Immediate,Immediate retention intervention
CUST111655,1,0.9559185,95.59,Critical,Immediate,Immediate retention intervention
CUST137625,1,0.955893,95.59,Critical,Immediate,Immediate retention intervention
CUST144426,1,0.95587313,95.59,Critical,Immediate,Immediate retention intervention
CUST119207,1,0.95589197,95.59,Critical,Immediate,Immediate retention intervention
CUST106633,1,0.9557747,95.58,Critical,Immediate,Immediate retention intervention
CUST100732,1,0.95579225,95.58,Critical,Immediate,Immediate retention intervention
CUST142507,1,0.9558252,95.58,Critical,Immediate,Immediate retention intervention
CUST135712,1,0.95579845,95.58,Critical,Immediate,Immediate retention intervention
CUST100339,1,0.95578885,95.58,Critical,Immediate,Immediate retention intervention
CUST115224,1,0.95574814,95.57,Critical,Immediate,Immediate retention intervention
CUST140127,1,0.95568573,95.57,Critical,Immediate,Immediate retention intervention
CUST124534,1,0.95566505,95.57,Critical,Immediate,Immediate retention intervention
CUST134080,1,0.95567584,95.57,Critical,Immediate,Immediate retention intervention
CUST141528,1,0.9556325,95.56,Critical,Immediate,Immediate retention intervention
CUST108200,1,0.95559067,95.56,Critical,Immediate,Immediate retention intervention
CUST138827,1,0.95545226,95.55,Critical,Immediate,Immediate retention intervention
CUST104925,1,0.9555249,95.55,Critical,Immediate,Immediate retention intervention
CUST119095,1,0.95545083,95.55,Critical,Immediate,Immediate retention intervention
CUST118485,1,0.95554966,95.55,Critical,Immediate,Immediate retention intervention
CUST136355,1,0.955539,95.55,Critical,Immediate,Immediate retention intervention
CUST126627,1,0.95547706,95.55,Critical,Immediate,Immediate retention intervention
CUST121258,1,0.9553949,95.54,Critical,Immediate,Immediate retention intervention
CUST139248,1,0.9553961,95.54,Critical,Immediate,Immediate retention intervention
CUST105472,1,0.95542616,95.54,Critical,Immediate,Immediate retention intervention
CUST104148,1,0.95527357,95.53,Critical,Immediate,Immediate retention intervention
CUST137595,1,0.95533854,95.53,Critical,Immediate,Immediate retention intervention
CUST116789,1,0.95525706,95.53,Critical,Immediate,Immediate retention intervention
CUST146057,1,0.95530397,95.53,Critical,Immediate,Immediate retention intervention
CUST142545,1,0.95528775,95.53,Critical,Immediate,Immediate retention intervention
CUST138458,1,0.95532954,95.53,Critical,Immediate,Immediate retention intervention
CUST108398,1,0.9551562,95.52,Critical,Immediate,Immediate retention intervention
CUST113647,1,0.95521814,95.52,Critical,Immediate,Immediate retention intervention
CUST121058,1,0.9551563,95.52,Critical,Immediate,Immediate retention intervention
CUST135464,1,0.9551881,95.52,Critical,Immediate,Immediate retention intervention
CUST106514,1,0.9550797,95.51,Critical,Immediate,Immediate retention intervention
CUST100203,1,0.9551045,95.51,Critical,Immediate,Immediate retention intervention
CUST115808,1,0.9550005,95.5,Critical,Immediate,Immediate retention intervention
CUST100312,1,0.9550178,95.5,Critical,Immediate,Immediate retention intervention
CUST110168,1,0.9549815,95.5,Critical,Immediate,Immediate retention intervention
CUST146679,1,0.9549679,95.5,Critical,Immediate,Immediate retention intervention
CUST134205,1,0.9549851,95.5,Critical,Immediate,Immediate retention intervention
CUST119899,1,0.95492244,95.49,Critical,Immediate,Immediate retention intervention
CUST131317,1,0.95485085,95.49,Critical,Immediate,Immediate retention intervention
CUST147645,1,0.9548544,95.49,Critical,Immediate,Immediate retention intervention
CUST103850,1,0.9549227,95.49,Critical,Immediate,Immediate retention intervention
CUST133048,1,0.95494354,95.49,Critical,Immediate,Immediate retention intervention
CUST102625,1,0.9549467,95.49,Critical,Immediate,Immediate retention intervention
CUST111837,1,0.95481867,95.48,Critical,Immediate,Immediate retention intervention
CUST113156,1,0.95476204,95.48,Critical,Immediate,Immediate retention intervention
CUST145404,1,0.9547713,95.48,Critical,Immediate,Immediate retention intervention
CUST101059,1,0.95475984,95.48,Critical,Immediate,Immediate retention intervention
CUST143741,1,0.9547965,95.48,Critical,Immediate,Immediate retention intervention
CUST124733,1,0.9548328,95.48,Critical,Immediate,Immediate retention intervention
CUST146432,1,0.95484096,95.48,Critical,Immediate,Immediate retention intervention
CUST142523,1,0.95482117,95.48,Critical,Immediate,Immediate retention intervention
CUST111483,1,0.95482713,95.48,Critical,Immediate,Immediate retention intervention
CUST116617,1,0.95466566,95.47,Critical,Immediate,Immediate retention intervention
CUST105658,1,0.9546873,95.47,Critical,Immediate,Immediate retention intervention
CUST117049,1,0.9546567,95.47,Critical,Immediate,Immediate retention intervention
CUST137486,1,0.95471096,95.47,Critical,Immediate,Immediate retention intervention
CUST145308,0,0.9547049,95.47,Critical,Immediate,Immediate retention intervention
CUST101823,1,0.9546573,95.47,Critical,Immediate,Immediate retention intervention
CUST124076,1,0.95467705,95.47,Critical,Immediate,Immediate retention intervention
CUST135406,1,0.9547256,95.47,Critical,Immediate,Immediate retention intervention
CUST147604,1,0.95463896,95.46,Critical,Immediate,Immediate retention intervention
CUST139546,1,0.9545884,95.46,Critical,Immediate,Immediate retention intervention
CUST126579,1,0.9546387,95.46,Critical,Immediate,Immediate retention intervention
CUST131211,1,0.9546146,95.46,Critical,Immediate,Immediate retention intervention
CUST106779,1,0.9545679,95.46,Critical,Immediate,Immediate retention intervention
CUST127213,1,0.95463264,95.46,Critical,Immediate,Immediate retention intervention
CUST118915,1,0.9545311,95.45,Critical,Immediate,Immediate retention intervention
CUST107334,1,0.95446223,95.45,Critical,Immediate,Immediate retention intervention
CUST137706,1,0.9545246,95.45,Critical,Immediate,Immediate retention intervention
CUST110824,1,0.9545332,95.45,Critical,Immediate,Immediate retention intervention
CUST107816,1,0.9545191,95.45,Critical,Immediate,Immediate retention intervention
CUST103831,1,0.95447326,95.45,Critical,Immediate,Immediate retention intervention
CUST104359,1,0.954543,95.45,Critical,Immediate,Immediate retention intervention
CUST100860,1,0.95450914,95.45,Critical,Immediate,Immediate retention intervention
CUST115809,1,0.9544673,95.45,Critical,Immediate,Immediate retention intervention
CUST136389,1,0.9544545,95.45,Critical,Immediate,Immediate retention intervention
CUST130641,1,0.9544788,95.45,Critical,Immediate,Immediate retention intervention
CUST112106,1,0.95438707,95.44,Critical,Immediate,Immediate retention intervention
CUST140374,1,0.9543863,95.44,Critical,Immediate,Immediate retention intervention
CUST117972,1,0.95442766,95.44,Critical,Immediate,Immediate retention intervention
CUST108964,1,0.9544014,95.44,Critical,Immediate,Immediate retention intervention
CUST106407,1,0.9544361,95.44,Critical,Immediate,Immediate retention intervention
CUST102143,1,0.9544098,95.44,Critical,Immediate,Immediate retention intervention
CUST132801,0,0.9543128,95.43,Critical,Immediate,Immediate retention intervention
CUST123715,1,0.95430714,95.43,Critical,Immediate,Immediate retention intervention
CUST137631,0,0.9543234,95.43,Critical,Immediate,Immediate retention intervention
CUST117084,1,0.9543155,95.43,Critical,Immediate,Immediate retention intervention
CUST100411,1,0.95428014,95.43,Critical,Immediate,Immediate retention intervention
CUST120775,1,0.9542418,95.42,Critical,Immediate,Immediate retention intervention
CUST126563,1,0.95411533,95.41,Critical,Immediate,Immediate retention intervention
CUST118992,1,0.95412815,95.41,Critical,Immediate,Immediate retention intervention
CUST130039,1,0.9541038,95.41,Critical,Immediate,Immediate retention intervention
CUST144078,0,0.9540703,95.41,Critical,Immediate,Immediate retention intervention
CUST131957,1,0.9540877,95.41,Critical,Immediate,Immediate retention intervention
CUST147930,1,0.9541383,95.41,Critical,Immediate,Immediate retention intervention
CUST103620,1,0.9540189,95.4,Critical,Immediate,Immediate retention intervention
CUST138393,1,0.9539599,95.4,Critical,Immediate,Immediate retention intervention
CUST123427,1,0.9540099,95.4,Critical,Immediate,Immediate retention intervention
CUST110420,1,0.9540264,95.4,Critical,Immediate,Immediate retention intervention
CUST147867,1,0.9539529,95.4,Critical,Immediate,Immediate retention intervention
CUST132970,1,0.9539142,95.39,Critical,Immediate,Immediate retention intervention
CUST109425,0,0.95390284,95.39,Critical,Immediate,Immediate retention intervention
CUST105486,1,0.9538669,95.39,Critical,Immediate,Immediate retention intervention
CUST114374,1,0.95377296,95.38,Critical,Immediate,Immediate retention intervention
CUST125167,1,0.9538486,95.38,Critical,Immediate,Immediate retention intervention
CUST105278,1,0.9538035,95.38,Critical,Immediate,Immediate retention intervention
CUST119056,1,0.9537731,95.38,Critical,Immediate,Immediate retention intervention
CUST132312,1,0.9538133,95.38,Critical,Immediate,Immediate retention intervention
CUST115326,1,0.95371723,95.37,Critical,Immediate,Immediate retention intervention
CUST106527,1,0.9536836,95.37,Critical,Immediate,Immediate retention intervention
CUST100208,1,0.95372343,95.37,Critical,Immediate,Immediate retention intervention
CUST109606,1,0.9536469,95.36,Critical,Immediate,Immediate retention intervention
CUST105035,1,0.9535992,95.36,Critical,Immediate,Immediate retention intervention
CUST127031,1,0.9536226,95.36,Critical,Immediate,Immediate retention intervention
CUST102468,1,0.9535692,95.36,Critical,Immediate,Immediate retention intervention
CUST124834,1,0.95357233,95.36,Critical,Immediate,Immediate retention intervention
CUST114481,1,0.9536448,95.36,Critical,Immediate,Immediate retention intervention
CUST103315,1,0.9535102,95.35,Critical,Immediate,Immediate retention intervention
CUST108144,1,0.9534566,95.35,Critical,Immediate,Immediate retention intervention
CUST109962,1,0.95349187,95.35,Critical,Immediate,Immediate retention intervention
CUST118936,1,0.9534896,95.35,Critical,Immediate,Immediate retention intervention
CUST116278,1,0.9535091,95.35,Critical,Immediate,Immediate retention intervention
CUST136699,1,0.95344007,95.34,Critical,Immediate,Immediate retention intervention
CUST120387,1,0.9533607,95.34,Critical,Immediate,Immediate retention intervention
CUST119249,1,0.95340216,95.34,Critical,Immediate,Immediate retention intervention
CUST139120,1,0.95341146,95.34,Critical,Immediate,Immediate retention intervention
CUST133064,1,0.9534038,95.34,Critical,Immediate,Immediate retention intervention
CUST126557,1,0.95336133,95.34,Critical,Immediate,Immediate retention intervention
CUST122533,1,0.9533703,95.34,Critical,Immediate,Immediate retention intervention
CUST137164,1,0.9534236,95.34,Critical,Immediate,Immediate retention intervention
CUST108171,1,0.95329535,95.33,Critical,Immediate,Immediate retention intervention
CUST132982,1,0.9532782,95.33,Critical,Immediate,Immediate retention intervention
CUST108981,1,0.9533147,95.33,Critical,Immediate,Immediate retention intervention
CUST103489,1,0.9531569,95.32,Critical,Immediate,Immediate retention intervention
CUST114814,1,0.9532456,95.32,Critical,Immediate,Immediate retention intervention
CUST128917,1,0.953203,95.32,Critical,Immediate,Immediate retention intervention
CUST141194,1,0.95310384,95.31,Critical,Immediate,Immediate retention intervention
CUST113393,1,0.95308584,95.31,Critical,Immediate,Immediate retention intervention
CUST105416,1,0.9530327,95.3,Critical,Immediate,Immediate retention intervention
CUST104847,1,0.953012,95.3,Critical,Immediate,Immediate retention intervention
CUST124126,1,0.9529828,95.3,Critical,Immediate,Immediate retention intervention
CUST129515,1,0.9530345,95.3,Critical,Immediate,Immediate retention intervention
CUST129419,1,0.95304155,95.3,Critical,Immediate,Immediate retention intervention
CUST106003,1,0.9528723,95.29,Critical,Immediate,Immediate retention intervention
CUST101264,1,0.9528601,95.29,Critical,Immediate,Immediate retention intervention
CUST115733,1,0.95282525,95.28,Critical,Immediate,Immediate retention intervention
CUST114386,1,0.9527822,95.28,Critical,Immediate,Immediate retention intervention
CUST123469,1,0.95277137,95.28,Critical,Immediate,Immediate retention intervention
CUST102738,1,0.9527699,95.28,Critical,Immediate,Immediate retention intervention
CUST113619,1,0.9528003,95.28,Critical,Immediate,Immediate retention intervention
CUST145560,1,0.9526718,95.27,Critical,Immediate,Immediate retention intervention
CUST118728,1,0.9527111,95.27,Critical,Immediate,Immediate retention intervention
CUST125367,1,0.9527213,95.27,Critical,Immediate,Immediate retention intervention
CUST142586,1,0.95262045,95.26,Critical,Immediate,Immediate retention intervention
CUST111854,1,0.9525851,95.26,Critical,Immediate,Immediate retention intervention
CUST108533,1,0.95260954,95.26,Critical,Immediate,Immediate retention intervention
CUST126767,0,0.9525773,95.26,Critical,Immediate,Immediate retention intervention
CUST104282,1,0.95246035,95.25,Critical,Immediate,Immediate retention intervention
CUST100237,1,0.9525197,95.25,Critical,Immediate,Immediate retention intervention
CUST112992,1,0.95245713,95.25,Critical,Immediate,Immediate retention intervention
CUST102529,1,0.95250577,95.25,Critical,Immediate,Immediate retention intervention
CUST107817,1,0.95235366,95.24,Critical,Immediate,Immediate retention intervention
CUST135491,1,0.9523836,95.24,Critical,Immediate,Immediate retention intervention
CUST100215,0,0.9523881,95.24,Critical,Immediate,Immediate retention intervention
CUST127607,0,0.9523732,95.24,Critical,Immediate,Immediate retention intervention
CUST133412,1,0.9523635,95.24,Critical,Immediate,Immediate retention intervention
CUST127176,1,0.952393,95.24,Critical,Immediate,Immediate retention intervention
CUST110249,1,0.9524304,95.24,Critical,Immediate,Immediate retention intervention
CUST121881,1,0.95229506,95.23,Critical,Immediate,Immediate retention intervention
CUST124985,1,0.9523461,95.23,Critical,Immediate,Immediate retention intervention
CUST128892,1,0.9523267,95.23,Critical,Immediate,Immediate retention intervention
CUST126334,1,0.9522955,95.23,Critical,Immediate,Immediate retention intervention
CUST101411,1,0.952312,95.23,Critical,Immediate,Immediate retention intervention
CUST135434,1,0.9523056,95.23,Critical,Immediate,Immediate retention intervention
CUST113881,1,0.95231384,95.23,Critical,Immediate,Immediate retention intervention
CUST126340,1,0.9523181,95.23,Critical,Immediate,Immediate retention intervention
CUST108483,1,0.9522987,95.23,Critical,Immediate,Immediate retention intervention
CUST133473,1,0.95229214,95.23,Critical,Immediate,Immediate retention intervention
CUST141789,1,0.95217127,95.22,Critical,Immediate,Immediate retention intervention
CUST128403,1,0.95213115,95.21,Critical,Immediate,Immediate retention intervention
CUST108949,1,0.9521445,95.21,Critical,Immediate,Immediate retention intervention
CUST117957,1,0.95212436,95.21,Critical,Immediate,Immediate retention intervention
CUST120600,1,0.9521005,95.21,Critical,Immediate,Immediate retention intervention
CUST105199,1,0.95195657,95.2,Critical,Immediate,Immediate retention intervention
CUST123383,1,0.9520317,95.2,Critical,Immediate,Immediate retention intervention
CUST100001,1,0.95189875,95.19,Critical,Immediate,Immediate retention intervention
CUST139801,1,0.9519381,95.19,Critical,Immediate,Immediate retention intervention
CUST114899,1,0.95187664,95.19,Critical,Immediate,Immediate retention intervention
CUST106211,1,0.9518579,95.19,Critical,Immediate,Immediate retention intervention
CUST147591,1,0.95189077,95.19,Critical,Immediate,Immediate retention intervention
CUST135387,1,0.951893,95.19,Critical,Immediate,Immediate retention intervention
CUST102937,1,0.95189327,95.19,Critical,Immediate,Immediate retention intervention
CUST147323,1,0.9519127,95.19,Critical,Immediate,Immediate retention intervention
CUST144869,1,0.95177037,95.18,Critical,Immediate,Immediate retention intervention
CUST137530,1,0.9517508,95.18,Critical,Immediate,Immediate retention intervention
CUST136633,1,0.95169216,95.17,Critical,Immediate,Immediate retention intervention
CUST104241,1,0.95172274,95.17,Critical,Immediate,Immediate retention intervention
CUST108213,1,0.9516546,95.17,Critical,Immediate,Immediate retention intervention
CUST126647,1,0.95168245,95.17,Critical,Immediate,Immediate retention intervention
CUST116623,1,0.95172423,95.17,Critical,Immediate,Immediate retention intervention
CUST145481,1,0.9517073,95.17,Critical,Immediate,Immediate retention intervention
CUST125129,1,0.95162106,95.16,Critical,Immediate,Immediate retention intervention
CUST118269,1,0.9516441,95.16,Critical,Immediate,Immediate retention intervention
CUST133673,1,0.9515738,95.16,Critical,Immediate,Immediate retention intervention
CUST119704,1,0.95153457,95.15,Critical,Immediate,Immediate retention intervention
CUST100103,1,0.95153373,95.15,Critical,Immediate,Immediate retention intervention
CUST126075,1,0.95152885,95.15,Critical,Immediate,Immediate retention intervention
CUST126045,1,0.95150244,95.15,Critical,Immediate,Immediate retention intervention
CUST115744,1,0.9514535,95.15,Critical,Immediate,Immediate retention intervention
CUST130624,1,0.95152974,95.15,Critical,Immediate,Immediate retention intervention
CUST114951,1,0.9515089,95.15,Critical,Immediate,Immediate retention intervention
CUST120881,1,0.95146894,95.15,Critical,Immediate,Immediate retention intervention
CUST135295,1,0.95142657,95.14,Critical,Immediate,Immediate retention intervention
CUST144404,1,0.95140606,95.14,Critical,Immediate,Immediate retention intervention
CUST137637,1,0.95144564,95.14,Critical,Immediate,Immediate retention intervention
CUST126457,1,0.95133764,95.13,Critical,Immediate,Immediate retention intervention
CUST113738,1,0.9512778,95.13,Critical,Immediate,Immediate retention intervention
CUST124470,1,0.9512083,95.12,Critical,Immediate,Immediate retention intervention
CUST128790,1,0.9512399,95.12,Critical,Immediate,Immediate retention intervention
CUST129045,1,0.9511327,95.11,Critical,Immediate,Immediate retention intervention
CUST114174,1,0.9510672,95.11,Critical,Immediate,Immediate retention intervention
CUST105414,1,0.9511455,95.11,Critical,Immediate,Immediate retention intervention
CUST134115,1,0.95114005,95.11,Critical,Immediate,Immediate retention intervention
CUST140488,1,0.95111185,95.11,Critical,Immediate,Immediate retention intervention
CUST128472,1,0.9511373,95.11,Critical,Immediate,Immediate retention intervention
CUST118505,1,0.9510381,95.1,Critical,Immediate,Immediate retention intervention
CUST101734,1,0.95095617,95.1,Critical,Immediate,Immediate retention intervention
CUST106666,1,0.9510485,95.1,Critical,Immediate,Immediate retention intervention
CUST124135,1,0.9508616,95.09,Critical,Immediate,Immediate retention intervention
CUST127909,1,0.95088905,95.09,Critical,Immediate,Immediate retention intervention
CUST108418,1,0.95094895,95.09,Critical,Immediate,Immediate retention intervention
CUST100631,1,0.9509308,95.09,Critical,Immediate,Immediate retention intervention
CUST147599,1,0.9507784,95.08,Critical,Immediate,Immediate retention intervention
CUST106361,1,0.9508267,95.08,Critical,Immediate,Immediate retention intervention
CUST146187,1,0.9507874,95.08,Critical,Immediate,Immediate retention intervention
CUST131475,1,0.95066303,95.07,Critical,Immediate,Immediate retention intervention
CUST141581,1,0.9506746,95.07,Critical,Immediate,Immediate retention intervention
CUST114845,1,0.950718,95.07,Critical,Immediate,Immediate retention intervention
CUST136884,1,0.9505704,95.06,Critical,Immediate,Immediate retention intervention
CUST103223,1,0.95052385,95.05,Critical,Immediate,Immediate retention intervention
CUST140177,1,0.95047605,95.05,Critical,Immediate,Immediate retention intervention
CUST146443,1,0.95045215,95.05,Critical,Immediate,Immediate retention intervention
CUST122238,1,0.9505492,95.05,Critical,Immediate,Immediate retention intervention
CUST137881,1,0.95054317,95.05,Critical,Immediate,Immediate retention intervention
CUST103436,1,0.95041287,95.04,Critical,Immediate,Immediate retention intervention
CUST114146,1,0.9504274,95.04,Critical,Immediate,Immediate retention intervention
CUST134768,1,0.950381,95.04,Critical,Immediate,Immediate retention intervention
CUST134283,1,0.9503128,95.03,Critical,Immediate,Immediate retention intervention
CUST124201,1,0.95030206,95.03,Critical,Immediate,Immediate retention intervention
CUST134911,1,0.95022905,95.02,Critical,Immediate,Immediate retention intervention
CUST145633,1,0.9502334,95.02,Critical,Immediate,Immediate retention intervention
CUST104243,1,0.95022035,95.02,Critical,Immediate,Immediate retention intervention
CUST137065,1,0.95023024,95.02,Critical,Immediate,Immediate retention intervention
CUST117320,1,0.95018375,95.02,Critical,Immediate,Immediate retention intervention
CUST115279,1,0.9501239,95.01,Critical,Immediate,Immediate retention intervention
CUST145392,1,0.9501053,95.01,Critical,Immediate,Immediate retention intervention
CUST133236,1,0.95010555,95.01,Critical,Immediate,Immediate retention intervention
CUST120319,1,0.95011306,95.01,Critical,Immediate,Immediate retention intervention
CUST133504,1,0.95013684,95.01,Critical,Immediate,Immediate retention intervention
CUST101433,1,0.95011437,95.01,Critical,Immediate,Immediate retention intervention
CUST122899,1,0.950139,95.01,Critical,Immediate,Immediate retention intervention
CUST112225,1,0.9501095,95.01,Critical,Immediate,Immediate retention intervention
CUST131924,1,0.95008785,95.01,Critical,Immediate,Immediate retention intervention
CUST111249,1,0.94996035,95.0,Critical,Immediate,Immediate retention intervention
CUST124324,1,0.95003957,95.0,Critical,Immediate,Immediate retention intervention
CUST109885,1,0.9498698,94.99,Critical,Immediate,Immediate retention intervention
CUST102469,1,0.94994414,94.99,Critical,Immediate,Immediate retention intervention
CUST129162,1,0.9499094,94.99,Critical,Immediate,Immediate retention intervention
CUST125229,1,0.9497713,94.98,Critical,Immediate,Immediate retention intervention
CUST118105,1,0.9497508,94.98,Critical,Immediate,Immediate retention intervention
CUST141901,1,0.9497199,94.97,Critical,Immediate,Immediate retention intervention
CUST125242,1,0.94953984,94.95,Critical,Immediate,Immediate retention intervention
CUST121302,1,0.9494609,94.95,Critical,Immediate,Immediate retention intervention
CUST146666,1,0.94953305,94.95,Critical,Immediate,Immediate retention intervention
CUST104848,1,0.94947094,94.95,Critical,Immediate,Immediate retention intervention
CUST143960,1,0.9494029,94.94,Critical,Immediate,Immediate retention intervention
CUST123303,1,0.9494494,94.94,Critical,Immediate,Immediate retention intervention
CUST110629,1,0.94928,94.93,Critical,Immediate,Immediate retention intervention
CUST141328,1,0.94931823,94.93,Critical,Immediate,Immediate retention intervention
CUST138981,1,0.9493292,94.93,Critical,Immediate,Immediate retention intervention
CUST113861,1,0.94923013,94.92,Critical,Immediate,Immediate retention intervention
CUST109156,1,0.94919634,94.92,Critical,Immediate,Immediate retention intervention
CUST123262,0,0.9491599,94.92,Critical,Immediate,Immediate retention intervention
CUST146658,1,0.9492118,94.92,Critical,Immediate,Immediate retention intervention
CUST136313,1,0.94907993,94.91,Critical,Immediate,Immediate retention intervention
CUST117483,1,0.94914716,94.91,Critical,Immediate,Immediate retention intervention
CUST122029,1,0.9490838,94.91,Critical,Immediate,Immediate retention intervention
CUST107378,1,0.94911635,94.91,Critical,Immediate,Immediate retention intervention
CUST113190,1,0.9489509,94.9,Critical,Immediate,Immediate retention intervention
CUST134796,1,0.9489557,94.9,Critical,Immediate,Immediate retention intervention
CUST139482,1,0.9489666,94.9,Critical,Immediate,Immediate retention intervention
CUST122798,1,0.9488984,94.89,Critical,Immediate,Immediate retention intervention
CUST120419,1,0.9489207,94.89,Critical,Immediate,Immediate retention intervention
CUST128490,0,0.9488559,94.89,Critical,Immediate,Immediate retention intervention
CUST108811,1,0.94884586,94.88,Critical,Immediate,Immediate retention intervention
CUST106330,1,0.9487512,94.88,Critical,Immediate,Immediate retention intervention
CUST106068,1,0.94884205,94.88,Critical,Immediate,Immediate retention intervention
CUST131964,1,0.9487564,94.88,Critical,Immediate,Immediate retention intervention
CUST106068,1,0.94884205,94.88,Critical,Immediate,Immediate retention intervention
CUST124776,1,0.9488342,94.88,Critical,Immediate,Immediate retention intervention
CUST140299,1,0.94872904,94.87,Critical,Immediate,Immediate retention intervention
CUST111578,1,0.9486637,94.87,Critical,Immediate,Immediate retention intervention
CUST125023,1,0.94869566,94.87,Critical,Immediate,Immediate retention intervention
CUST146837,1,0.9486089,94.86,Critical,Immediate,Immediate retention intervention
CUST141432,1,0.94858086,94.86,Critical,Immediate,Immediate retention intervention
CUST119551,1,0.9485061,94.85,Critical,Immediate,Immediate retention intervention
CUST120113,1,0.9485237,94.85,Critical,Immediate,Immediate retention intervention
CUST120870,1,0.94853497,94.85,Critical,Immediate,Immediate retention intervention
CUST121767,1,0.9484676,94.85,Critical,Immediate,Immediate retention intervention
CUST130714,1,0.9484023,94.84,Critical,Immediate,Immediate retention intervention
CUST144849,1,0.9484288,94.84,Critical,Immediate,Immediate retention intervention
CUST129863,1,0.9483083,94.83,Critical,Immediate,Immediate retention intervention
CUST106947,1,0.94833356,94.83,Critical,Immediate,Immediate retention intervention
CUST123300,1,0.94829404,94.83,Critical,Immediate,Immediate retention intervention
CUST131098,1,0.94834024,94.83,Critical,Immediate,Immediate retention intervention
CUST146341,0,0.9481817,94.82,Critical,Immediate,Immediate retention intervention
CUST117091,1,0.9482341,94.82,Critical,Immediate,Immediate retention intervention
CUST117357,1,0.9480605,94.81,Critical,Immediate,Immediate retention intervention
CUST139622,1,0.94811535,94.81,Critical,Immediate,Immediate retention intervention
CUST101683,1,0.9481187,94.81,Critical,Immediate,Immediate retention intervention
CUST131791,1,0.94813156,94.81,Critical,Immediate,Immediate retention intervention
CUST119019,1,0.9481273,94.81,Critical,Immediate,Immediate retention intervention
CUST108231,1,0.9479806,94.8,Critical,Immediate,Immediate retention intervention
CUST146611,1,0.9480209,94.8,Critical,Immediate,Immediate retention intervention
CUST126151,1,0.9478887,94.79,Critical,Immediate,Immediate retention intervention
CUST110366,1,0.947811,94.78,Critical,Immediate,Immediate retention intervention
CUST100559,1,0.9477974,94.78,Critical,Immediate,Immediate retention intervention
CUST136501,1,0.9477127,94.77,Critical,Immediate,Immediate retention intervention
CUST144789,1,0.94767106,94.77,Critical,Immediate,Immediate retention intervention
CUST101505,1,0.94759005,94.76,Critical,Immediate,Immediate retention intervention
CUST132782,1,0.94756585,94.76,Critical,Immediate,Immediate retention intervention
CUST145890,1,0.9474663,94.75,Critical,Immediate,Immediate retention intervention
CUST112860,1,0.9474581,94.75,Critical,Immediate,Immediate retention intervention
CUST112191,1,0.9473116,94.73,Critical,Immediate,Immediate retention intervention
CUST144446,1,0.94721395,94.72,Critical,Immediate,Immediate retention intervention
CUST107257,1,0.9471072,94.71,Critical,Immediate,Immediate retention intervention
CUST116868,1,0.94709575,94.71,Critical,Immediate,Immediate retention intervention
CUST127939,1,0.94705266,94.71,Critical,Immediate,Immediate retention intervention
CUST121679,1,0.9471365,94.71,Critical,Immediate,Immediate retention intervention
CUST131159,1,0.9470273,94.7,Critical,Immediate,Immediate retention intervention
CUST124177,1,0.94701815,94.7,Critical,Immediate,Immediate retention intervention
CUST121838,1,0.94696844,94.7,Critical,Immediate,Immediate retention intervention
CUST114999,1,0.9470019,94.7,Critical,Immediate,Immediate retention intervention
CUST123708,1,0.94688183,94.69,Critical,Immediate,Immediate retention intervention
CUST115141,0,0.9469283,94.69,Critical,Immediate,Immediate retention intervention
CUST105307,1,0.9468919,94.69,Critical,Immediate,Immediate retention intervention
CUST143955,1,0.94672346,94.67,Critical,Immediate,Immediate retention intervention
CUST121670,1,0.94671255,94.67,Critical,Immediate,Immediate retention intervention
CUST143671,1,0.94667464,94.67,Critical,Immediate,Immediate retention intervention
CUST105724,1,0.9467131,94.67,Critical,Immediate,Immediate retention intervention
CUST147065,0,0.9466315,94.66,Critical,Immediate,Immediate retention intervention
CUST135063,1,0.94662195,94.66,Critical,Immediate,Immediate retention intervention
CUST145478,1,0.9464514,94.65,Critical,Immediate,Immediate retention intervention
CUST122156,1,0.9464797,94.65,Critical,Immediate,Immediate retention intervention
CUST106513,1,0.9464103,94.64,Critical,Immediate,Immediate retention intervention
CUST103805,0,0.9461915,94.62,Critical,Immediate,Immediate retention intervention
CUST139925,1,0.94623214,94.62,Critical,Immediate,Immediate retention intervention
CUST132404,1,0.94619393,94.62,Critical,Immediate,Immediate retention intervention
CUST100966,1,0.9461772,94.62,Critical,Immediate,Immediate retention intervention
CUST145620,1,0.9461281,94.61,Critical,Immediate,Immediate retention intervention
CUST143988,0,0.9460549,94.61,Critical,Immediate,Immediate retention intervention
CUST110522,1,0.9461216,94.61,Critical,Immediate,Immediate retention intervention
CUST117980,1,0.9460958,94.61,Critical,Immediate,Immediate retention intervention
CUST132560,1,0.9460268,94.6,Critical,Immediate,Immediate retention intervention
CUST103858,1,0.94577116,94.58,Critical,Immediate,Immediate retention intervention
CUST101128,0,0.945761,94.58,Critical,Immediate,Immediate retention intervention
CUST112744,1,0.9458085,94.58,Critical,Immediate,Immediate retention intervention
CUST145689,1,0.9456593,94.57,Critical,Immediate,Immediate retention intervention
CUST147106,1,0.94568247,94.57,Critical,Immediate,Immediate retention intervention
CUST114419,1,0.9455834,94.56,Critical,Immediate,Immediate retention intervention
CUST143962,1,0.94560665,94.56,Critical,Immediate,Immediate retention intervention
CUST101996,1,0.94561845,94.56,Critical,Immediate,Immediate retention intervention
CUST103902,1,0.9455289,94.55,Critical,Immediate,Immediate retention intervention
CUST137770,1,0.9453743,94.54,Critical,Immediate,Immediate retention intervention
CUST133192,1,0.9451028,94.51,Critical,Immediate,Immediate retention intervention
CUST146525,1,0.9450719,94.51,Critical,Immediate,Immediate retention intervention
CUST130962,1,0.9449785,94.5,Critical,Immediate,Immediate retention intervention
CUST107122,1,0.94484717,94.48,Critical,Immediate,Immediate retention intervention
CUST118424,1,0.9448426,94.48,Critical,Immediate,Immediate retention intervention
CUST145820,1,0.9446637,94.47,Critical,Immediate,Immediate retention intervention
CUST136708,1,0.94462967,94.46,Critical,Immediate,Immediate retention intervention
CUST146407,1,0.94460636,94.46,Critical,Immediate,Immediate retention intervention
CUST116784,1,0.9445052,94.45,Critical,Immediate,Immediate retention intervention
CUST142014,1,0.94453615,94.45,Critical,Immediate,Immediate retention intervention
CUST109618,1,0.94447535,94.45,Critical,Immediate,Immediate retention intervention
CUST139256,1,0.9444415,94.44,Critical,Immediate,Immediate retention intervention
CUST102024,1,0.94443995,94.44,Critical,Immediate,Immediate retention intervention
CUST135256,1,0.9442526,94.43,Critical,Immediate,Immediate retention intervention
CUST116733,1,0.9443302,94.43,Critical,Immediate,Immediate retention intervention
CUST114528,1,0.9443367,94.43,Critical,Immediate,Immediate retention intervention
CUST126623,1,0.94415677,94.42,Critical,Immediate,Immediate retention intervention
CUST128713,1,0.9442001,94.42,Critical,Immediate,Immediate retention intervention
CUST143974,1,0.94413996,94.41,Critical,Immediate,Immediate retention intervention
CUST122912,0,0.9440543,94.41,Critical,Immediate,Immediate retention intervention
CUST100157,1,0.94409406,94.41,Critical,Immediate,Immediate retention intervention
CUST116104,1,0.9440148,94.4,Critical,Immediate,Immediate retention intervention
CUST100011,1,0.9439704,94.4,Critical,Immediate,Immediate retention intervention
CUST138517,1,0.9439211,94.39,Critical,Immediate,Immediate retention intervention
CUST146740,1,0.9438406,94.38,Critical,Immediate,Immediate retention intervention
CUST140134,1,0.94355875,94.36,Critical,Immediate,Immediate retention intervention
CUST110229,1,0.9436372,94.36,Critical,Immediate,Immediate retention intervention
CUST146964,1,0.9436259,94.36,Critical,Immediate,Immediate retention intervention
CUST135317,1,0.9433723,94.34,Critical,Immediate,Immediate retention intervention
CUST110295,1,0.9433839,94.34,Critical,Immediate,Immediate retention intervention
CUST140866,1,0.9433919,94.34,Critical,Immediate,Immediate retention intervention
CUST113301,1,0.9434025,94.34,Critical,Immediate,Immediate retention intervention
CUST139242,1,0.9433537,94.34,Critical,Immediate,Immediate retention intervention
CUST142122,1,0.9433393,94.33,Critical,Immediate,Immediate retention intervention
CUST144321,1,0.94333655,94.33,Critical,Immediate,Immediate retention intervention
CUST115359,1,0.943285,94.33,Critical,Immediate,Immediate retention intervention
CUST121834,1,0.94322973,94.32,Critical,Immediate,Immediate retention intervention
CUST110280,1,0.9430727,94.31,Critical,Immediate,Immediate retention intervention
CUST113960,0,0.9429601,94.3,Critical,Immediate,Immediate retention intervention
CUST124920,0,0.9429724,94.3,Critical,Immediate,Immediate retention intervention
CUST106813,1,0.9429816,94.3,Critical,Immediate,Immediate retention intervention
CUST121651,1,0.9429547,94.3,Critical,Immediate,Immediate retention intervention
CUST121236,1,0.94292396,94.29,Critical,Immediate,Immediate retention intervention
CUST106022,1,0.9429037,94.29,Critical,Immediate,Immediate retention intervention
CUST139667,1,0.9426685,94.27,Critical,Immediate,Immediate retention intervention
CUST129438,1,0.9426506,94.27,Critical,Immediate,Immediate retention intervention
CUST103221,1,0.94258225,94.26,Critical,Immediate,Immediate retention intervention
CUST123630,1,0.94244885,94.24,Critical,Immediate,Immediate retention intervention
CUST130490,1,0.9423762,94.24,Critical,Immediate,Immediate retention intervention
CUST115602,1,0.94234,94.23,Critical,Immediate,Immediate retention intervention
CUST108209,1,0.9423112,94.23,Critical,Immediate,Immediate retention intervention
CUST123370,1,0.94233775,94.23,Critical,Immediate,Immediate retention intervention
CUST147510,1,0.9423342,94.23,Critical,Immediate,Immediate retention intervention
CUST105036,1,0.94231004,94.23,Critical,Immediate,Immediate retention intervention
CUST106192,1,0.94220376,94.22,Critical,Immediate,Immediate retention intervention
CUST135843,1,0.94219553,94.22,Critical,Immediate,Immediate retention intervention
CUST108670,1,0.9421909,94.22,Critical,Immediate,Immediate retention intervention
CUST135074,1,0.94220823,94.22,Critical,Immediate,Immediate retention intervention
CUST130565,1,0.9422131,94.22,Critical,Immediate,Immediate retention intervention
CUST113033,1,0.9420672,94.21,Critical,Immediate,Immediate retention intervention
CUST105576,1,0.9421442,94.21,Critical,Immediate,Immediate retention intervention
CUST122841,1,0.9420503,94.21,Critical,Immediate,Immediate retention intervention
CUST127522,1,0.9420054,94.2,Critical,Immediate,Immediate retention intervention
CUST145188,1,0.9419344,94.19,Critical,Immediate,Immediate retention intervention
CUST103390,1,0.94192344,94.19,Critical,Immediate,Immediate retention intervention
CUST126778,1,0.9417851,94.18,Critical,Immediate,Immediate retention intervention
CUST119523,1,0.9417593,94.18,Critical,Immediate,Immediate retention intervention
CUST109586,1,0.94156975,94.16,Critical,Immediate,Immediate retention intervention
CUST135987,1,0.94164956,94.16,Critical,Immediate,Immediate retention intervention
CUST116477,1,0.9415463,94.15,Critical,Immediate,Immediate retention intervention
CUST114095,1,0.941486,94.15,Critical,Immediate,Immediate retention intervention
CUST108930,1,0.9415368,94.15,Critical,Immediate,Immediate retention intervention
CUST122466,1,0.9414432,94.14,Critical,Immediate,Immediate retention intervention
CUST122466,1,0.9414432,94.14,Critical,Immediate,Immediate retention intervention
CUST129547,1,0.94124585,94.12,Critical,Immediate,Immediate retention intervention
CUST135751,1,0.9410733,94.11,Critical,Immediate,Immediate retention intervention
CUST100700,1,0.941122,94.11,Critical,Immediate,Immediate retention intervention
CUST103962,0,0.94106394,94.11,Critical,Immediate,Immediate retention intervention
CUST106623,1,0.94108504,94.11,Critical,Immediate,Immediate retention intervention
CUST144225,1,0.9409842,94.1,Critical,Immediate,Immediate retention intervention
CUST100603,1,0.9410448,94.1,Critical,Immediate,Immediate retention intervention
CUST135137,1,0.9408798,94.09,Critical,Immediate,Immediate retention intervention
CUST100781,1,0.9409414,94.09,Critical,Immediate,Immediate retention intervention
CUST136316,1,0.9407934,94.08,Critical,Immediate,Immediate retention intervention
CUST116488,1,0.940775,94.08,Critical,Immediate,Immediate retention intervention
CUST127122,1,0.9407644,94.08,Critical,Immediate,Immediate retention intervention
CUST105240,1,0.9406972,94.07,Critical,Immediate,Immediate retention intervention
CUST123661,1,0.94068146,94.07,Critical,Immediate,Immediate retention intervention
CUST113739,1,0.9407318,94.07,Critical,Immediate,Immediate retention intervention
CUST120301,1,0.9407268,94.07,Critical,Immediate,Immediate retention intervention
CUST128552,1,0.94072497,94.07,Critical,Immediate,Immediate retention intervention
CUST112559,1,0.94068277,94.07,Critical,Immediate,Immediate retention intervention
CUST117367,1,0.9405816,94.06,Critical,Immediate,Immediate retention intervention
CUST105219,1,0.9405897,94.06,Critical,Immediate,Immediate retention intervention
CUST146695,0,0.94040024,94.04,Critical,Immediate,Immediate retention intervention
CUST106017,1,0.94026417,94.03,Critical,Immediate,Immediate retention intervention
CUST120807,1,0.9401404,94.01,Critical,Immediate,Immediate retention intervention
CUST111918,1,0.9400438,94.0,Critical,Immediate,Immediate retention intervention
CUST110887,1,0.9399014,93.99,Critical,Immediate,Immediate retention intervention
CUST135823,1,0.93985224,93.99,Critical,Immediate,Immediate retention intervention
CUST139534,1,0.939872,93.99,Critical,Immediate,Immediate retention intervention
CUST139488,1,0.9399379,93.99,Critical,Immediate,Immediate retention intervention
CUST138353,1,0.9398,93.98,Critical,Immediate,Immediate retention intervention
CUST145652,0,0.93971664,93.97,Critical,Immediate,Immediate retention intervention
CUST144061,0,0.9397143,93.97,Critical,Immediate,Immediate retention intervention
CUST129006,1,0.93963003,93.96,Critical,Immediate,Immediate retention intervention
CUST117586,1,0.93959916,93.96,Critical,Immediate,Immediate retention intervention
CUST119489,0,0.93951374,93.95,Critical,Immediate,Immediate retention intervention
CUST139514,1,0.9394531,93.95,Critical,Immediate,Immediate retention intervention
CUST134269,1,0.9393574,93.94,Critical,Immediate,Immediate retention intervention
CUST107930,1,0.9393288,93.93,Critical,Immediate,Immediate retention intervention
CUST125282,1,0.93928605,93.93,Critical,Immediate,Immediate retention intervention
CUST125427,0,0.93922096,93.92,Critical,Immediate,Immediate retention intervention
CUST134183,1,0.9391293,93.91,Critical,Immediate,Immediate retention intervention
CUST102964,1,0.9390547,93.91,Critical,Immediate,Immediate retention intervention
CUST117181,1,0.93911856,93.91,Critical,Immediate,Immediate retention intervention
CUST100202,1,0.93909144,93.91,Critical,Immediate,Immediate retention intervention
CUST109678,1,0.93885934,93.89,Critical,Immediate,Immediate retention intervention
CUST137143,1,0.93885106,93.89,Critical,Immediate,Immediate retention intervention
CUST100693,1,0.93862206,93.86,Critical,Immediate,Immediate retention intervention
CUST118619,1,0.93846434,93.85,Critical,Immediate,Immediate retention intervention
CUST103988,1,0.938153,93.82,Critical,Immediate,Immediate retention intervention
CUST102261,1,0.9382095,93.82,Critical,Immediate,Immediate retention intervention
CUST128292,1,0.93821025,93.82,Critical,Immediate,Immediate retention intervention
CUST124157,1,0.93824244,93.82,Critical,Immediate,Immediate retention intervention
CUST114370,1,0.9381475,93.81,Critical,Immediate,Immediate retention intervention
CUST114000,1,0.93809867,93.81,Critical,Immediate,Immediate retention intervention
CUST134201,1,0.9380735,93.81,Critical,Immediate,Immediate retention intervention
CUST144799,1,0.9379934,93.8,Critical,Immediate,Immediate retention intervention
CUST111862,1,0.9378683,93.79,Critical,Immediate,Immediate retention intervention
CUST133295,1,0.9378866,93.79,Critical,Immediate,Immediate retention intervention
CUST133882,1,0.9375345,93.75,Critical,Immediate,Immediate retention intervention
CUST115796,1,0.937356,93.74,Critical,Immediate,Immediate retention intervention
CUST122916,1,0.9371898,93.72,Critical,Immediate,Immediate retention intervention
CUST131836,1,0.9370972,93.71,Critical,Immediate,Immediate retention intervention
CUST100288,1,0.93711674,93.71,Critical,Immediate,Immediate retention intervention
CUST131836,1,0.9370972,93.71,Critical,Immediate,Immediate retention intervention
CUST148000,1,0.9370869,93.71,Critical,Immediate,Immediate retention intervention
CUST143403,1,0.9369413,93.69,Critical,Immediate,Immediate retention intervention
CUST123995,1,0.93672764,93.67,Critical,Immediate,Immediate retention intervention
CUST144126,0,0.93669575,93.67,Critical,Immediate,Immediate retention intervention
CUST141794,1,0.93662965,93.66,Critical,Immediate,Immediate retention intervention
CUST114738,1,0.9364856,93.65,Critical,Immediate,Immediate retention intervention
CUST124401,1,0.936528,93.65,Critical,Immediate,Immediate retention intervention
CUST100731,1,0.9364771,93.65,Critical,Immediate,Immediate retention intervention
CUST108775,1,0.9364607,93.65,Critical,Immediate,Immediate retention intervention
CUST135811,1,0.93641764,93.64,Critical,Immediate,Immediate retention intervention
CUST103521,1,0.93637615,93.64,Critical,Immediate,Immediate retention intervention
CUST118906,1,0.9363638,93.64,Critical,Immediate,Immediate retention intervention
CUST116223,1,0.936311,93.63,Critical,Immediate,Immediate retention intervention
CUST112127,1,0.93614465,93.61,Critical,Immediate,Immediate retention intervention
CUST106412,1,0.93602717,93.6,Critical,Immediate,Immediate retention intervention
CUST106414,1,0.9359611,93.6,Critical,Immediate,Immediate retention intervention
CUST145176,1,0.93596995,93.6,Critical,Immediate,Immediate retention intervention
CUST105844,1,0.93581694,93.58,Critical,Immediate,Immediate retention intervention
CUST144335,1,0.93558764,93.56,Critical,Immediate,Immediate retention intervention
CUST127615,1,0.93560237,93.56,Critical,Immediate,Immediate retention intervention
CUST101644,1,0.9355619,93.56,Critical,Immediate,Immediate retention intervention
CUST130007,1,0.93554384,93.55,Critical,Immediate,Immediate retention intervention
CUST137906,1,0.9354337,93.54,Critical,Immediate,Immediate retention intervention
CUST117422,1,0.9353832,93.54,Critical,Immediate,Immediate retention intervention
CUST103799,1,0.9354151,93.54,Critical,Immediate,Immediate retention intervention
CUST141671,1,0.93530726,93.53,Critical,Immediate,Immediate retention intervention
CUST126752,1,0.9351592,93.52,Critical,Immediate,Immediate retention intervention
CUST134654,1,0.9352059,93.52,Critical,Immediate,Immediate retention intervention
CUST122155,1,0.9351485,93.51,Critical,Immediate,Immediate retention intervention
CUST145252,1,0.93513393,93.51,Critical,Immediate,Immediate retention intervention
CUST116064,1,0.93472934,93.47,Critical,Immediate,Immediate retention intervention
CUST127091,1,0.9347457,93.47,Critical,Immediate,Immediate retention intervention
CUST100991,1,0.93448675,93.45,Critical,Immediate,Immediate retention intervention
CUST123446,1,0.9343717,93.44,Critical,Immediate,Immediate retention intervention
CUST115357,1,0.93427587,93.43,Critical,Immediate,Immediate retention intervention
CUST144545,1,0.93418044,93.42,Critical,Immediate,Immediate retention intervention
CUST123458,1,0.9342385,93.42,Critical,Immediate,Immediate retention intervention
CUST109937,1,0.9341893,93.42,Critical,Immediate,Immediate retention intervention
CUST140546,1,0.9341977,93.42,Critical,Immediate,Immediate retention intervention
CUST145906,1,0.93414813,93.41,Critical,Immediate,Immediate retention intervention
CUST124790,1,0.9339665,93.4,Critical,Immediate,Immediate retention intervention
CUST124704,1,0.9339693,93.4,Critical,Immediate,Immediate retention intervention
CUST123026,1,0.93385816,93.39,Critical,Immediate,Immediate retention intervention
CUST130779,1,0.933664,93.37,Critical,Immediate,Immediate retention intervention
CUST109053,1,0.93371826,93.37,Critical,Immediate,Immediate retention intervention
CUST126662,1,0.9334792,93.35,Critical,Immediate,Immediate retention intervention
CUST110197,0,0.9334884,93.35,Critical,Immediate,Immediate retention intervention
CUST143595,1,0.93339515,93.34,Critical,Immediate,Immediate retention intervention
CUST125126,1,0.933395,93.34,Critical,Immediate,Immediate retention intervention
CUST103477,1,0.9332831,93.33,Critical,Immediate,Immediate retention intervention
CUST116059,1,0.93326336,93.33,Critical,Immediate,Immediate retention intervention
CUST102189,1,0.93322384,93.32,Critical,Immediate,Immediate retention intervention
CUST116396,1,0.9332263,93.32,Critical,Immediate,Immediate retention intervention
CUST106707,0,0.93307775,93.31,Critical,Immediate,Immediate retention intervention
CUST144654,1,0.93314576,93.31,Critical,Immediate,Immediate retention intervention
CUST137168,0,0.932952,93.3,Critical,Immediate,Immediate retention intervention
CUST127030,1,0.93289346,93.29,Critical,Immediate,Immediate retention intervention
CUST127030,1,0.93289346,93.29,Critical,Immediate,Immediate retention intervention
CUST128052,1,0.93257374,93.26,Critical,Immediate,Immediate retention intervention
CUST117865,1,0.93252146,93.25,Critical,Immediate,Immediate retention intervention
CUST103463,0,0.93228394,93.23,Critical,Immediate,Immediate retention intervention
CUST129632,1,0.932118,93.21,Critical,Immediate,Immediate retention intervention
CUST137824,1,0.9320985,93.21,Critical,Immediate,Immediate retention intervention
CUST131763,1,0.9319714,93.2,Critical,Immediate,Immediate retention intervention
CUST129620,1,0.93197745,93.2,Critical,Immediate,Immediate retention intervention
CUST112558,1,0.9319524,93.2,Critical,Immediate,Immediate retention intervention
CUST142375,1,0.93195015,93.2,Critical,Immediate,Immediate retention intervention
CUST113553,1,0.9318899,93.19,Critical,Immediate,Immediate retention intervention
CUST138606,1,0.9318941,93.19,Critical,Immediate,Immediate retention intervention
CUST142241,1,0.9318257,93.18,Critical,Immediate,Immediate retention intervention
CUST144466,1,0.9317775,93.18,Critical,Immediate,Immediate retention intervention
CUST116338,1,0.9318292,93.18,Critical,Immediate,Immediate retention intervention
CUST108540,1,0.9316922,93.17,Critical,Immediate,Immediate retention intervention
CUST117497,1,0.93142325,93.14,Critical,Immediate,Immediate retention intervention
CUST139422,1,0.93124866,93.12,Critical,Immediate,Immediate retention intervention
CUST127648,1,0.931126,93.11,Critical,Immediate,Immediate retention intervention
CUST109547,1,0.9311394,93.11,Critical,Immediate,Immediate retention intervention
CUST110908,1,0.9310153,93.1,Critical,Immediate,Immediate retention intervention
CUST100171,1,0.93101263,93.1,Critical,Immediate,Immediate retention intervention
CUST133112,1,0.9309278,93.09,Critical,Immediate,Immediate retention intervention
CUST109054,1,0.93061197,93.06,Critical,Immediate,Immediate retention intervention
CUST140828,0,0.9305489,93.05,Critical,Immediate,Immediate retention intervention
CUST141763,0,0.93042123,93.04,Critical,Immediate,Immediate retention intervention
CUST144348,1,0.93040335,93.04,Critical,Immediate,Immediate retention intervention
CUST110325,0,0.9302872,93.03,Critical,Immediate,Immediate retention intervention
CUST136105,1,0.9302074,93.02,Critical,Immediate,Immediate retention intervention
CUST141091,1,0.93011874,93.01,Critical,Immediate,Immediate retention intervention
CUST100615,1,0.9297235,92.97,Critical,Immediate,Immediate retention intervention
CUST115595,1,0.92952335,92.95,Critical,Immediate,Immediate retention intervention
CUST127045,1,0.929349,92.93,Critical,Immediate,Immediate retention intervention
CUST139293,0,0.9291004,92.91,Critical,Immediate,Immediate retention intervention
CUST116197,1,0.9289534,92.9,Critical,Immediate,Immediate retention intervention
CUST145695,1,0.9289288,92.89,Critical,Immediate,Immediate retention intervention
CUST131338,0,0.9287144,92.87,Critical,Immediate,Immediate retention intervention
CUST106692,1,0.92869186,92.87,Critical,Immediate,Immediate retention intervention
CUST132323,1,0.9286374,92.86,Critical,Immediate,Immediate retention intervention
CUST119823,1,0.92855495,92.86,Critical,Immediate,Immediate retention intervention
CUST110063,1,0.9286266,92.86,Critical,Immediate,Immediate retention intervention
CUST104771,1,0.9282255,92.82,Critical,Immediate,Immediate retention intervention
CUST114117,1,0.92808247,92.81,Critical,Immediate,Immediate retention intervention
CUST117414,1,0.9279071,92.79,Critical,Immediate,Immediate retention intervention
CUST118262,1,0.9278017,92.78,Critical,Immediate,Immediate retention intervention
CUST122281,1,0.92772305,92.77,Critical,Immediate,Immediate retention intervention
CUST121888,1,0.9276911,92.77,Critical,Immediate,Immediate retention intervention
CUST116732,1,0.9276189,92.76,Critical,Immediate,Immediate retention intervention
CUST124215,1,0.9274548,92.75,Critical,Immediate,Immediate retention intervention
CUST109302,1,0.9274354,92.74,Critical,Immediate,Immediate retention intervention
CUST123690,1,0.9274402,92.74,Critical,Immediate,Immediate retention intervention
CUST103103,1,0.9272634,92.73,Critical,Immediate,Immediate retention intervention
CUST110233,0,0.9271108,92.71,Critical,Immediate,Immediate retention intervention
CUST131685,0,0.92702144,92.7,Critical,Immediate,Immediate retention intervention
CUST137025,1,0.9270428,92.7,Critical,Immediate,Immediate retention intervention
CUST129350,1,0.9267914,92.68,Critical,Immediate,Immediate retention intervention
CUST143441,1,0.9266903,92.67,Critical,Immediate,Immediate retention intervention
CUST146830,1,0.92671824,92.67,Critical,Immediate,Immediate retention intervention
CUST112018,1,0.92664945,92.66,Critical,Immediate,Immediate retention intervention
CUST103956,0,0.9263802,92.64,Critical,Immediate,Immediate retention intervention
CUST125320,1,0.9264113,92.64,Critical,Immediate,Immediate retention intervention
CUST132718,0,0.92644936,92.64,Critical,Immediate,Immediate retention intervention
CUST127828,1,0.92614335,92.61,Critical,Immediate,Immediate retention intervention
CUST139418,1,0.92614555,92.61,Critical,Immediate,Immediate retention intervention
CUST145328,1,0.9260942,92.61,Critical,Immediate,Immediate retention intervention
CUST112707,1,0.92584217,92.58,Critical,Immediate,Immediate retention intervention
CUST133954,1,0.9257288,92.57,Critical,Immediate,Immediate retention intervention
CUST121015,1,0.9255518,92.56,Critical,Immediate,Immediate retention intervention
CUST117203,1,0.9256129,92.56,Critical,Immediate,Immediate retention intervention
CUST143700,1,0.9253741,92.54,Critical,Immediate,Immediate retention intervention
CUST119635,1,0.92542964,92.54,Critical,Immediate,Immediate retention intervention
CUST147864,0,0.92539537,92.54,Critical,Immediate,Immediate retention intervention
CUST101563,1,0.9253918,92.54,Critical,Immediate,Immediate retention intervention
CUST117299,1,0.925166,92.52,Critical,Immediate,Immediate retention intervention
CUST129800,1,0.92520845,92.52,Critical,Immediate,Immediate retention intervention
CUST125751,1,0.924998,92.5,Critical,Immediate,Immediate retention intervention
CUST126750,1,0.92468464,92.47,Critical,Immediate,Immediate retention intervention
CUST136502,1,0.924508,92.45,Critical,Immediate,Immediate retention intervention
CUST106120,1,0.9241924,92.42,Critical,Immediate,Immediate retention intervention
CUST126096,1,0.9240287,92.4,Critical,Immediate,Immediate retention intervention
CUST116670,1,0.9239717,92.4,Critical,Immediate,Immediate retention intervention
CUST104838,1,0.9239366,92.39,Critical,Immediate,Immediate retention intervention
CUST140907,1,0.92361015,92.36,Critical,Immediate,Immediate retention intervention
CUST144918,1,0.9235027,92.35,Critical,Immediate,Immediate retention intervention
CUST130694,1,0.9233159,92.33,Critical,Immediate,Immediate retention intervention
CUST146481,1,0.92316496,92.32,Critical,Immediate,Immediate retention intervention
CUST134586,1,0.9232322,92.32,Critical,Immediate,Immediate retention intervention
CUST105506,1,0.9229568,92.3,Critical,Immediate,Immediate retention intervention
CUST104986,1,0.9229337,92.29,Critical,Immediate,Immediate retention intervention
CUST108129,1,0.9228818,92.29,Critical,Immediate,Immediate retention intervention
CUST121976,1,0.92277575,92.28,Critical,Immediate,Immediate retention intervention
CUST132921,1,0.922793,92.28,Critical,Immediate,Immediate retention intervention
CUST101923,1,0.92264956,92.26,Critical,Immediate,Immediate retention intervention
CUST111744,1,0.9225854,92.26,Critical,Immediate,Immediate retention intervention
CUST118598,1,0.9225974,92.26,Critical,Immediate,Immediate retention intervention
CUST104237,1,0.92263025,92.26,Critical,Immediate,Immediate retention intervention
CUST119085,1,0.9224989,92.25,Critical,Immediate,Immediate retention intervention
CUST127637,1,0.9225008,92.25,Critical,Immediate,Immediate retention intervention
CUST141187,1,0.92239714,92.24,Critical,Immediate,Immediate retention intervention
CUST140037,1,0.92230386,92.23,Critical,Immediate,Immediate retention intervention
CUST105488,1,0.92205465,92.21,Critical,Immediate,Immediate retention intervention
CUST140843,1,0.9220063,92.2,Critical,Immediate,Immediate retention intervention
CUST146036,1,0.92190194,92.19,Critical,Immediate,Immediate retention intervention
CUST141769,1,0.92186165,92.19,Critical,Immediate,Immediate retention intervention
CUST136047,1,0.92188776,92.19,Critical,Immediate,Immediate retention intervention
CUST125955,1,0.92178524,92.18,Critical,Immediate,Immediate retention intervention
CUST124408,1,0.9217266,92.17,Critical,Immediate,Immediate retention intervention
CUST110040,1,0.9215983,92.16,Critical,Immediate,Immediate retention intervention
CUST103761,1,0.9213471,92.13,Critical,Immediate,Immediate retention intervention
CUST110754,1,0.9213013,92.13,Critical,Immediate,Immediate retention intervention
CUST130638,1,0.92102325,92.1,Critical,Immediate,Immediate retention intervention
CUST109772,1,0.9209832,92.1,Critical,Immediate,Immediate retention intervention
CUST144270,1,0.9207777,92.08,Critical,Immediate,Immediate retention intervention
CUST136955,1,0.92053306,92.05,Critical,Immediate,Immediate retention intervention
CUST108053,1,0.9203812,92.04,Critical,Immediate,Immediate retention intervention
CUST142252,0,0.9200654,92.01,Critical,Immediate,Immediate retention intervention
CUST106772,1,0.9196114,91.96,Critical,Immediate,Immediate retention intervention
CUST137358,1,0.9196462,91.96,Critical,Immediate,Immediate retention intervention
CUST124068,1,0.9193936,91.94,Critical,Immediate,Immediate retention intervention
CUST109652,1,0.9192529,91.93,Critical,Immediate,Immediate retention intervention
CUST109005,1,0.91895336,91.9,Critical,Immediate,Immediate retention intervention
CUST100278,1,0.918824,91.88,Critical,Immediate,Immediate retention intervention
CUST128936,1,0.91866255,91.87,Critical,Immediate,Immediate retention intervention
CUST104273,1,0.9184743,91.85,Critical,Immediate,Immediate retention intervention
CUST145200,1,0.91853106,91.85,Critical,Immediate,Immediate retention intervention
CUST119892,1,0.9184694,91.85,Critical,Immediate,Immediate retention intervention
CUST109715,0,0.9181236,91.81,Critical,Immediate,Immediate retention intervention
CUST135014,1,0.91789925,91.79,Critical,Immediate,Immediate retention intervention
CUST137844,1,0.9177681,91.78,Critical,Immediate,Immediate retention intervention
CUST125842,1,0.91773087,91.77,Critical,Immediate,Immediate retention intervention
CUST129773,1,0.9174758,91.75,Critical,Immediate,Immediate retention intervention
CUST119174,0,0.9173819,91.74,Critical,Immediate,Immediate retention intervention
CUST119538,1,0.9174093,91.74,Critical,Immediate,Immediate retention intervention
CUST132724,1,0.91738755,91.74,Critical,Immediate,Immediate retention intervention
CUST118859,1,0.9172705,91.73,Critical,Immediate,Immediate retention intervention
CUST127605,1,0.9170586,91.71,Critical,Immediate,Immediate retention intervention
CUST102606,1,0.91711414,91.71,Critical,Immediate,Immediate retention intervention
CUST137899,1,0.9170239,91.7,Critical,Immediate,Immediate retention intervention
CUST123928,1,0.91677403,91.68,Critical,Immediate,Immediate retention intervention
CUST105620,1,0.9167639,91.68,Critical,Immediate,Immediate retention intervention
CUST141243,1,0.91676223,91.68,Critical,Immediate,Immediate retention intervention
CUST129299,1,0.9165874,91.66,Critical,Immediate,Immediate retention intervention
CUST125586,1,0.9165719,91.66,Critical,Immediate,Immediate retention intervention
CUST107094,1,0.91649246,91.65,Critical,Immediate,Immediate retention intervention
CUST121989,1,0.9159493,91.59,Critical,Immediate,Immediate retention intervention
CUST131671,0,0.9159099,91.59,Critical,Immediate,Immediate retention intervention
CUST147288,1,0.9158246,91.58,Critical,Immediate,Immediate retention intervention
CUST100705,0,0.91571283,91.57,Critical,Immediate,Immediate retention intervention
CUST144714,1,0.91566247,91.57,Critical,Immediate,Immediate retention intervention
CUST110993,0,0.915556,91.56,Critical,Immediate,Immediate retention intervention
CUST104731,1,0.91537327,91.54,Critical,Immediate,Immediate retention intervention
CUST132297,1,0.9152672,91.53,Critical,Immediate,Immediate retention intervention
CUST134198,1,0.9153008,91.53,Critical,Immediate,Immediate retention intervention
CUST116787,1,0.91527253,91.53,Critical,Immediate,Immediate retention intervention
CUST106703,1,0.9151555,91.52,Critical,Immediate,Immediate retention intervention
CUST122137,1,0.9150432,91.5,Critical,Immediate,Immediate retention intervention
CUST120436,1,0.9149902,91.5,Critical,Immediate,Immediate retention intervention
CUST122960,1,0.91486543,91.49,Critical,Immediate,Immediate retention intervention
CUST147282,1,0.9149051,91.49,Critical,Immediate,Immediate retention intervention
CUST121826,1,0.91474205,91.47,Critical,Immediate,Immediate retention intervention
CUST125732,1,0.91457516,91.46,Critical,Immediate,Immediate retention intervention
CUST118979,1,0.9140057,91.4,Critical,Immediate,Immediate retention intervention
CUST110572,1,0.91391,91.39,Critical,Immediate,Immediate retention intervention
CUST146023,1,0.91329926,91.33,Critical,Immediate,Immediate retention intervention
CUST108441,1,0.91297364,91.3,Critical,Immediate,Immediate retention intervention
CUST147210,1,0.91292685,91.29,Critical,Immediate,Immediate retention intervention
CUST122866,1,0.9127967,91.28,Critical,Immediate,Immediate retention intervention
CUST110368,1,0.91278833,91.28,Critical,Immediate,Immediate retention intervention
CUST139251,1,0.9123632,91.24,Critical,Immediate,Immediate retention intervention
CUST140455,1,0.9122568,91.23,Critical,Immediate,Immediate retention intervention
CUST102330,1,0.91150796,91.15,Critical,Immediate,Immediate retention intervention
CUST100687,1,0.9110073,91.1,Critical,Immediate,Immediate retention intervention
CUST126507,1,0.9110419,91.1,Critical,Immediate,Immediate retention intervention
CUST141905,1,0.91088223,91.09,Critical,Immediate,Immediate retention intervention
CUST142685,1,0.91081786,91.08,Critical,Immediate,Immediate retention intervention
CUST106462,1,0.91063863,91.06,Critical,Immediate,Immediate retention intervention
CUST101548,1,0.910511,91.05,Critical,Immediate,Immediate retention intervention
CUST104140,1,0.9103797,91.04,Critical,Immediate,Immediate retention intervention
CUST112197,1,0.9104441,91.04,Critical,Immediate,Immediate retention intervention
CUST131252,1,0.91010857,91.01,Critical,Immediate,Immediate retention intervention
CUST120792,1,0.9100032,91.0,Critical,Immediate,Immediate retention intervention
CUST109092,1,0.909859,90.99,Critical,Immediate,Immediate retention intervention
CUST102151,0,0.90969855,90.97,Critical,Immediate,Immediate retention intervention
CUST115897,1,0.90960646,90.96,Critical,Immediate,Immediate retention intervention
CUST136482,1,0.90955526,90.96,Critical,Immediate,Immediate retention intervention
CUST140300,1,0.909517,90.95,Critical,Immediate,Immediate retention intervention
CUST118810,1,0.90954596,90.95,Critical,Immediate,Immediate retention intervention
CUST111616,0,0.9092772,90.93,Critical,Immediate,Immediate retention intervention
CUST140451,1,0.9088225,90.88,Critical,Immediate,Immediate retention intervention
CUST137387,1,0.90873843,90.87,Critical,Immediate,Immediate retention intervention
CUST129147,1,0.9085329,90.85,Critical,Immediate,Immediate retention intervention
CUST117466,1,0.908205,90.82,Critical,Immediate,Immediate retention intervention
CUST108569,1,0.90818906,90.82,Critical,Immediate,Immediate retention intervention
CUST136966,1,0.9081703,90.82,Critical,Immediate,Immediate retention intervention
CUST128167,1,0.90813667,90.81,Critical,Immediate,Immediate retention intervention
CUST115803,1,0.9080466,90.8,Critical,Immediate,Immediate retention intervention
CUST121106,1,0.90797305,90.8,Critical,Immediate,Immediate retention intervention
CUST125742,1,0.90788454,90.79,Critical,Immediate,Immediate retention intervention
CUST129371,1,0.90786374,90.79,Critical,Immediate,Immediate retention intervention
CUST131286,1,0.9076684,90.77,Critical,Immediate,Immediate retention intervention
CUST128249,1,0.9076892,90.77,Critical,Immediate,Immediate retention intervention
CUST104405,0,0.90751904,90.75,Critical,Immediate,Immediate retention intervention
CUST100965,1,0.90704894,90.7,Critical,Immediate,Immediate retention intervention
CUST101451,1,0.90648603,90.65,Critical,Immediate,Immediate retention intervention
CUST124736,1,0.90629584,90.63,Critical,Immediate,Immediate retention intervention
CUST129944,1,0.9060787,90.61,Critical,Immediate,Immediate retention intervention
CUST141798,1,0.90575945,90.58,Critical,Immediate,Immediate retention intervention
CUST102079,1,0.905789,90.58,Critical,Immediate,Immediate retention intervention
CUST122851,1,0.90549546,90.55,Critical,Immediate,Immediate retention intervention
CUST107264,1,0.90478927,90.48,Critical,Immediate,Immediate retention intervention
CUST127659,1,0.9044114,90.44,Critical,Immediate,Immediate retention intervention
CUST145694,1,0.904393,90.44,Critical,Immediate,Immediate retention intervention
CUST130470,1,0.9040467,90.4,Critical,Immediate,Immediate retention intervention
CUST130270,1,0.9040023,90.4,Critical,Immediate,Immediate retention intervention
CUST135273,0,0.9038898,90.39,Critical,Immediate,Immediate retention intervention
CUST133439,1,0.90392196,90.39,Critical,Immediate,Immediate retention intervention
CUST122785,1,0.9037917,90.38,Critical,Immediate,Immediate retention intervention
CUST145400,1,0.90369457,90.37,Critical,Immediate,Immediate retention intervention
CUST100709,1,0.9036234,90.36,Critical,Immediate,Immediate retention intervention
CUST130440,1,0.90347165,90.35,Critical,Immediate,Immediate retention intervention
CUST142049,1,0.90328836,90.33,Critical,Immediate,Immediate retention intervention
CUST133489,1,0.9028331,90.28,Critical,Immediate,Immediate retention intervention
CUST104813,1,0.9027823,90.28,Critical,Immediate,Immediate retention intervention
CUST130659,1,0.9025678,90.26,Critical,Immediate,Immediate retention intervention
CUST108961,1,0.9026261,90.26,Critical,Immediate,Immediate retention intervention
CUST108548,0,0.9025661,90.26,Critical,Immediate,Immediate retention intervention
CUST120794,1,0.9024119,90.24,Critical,Immediate,Immediate retention intervention
CUST123306,1,0.90199,90.2,Critical,Immediate,Immediate retention intervention
CUST121494,1,0.90185237,90.19,Critical,Immediate,Immediate retention intervention
CUST125963,1,0.9017598,90.18,Critical,Immediate,Immediate retention intervention
CUST130664,1,0.9015568,90.16,Critical,Immediate,Immediate retention intervention
CUST140293,1,0.90131915,90.13,Critical,Immediate,Immediate retention intervention
CUST143533,0,0.9009756,90.1,Critical,Immediate,Immediate retention intervention
CUST108180,1,0.9008237,90.08,Critical,Immediate,Immediate retention intervention
CUST145862,1,0.9007842,90.08,Critical,Immediate,Immediate retention intervention
CUST147165,1,0.9006097,90.06,Critical,Immediate,Immediate retention intervention
CUST113243,1,0.90000886,90.0,Critical,Immediate,Immediate retention intervention
CUST110442,0,0.89979684,89.98,Critical,Immediate,Immediate retention intervention
CUST124038,0,0.8995878,89.96,Critical,Immediate,Immediate retention intervention
CUST129126,1,0.89954615,89.95,Critical,Immediate,Immediate retention intervention
CUST117132,1,0.89947057,89.95,Critical,Immediate,Immediate retention intervention
CUST111454,1,0.8990381,89.9,Critical,Immediate,Immediate retention intervention
CUST143106,1,0.8989155,89.89,Critical,Immediate,Immediate retention intervention
CUST143641,0,0.898709,89.87,Critical,Immediate,Immediate retention intervention
CUST136170,1,0.89851797,89.85,Critical,Immediate,Immediate retention intervention
CUST111626,0,0.8983973,89.84,Critical,Immediate,Immediate retention intervention
CUST103146,1,0.89826804,89.83,Critical,Immediate,Immediate retention intervention
CUST141779,1,0.8973504,89.74,Critical,Immediate,Immediate retention intervention
CUST141125,1,0.8972842,89.73,Critical,Immediate,Immediate retention intervention
CUST105758,1,0.8973436,89.73,Critical,Immediate,Immediate retention intervention
CUST101019,1,0.8971503,89.72,Critical,Immediate,Immediate retention intervention
CUST119789,1,0.89695525,89.7,Critical,Immediate,Immediate retention intervention
CUST103399,1,0.8970228,89.7,Critical,Immediate,Immediate retention intervention
CUST126972,1,0.8969362,89.69,Critical,Immediate,Immediate retention intervention
CUST122658,1,0.8964563,89.65,Critical,Immediate,Immediate retention intervention
CUST144504,1,0.89651036,89.65,Critical,Immediate,Immediate retention intervention
CUST135533,1,0.89619505,89.62,Critical,Immediate,Immediate retention intervention
CUST136090,1,0.8958351,89.58,Critical,Immediate,Immediate retention intervention
CUST120366,1,0.8956883,89.57,Critical,Immediate,Immediate retention intervention
CUST102083,1,0.89558214,89.56,Critical,Immediate,Immediate retention intervention
CUST112285,1,0.89523166,89.52,Critical,Immediate,Immediate retention intervention
CUST110621,1,0.894903,89.49,Critical,Immediate,Immediate retention intervention
CUST108910,1,0.89486676,89.49,Critical,Immediate,Immediate retention intervention
CUST116597,1,0.89477473,89.48,Critical,Immediate,Immediate retention intervention
CUST143685,1,0.894173,89.42,Critical,Immediate,Immediate retention intervention
CUST123840,1,0.8940051,89.4,Critical,Immediate,Immediate retention intervention
CUST124833,1,0.89392424,89.39,Critical,Immediate,Immediate retention intervention
CUST131352,1,0.8931928,89.32,Critical,Immediate,Immediate retention intervention
CUST132438,1,0.8931949,89.32,Critical,Immediate,Immediate retention intervention
CUST140199,0,0.8931248,89.31,Critical,Immediate,Immediate retention intervention
CUST133568,0,0.89287806,89.29,Critical,Immediate,Immediate retention intervention
CUST124420,1,0.8928406,89.28,Critical,Immediate,Immediate retention intervention
CUST130385,1,0.89216137,89.22,Critical,Immediate,Immediate retention intervention
CUST123622,0,0.891828,89.18,Critical,Immediate,Immediate retention intervention
CUST125011,1,0.8916821,89.17,Critical,Immediate,Immediate retention intervention
CUST113959,1,0.89161736,89.16,Critical,Immediate,Immediate retention intervention
CUST118819,1,0.8915361,89.15,Critical,Immediate,Immediate retention intervention
CUST117415,1,0.8912591,89.13,Critical,Immediate,Immediate retention intervention
CUST109857,1,0.8909117,89.09,Critical,Immediate,Immediate retention intervention
CUST110752,1,0.89064294,89.06,Critical,Immediate,Immediate retention intervention
CUST134847,1,0.8903067,89.03,Critical,Immediate,Immediate retention intervention
CUST144007,0,0.89025515,89.03,Critical,Immediate,Immediate retention intervention
CUST136166,1,0.8901568,89.02,Critical,Immediate,Immediate retention intervention
CUST108070,1,0.8901132,89.01,Critical,Immediate,Immediate retention intervention
CUST101437,1,0.8900697,89.01,Critical,Immediate,Immediate retention intervention
CUST129367,1,0.88966805,88.97,Critical,Immediate,Immediate retention intervention
CUST120090,0,0.8895971,88.96,Critical,Immediate,Immediate retention intervention
CUST118218,1,0.8894636,88.95,Critical,Immediate,Immediate retention intervention
CUST125675,0,0.889027,88.9,Critical,Immediate,Immediate retention intervention
CUST121746,0,0.88892365,88.89,Critical,Immediate,Immediate retention intervention
CUST125169,0,0.88868564,88.87,Critical,Immediate,Immediate retention intervention
CUST128018,1,0.88853085,88.85,Critical,Immediate,Immediate retention intervention
CUST123798,0,0.88800657,88.8,Critical,Immediate,Immediate retention intervention
CUST138268,1,0.8878673,88.79,Critical,Immediate,Immediate retention intervention
CUST143917,1,0.88791686,88.79,Critical,Immediate,Immediate retention intervention
CUST133130,1,0.88779217,88.78,Critical,Immediate,Immediate retention intervention
CUST140233,0,0.887626,88.76,Critical,Immediate,Immediate retention intervention
CUST121067,1,0.8874455,88.74,Critical,Immediate,Immediate retention intervention
CUST145479,1,0.88687223,88.69,Critical,Immediate,Immediate retention intervention
CUST110794,1,0.88675386,88.68,Critical,Immediate,Immediate retention intervention
CUST144516,1,0.88677233,88.68,Critical,Immediate,Immediate retention intervention
CUST141031,1,0.8867,88.67,Critical,Immediate,Immediate retention intervention
CUST104939,1,0.8864955,88.65,Critical,Immediate,Immediate retention intervention
CUST117820,1,0.8862882,88.63,Critical,Immediate,Immediate retention intervention
CUST110815,0,0.88615817,88.62,Critical,Immediate,Immediate retention intervention
CUST138326,1,0.8862095,88.62,Critical,Immediate,Immediate retention intervention
CUST110679,1,0.88610715,88.61,Critical,Immediate,Immediate retention intervention
CUST143542,1,0.8861154,88.61,Critical,Immediate,Immediate retention intervention
CUST140241,1,0.8859591,88.6,Critical,Immediate,Immediate retention intervention
CUST131674,1,0.8855344,88.55,Critical,Immediate,Immediate retention intervention
CUST138899,1,0.88554937,88.55,Critical,Immediate,Immediate retention intervention
CUST128876,1,0.88536793,88.54,Critical,Immediate,Immediate retention intervention
CUST100981,1,0.8854344,88.54,Critical,Immediate,Immediate retention intervention
CUST108698,1,0.8852102,88.52,Critical,Immediate,Immediate retention intervention
CUST124445,1,0.8849012,88.49,Critical,Immediate,Immediate retention intervention
CUST106142,1,0.88491684,88.49,Critical,Immediate,Immediate retention intervention
CUST110111,1,0.88461053,88.46,Critical,Immediate,Immediate retention intervention
CUST103494,1,0.88462585,88.46,Critical,Immediate,Immediate retention intervention
CUST132308,1,0.8844984,88.45,Critical,Immediate,Immediate retention intervention
CUST126436,1,0.88440883,88.44,Critical,Immediate,Immediate retention intervention
CUST100109,1,0.88423526,88.42,Critical,Immediate,Immediate retention intervention
CUST135163,1,0.8841101,88.41,Critical,Immediate,Immediate retention intervention
CUST107651,1,0.8830994,88.31,Critical,Immediate,Immediate retention intervention
CUST131539,1,0.8829998,88.3,Critical,Immediate,Immediate retention intervention
CUST114699,1,0.8828381,88.28,Critical,Immediate,Immediate retention intervention
CUST118464,1,0.8825623,88.26,Critical,Immediate,Immediate retention intervention
CUST131557,1,0.88256425,88.26,Critical,Immediate,Immediate retention intervention
CUST137604,0,0.882522,88.25,Critical,Immediate,Immediate retention intervention
CUST135012,1,0.88213015,88.21,Critical,Immediate,Immediate retention intervention
CUST140530,1,0.88201654,88.2,Critical,Immediate,Immediate retention intervention
CUST135837,1,0.88192207,88.19,Critical,Immediate,Immediate retention intervention
CUST143432,1,0.8816566,88.17,Critical,Immediate,Immediate retention intervention
CUST142792,1,0.8811058,88.11,Critical,Immediate,Immediate retention intervention
CUST116952,1,0.8807888,88.08,Critical,Immediate,Immediate retention intervention
CUST137988,1,0.88073933,88.07,Critical,Immediate,Immediate retention intervention
CUST108837,1,0.88062257,88.06,Critical,Immediate,Immediate retention intervention
CUST101716,0,0.8806454,88.06,Critical,Immediate,Immediate retention intervention
CUST133150,1,0.8800869,88.01,Critical,Immediate,Immediate retention intervention
CUST125567,1,0.8797544,87.98,Critical,Immediate,Immediate retention intervention
CUST120266,0,0.8794322,87.94,Critical,Immediate,Immediate retention intervention
CUST119515,0,0.87944674,87.94,Critical,Immediate,Immediate retention intervention
CUST102191,1,0.87925124,87.93,Critical,Immediate,Immediate retention intervention
CUST125894,1,0.8792318,87.92,Critical,Immediate,Immediate retention intervention
CUST120539,1,0.8785469,87.85,Critical,Immediate,Immediate retention intervention
CUST121733,1,0.8782799,87.83,Critical,Immediate,Immediate retention intervention
CUST102343,1,0.87830937,87.83,Critical,Immediate,Immediate retention intervention
CUST140448,0,0.87816787,87.82,Critical,Immediate,Immediate retention intervention
CUST115203,1,0.87811553,87.81,Critical,Immediate,Immediate retention intervention
CUST141832,0,0.87801176,87.8,Critical,Immediate,Immediate retention intervention
CUST137343,1,0.8780253,87.8,Critical,Immediate,Immediate retention intervention
CUST137369,1,0.8779085,87.79,Critical,Immediate,Immediate retention intervention
CUST101633,0,0.87739915,87.74,Critical,Immediate,Immediate retention intervention
CUST143291,1,0.87720025,87.72,Critical,Immediate,Immediate retention intervention
CUST105545,0,0.8770224,87.7,Critical,Immediate,Immediate retention intervention
CUST135781,1,0.8765514,87.66,Critical,Immediate,Immediate retention intervention
CUST114767,1,0.8765978,87.66,Critical,Immediate,Immediate retention intervention
CUST106234,1,0.87645835,87.65,Critical,Immediate,Immediate retention intervention
CUST134145,1,0.8764326,87.64,Critical,Immediate,Immediate retention intervention
CUST117427,1,0.8762546,87.63,Critical,Immediate,Immediate retention intervention
CUST143796,0,0.87623835,87.62,Critical,Immediate,Immediate retention intervention
CUST100810,0,0.8762175,87.62,Critical,Immediate,Immediate retention intervention
CUST137481,1,0.87598294,87.6,Critical,Immediate,Immediate retention intervention
CUST122500,1,0.87594295,87.59,Critical,Immediate,Immediate retention intervention
CUST103637,1,0.8755951,87.56,Critical,Immediate,Immediate retention intervention
CUST131773,0,0.87548816,87.55,Critical,Immediate,Immediate retention intervention
CUST129935,0,0.8754405,87.54,Critical,Immediate,Immediate retention intervention
CUST102293,1,0.8750265,87.5,Critical,Immediate,Immediate retention intervention
CUST122291,1,0.8748408,87.48,Critical,Immediate,Immediate retention intervention
CUST126393,1,0.87472916,87.47,Critical,Immediate,Immediate retention intervention
CUST112041,1,0.8745647,87.46,Critical,Immediate,Immediate retention intervention
CUST125895,1,0.87449706,87.45,Critical,Immediate,Immediate retention intervention
CUST124395,0,0.87453073,87.45,Critical,Immediate,Immediate retention intervention
CUST118484,0,0.8742925,87.43,Critical,Immediate,Immediate retention intervention
CUST131128,0,0.8741679,87.42,Critical,Immediate,Immediate retention intervention
CUST140600,1,0.87399304,87.4,Critical,Immediate,Immediate retention intervention
CUST101460,1,0.873808,87.38,Critical,Immediate,Immediate retention intervention
CUST129303,1,0.8737537,87.38,Critical,Immediate,Immediate retention intervention
CUST144467,1,0.873352,87.34,Critical,Immediate,Immediate retention intervention
CUST113589,1,0.872862,87.29,Critical,Immediate,Immediate retention intervention
CUST136503,1,0.872213,87.22,Critical,Immediate,Immediate retention intervention
CUST136459,1,0.87197477,87.2,Critical,Immediate,Immediate retention intervention
CUST133047,1,0.8718031,87.18,Critical,Immediate,Immediate retention intervention
CUST134764,0,0.87169015,87.17,Critical,Immediate,Immediate retention intervention
CUST108663,1,0.8714058,87.14,Critical,Immediate,Immediate retention intervention
CUST121176,1,0.87122804,87.12,Critical,Immediate,Immediate retention intervention
CUST144241,1,0.8712383,87.12,Critical,Immediate,Immediate retention intervention
CUST129031,1,0.8711225,87.11,Critical,Immediate,Immediate retention intervention
CUST143438,1,0.87099963,87.1,Critical,Immediate,Immediate retention intervention
CUST129633,1,0.8710405,87.1,Critical,Immediate,Immediate retention intervention
CUST101072,1,0.8706189,87.06,Critical,Immediate,Immediate retention intervention
CUST147370,1,0.87045467,87.05,Critical,Immediate,Immediate retention intervention
CUST147069,1,0.870231,87.02,Critical,Immediate,Immediate retention intervention
CUST130207,1,0.86978954,86.98,Critical,Immediate,Immediate retention intervention
CUST141428,1,0.8696982,86.97,Critical,Immediate,Immediate retention intervention
CUST107106,1,0.86967206,86.97,Critical,Immediate,Immediate retention intervention
CUST125928,1,0.8696826,86.97,Critical,Immediate,Immediate retention intervention
CUST111972,1,0.8695383,86.95,Critical,Immediate,Immediate retention intervention
CUST113089,0,0.86948824,86.95,Critical,Immediate,Immediate retention intervention
CUST134569,1,0.8692291,86.92,Critical,Immediate,Immediate retention intervention
CUST123498,1,0.8689937,86.9,Critical,Immediate,Immediate retention intervention
CUST136686,0,0.8688658,86.89,Critical,Immediate,Immediate retention intervention
CUST127229,1,0.8686995,86.87,Critical,Immediate,Immediate retention intervention
CUST142543,1,0.8686668,86.87,Critical,Immediate,Immediate retention intervention
CUST138350,0,0.8685703,86.86,Critical,Immediate,Immediate retention intervention
CUST104897,1,0.8681737,86.82,Critical,Immediate,Immediate retention intervention
CUST111930,1,0.8681774,86.82,Critical,Immediate,Immediate retention intervention
CUST122734,1,0.8680588,86.81,Critical,Immediate,Immediate retention intervention
CUST141718,1,0.8681206,86.81,Critical,Immediate,Immediate retention intervention
CUST142724,0,0.8681024,86.81,Critical,Immediate,Immediate retention intervention
CUST147627,1,0.8681473,86.81,Critical,Immediate,Immediate retention intervention
CUST121968,1,0.8678897,86.79,Critical,Immediate,Immediate retention intervention
CUST110931,1,0.8679109,86.79,Critical,Immediate,Immediate retention intervention
CUST121903,1,0.8671196,86.71,Critical,Immediate,Immediate retention intervention
CUST116126,1,0.8670443,86.7,Critical,Immediate,Immediate retention intervention
CUST140929,1,0.8669348,86.69,Critical,Immediate,Immediate retention intervention
CUST143771,1,0.8667891,86.68,Critical,Immediate,Immediate retention intervention
CUST131579,1,0.8667713,86.68,Critical,Immediate,Immediate retention intervention
CUST147476,1,0.8664974,86.65,Critical,Immediate,Immediate retention intervention
CUST115904,1,0.8663502,86.64,Critical,Immediate,Immediate retention intervention
CUST122122,1,0.86626565,86.63,Critical,Immediate,Immediate retention intervention
CUST114502,0,0.8662289,86.62,Critical,Immediate,Immediate retention intervention
CUST147117,1,0.8658092,86.58,Critical,Immediate,Immediate retention intervention
CUST131240,1,0.8656527,86.57,Critical,Immediate,Immediate retention intervention
CUST112597,1,0.86556244,86.56,Critical,Immediate,Immediate retention intervention
CUST131485,1,0.8653761,86.54,Critical,Immediate,Immediate retention intervention
CUST103982,0,0.8653848,86.54,Critical,Immediate,Immediate retention intervention
CUST140354,1,0.8652903,86.53,Critical,Immediate,Immediate retention intervention
CUST143952,0,0.8652043,86.52,Critical,Immediate,Immediate retention intervention
CUST110151,1,0.864974,86.5,Critical,Immediate,Immediate retention intervention
CUST108076,1,0.8650427,86.5,Critical,Immediate,Immediate retention intervention
CUST105900,1,0.8649469,86.49,Critical,Immediate,Immediate retention intervention
CUST128608,0,0.86489373,86.49,Critical,Immediate,Immediate retention intervention
CUST135543,0,0.8647915,86.48,Critical,Immediate,Immediate retention intervention
CUST136712,1,0.864757,86.48,Critical,Immediate,Immediate retention intervention
CUST132106,1,0.86471516,86.47,Critical,Immediate,Immediate retention intervention
CUST131326,1,0.8646885,86.47,Critical,Immediate,Immediate retention intervention
CUST137722,1,0.86458665,86.46,Critical,Immediate,Immediate retention intervention
CUST113864,1,0.8646075,86.46,Critical,Immediate,Immediate retention intervention
CUST100220,0,0.86463577,86.46,Critical,Immediate,Immediate retention intervention
CUST112804,1,0.8644092,86.44,Critical,Immediate,Immediate retention intervention
CUST138165,1,0.8643756,86.44,Critical,Immediate,Immediate retention intervention
CUST138757,1,0.86415267,86.42,Critical,Immediate,Immediate retention intervention
CUST109549,0,0.8640782,86.41,Critical,Immediate,Immediate retention intervention
CUST111315,0,0.86379945,86.38,Critical,Immediate,Immediate retention intervention
CUST127730,1,0.8637944,86.38,Critical,Immediate,Immediate retention intervention
CUST116679,1,0.86367637,86.37,Critical,Immediate,Immediate retention intervention
CUST143787,1,0.8633563,86.34,Critical,Immediate,Immediate retention intervention
CUST143034,1,0.862596,86.26,Critical,Immediate,Immediate retention intervention
CUST139972,0,0.86239475,86.24,Critical,Immediate,Immediate retention intervention
CUST121308,1,0.86239237,86.24,Critical,Immediate,Immediate retention intervention
CUST133801,0,0.8623692,86.24,Critical,Immediate,Immediate retention intervention
CUST135158,1,0.86225027,86.23,Critical,Immediate,Immediate retention intervention
CUST103365,0,0.8621377,86.21,Critical,Immediate,Immediate retention intervention
CUST118683,0,0.86190337,86.19,Critical,Immediate,Immediate retention intervention
CUST106437,1,0.86144733,86.14,Critical,Immediate,Immediate retention intervention
CUST108412,0,0.8613282,86.13,Critical,Immediate,Immediate retention intervention
CUST121521,1,0.86130935,86.13,Critical,Immediate,Immediate retention intervention
CUST141576,1,0.8612965,86.13,Critical,Immediate,Immediate retention intervention
CUST138034,0,0.86095655,86.1,Critical,Immediate,Immediate retention intervention
CUST105028,1,0.86076266,86.08,Critical,Immediate,Immediate retention intervention
CUST131043,1,0.86020136,86.02,Critical,Immediate,Immediate retention intervention
CUST137498,1,0.86012214,86.01,Critical,Immediate,Immediate retention intervention
CUST137258,1,0.86000365,86.0,Critical,Immediate,Immediate retention intervention
CUST117932,1,0.8597597,85.98,Critical,Immediate,Immediate retention intervention
CUST116366,1,0.8593231,85.93,Critical,Immediate,Immediate retention intervention
CUST145859,1,0.85925406,85.93,Critical,Immediate,Immediate retention intervention
CUST124526,1,0.8589793,85.9,Critical,Immediate,Immediate retention intervention
CUST110810,1,0.85862523,85.86,Critical,Immediate,Immediate retention intervention
CUST138599,1,0.85825706,85.83,Critical,Immediate,Immediate retention intervention
CUST126350,0,0.85822546,85.82,Critical,Immediate,Immediate retention intervention
CUST104966,0,0.85787404,85.79,Critical,Immediate,Immediate retention intervention
CUST113070,0,0.85780203,85.78,Critical,Immediate,Immediate retention intervention
CUST100420,1,0.8576877,85.77,Critical,Immediate,Immediate retention intervention
CUST117678,1,0.85742253,85.74,Critical,Immediate,Immediate retention intervention
CUST135445,1,0.8571427,85.71,Critical,Immediate,Immediate retention intervention
CUST133894,0,0.8569582,85.7,Critical,Immediate,Immediate retention intervention
CUST111775,1,0.8568861,85.69,Critical,Immediate,Immediate retention intervention
CUST107507,1,0.8563647,85.64,Critical,Immediate,Immediate retention intervention
CUST140029,1,0.8560402,85.6,Critical,Immediate,Immediate retention intervention
CUST134778,1,0.85540223,85.54,Critical,Immediate,Immediate retention intervention
CUST123839,1,0.8552885,85.53,Critical,Immediate,Immediate retention intervention
CUST133880,1,0.85521615,85.52,Critical,Immediate,Immediate retention intervention
CUST130581,0,0.8551979,85.52,Critical,Immediate,Immediate retention intervention
CUST124982,1,0.854874,85.49,Critical,Immediate,Immediate retention intervention
CUST141170,1,0.85471916,85.47,Critical,Immediate,Immediate retention intervention
CUST119009,1,0.8546902,85.47,Critical,Immediate,Immediate retention intervention
CUST132736,1,0.8547217,85.47,Critical,Immediate,Immediate retention intervention
CUST100426,1,0.8539872,85.4,Critical,Immediate,Immediate retention intervention
CUST129202,1,0.85374606,85.37,Critical,Immediate,Immediate retention intervention
CUST133221,1,0.85324603,85.32,Critical,Immediate,Immediate retention intervention
CUST113612,1,0.85318625,85.32,Critical,Immediate,Immediate retention intervention
CUST127364,1,0.8531358,85.31,Critical,Immediate,Immediate retention intervention
CUST119845,1,0.8530019,85.3,Critical,Immediate,Immediate retention intervention
CUST145336,1,0.85258657,85.26,Critical,Immediate,Immediate retention intervention
CUST122898,1,0.8519186,85.19,Critical,Immediate,Immediate retention intervention
CUST115666,1,0.8517669,85.18,Critical,Immediate,Immediate retention intervention
CUST125196,1,0.8517839,85.18,Critical,Immediate,Immediate retention intervention
CUST142887,1,0.8516885,85.17,Critical,Immediate,Immediate retention intervention
CUST138015,0,0.85166067,85.17,Critical,Immediate,Immediate retention intervention
CUST109111,1,0.8515265,85.15,Critical,Immediate,Immediate retention intervention
CUST123042,0,0.85129887,85.13,Critical,Immediate,Immediate retention intervention
CUST121442,1,0.8510803,85.11,Critical,Immediate,Immediate retention intervention
CUST100119,1,0.85096407,85.1,Critical,Immediate,Immediate retention intervention
CUST132180,1,0.8510478,85.1,Critical,Immediate,Immediate retention intervention
CUST126714,1,0.85104585,85.1,Critical,Immediate,Immediate retention intervention
CUST125552,0,0.85069907,85.07,Critical,Immediate,Immediate retention intervention
CUST138002,1,0.85061526,85.06,Critical,Immediate,Immediate retention intervention
CUST138390,1,0.8505783,85.06,Critical,Immediate,Immediate retention intervention
CUST138776,1,0.85048693,85.05,Critical,Immediate,Immediate retention intervention
CUST129359,1,0.85041857,85.04,Critical,Immediate,Immediate retention intervention
CUST127279,1,0.8498588,84.99,Critical,Immediate,Immediate retention intervention
CUST139867,1,0.84992975,84.99,Critical,Immediate,Immediate retention intervention
CUST145291,1,0.84970766,84.97,Critical,Immediate,Immediate retention intervention
CUST107259,0,0.8496076,84.96,Critical,Immediate,Immediate retention intervention
CUST114614,1,0.8493934,84.94,Critical,Immediate,Immediate retention intervention
CUST114847,0,0.8492769,84.93,Critical,Immediate,Immediate retention intervention
CUST113875,1,0.8492683,84.93,Critical,Immediate,Immediate retention intervention
CUST112674,0,0.849244,84.92,Critical,Immediate,Immediate retention intervention
CUST121882,1,0.8490678,84.91,Critical,Immediate,Immediate retention intervention
CUST123392,1,0.84909,84.91,Critical,Immediate,Immediate retention intervention
CUST106829,1,0.84873444,84.87,Critical,Immediate,Immediate retention intervention
CUST143804,1,0.8487069,84.87,Critical,Immediate,Immediate retention intervention
CUST120891,0,0.848636,84.86,Critical,Immediate,Immediate retention intervention
CUST117579,1,0.8485148,84.85,Critical,Immediate,Immediate retention intervention
CUST104090,1,0.84852076,84.85,Critical,Immediate,Immediate retention intervention
CUST127902,1,0.84842134,84.84,Critical,Immediate,Immediate retention intervention
CUST137938,1,0.8479741,84.8,Critical,Immediate,Immediate retention intervention
CUST109043,1,0.8478161,84.78,Critical,Immediate,Immediate retention intervention
CUST113485,0,0.84783465,84.78,Critical,Immediate,Immediate retention intervention
CUST145657,1,0.8471469,84.71,Critical,Immediate,Immediate retention intervention
CUST140751,0,0.84702927,84.7,Critical,Immediate,Immediate retention intervention
CUST100298,0,0.8468773,84.69,Critical,Immediate,Immediate retention intervention
CUST117712,1,0.8466733,84.67,Critical,Immediate,Immediate retention intervention
CUST100662,0,0.84657913,84.66,Critical,Immediate,Immediate retention intervention
CUST138676,1,0.8465821,84.66,Critical,Immediate,Immediate retention intervention
CUST118026,1,0.84628224,84.63,Critical,Immediate,Immediate retention intervention
CUST130107,1,0.8463329,84.63,Critical,Immediate,Immediate retention intervention
CUST113576,0,0.8462648,84.63,Critical,Immediate,Immediate retention intervention
CUST116403,1,0.84614134,84.61,Critical,Immediate,Immediate retention intervention
CUST147160,1,0.8460148,84.6,Critical,Immediate,Immediate retention intervention
CUST128762,1,0.8458967,84.59,Critical,Immediate,Immediate retention intervention
CUST135141,1,0.84523445,84.52,Critical,Immediate,Immediate retention intervention
CUST136454,1,0.8449965,84.5,Critical,Immediate,Immediate retention intervention
CUST108187,0,0.84483564,84.48,Critical,Immediate,Immediate retention intervention
CUST145154,1,0.84482783,84.48,Critical,Immediate,Immediate retention intervention
CUST126720,1,0.84460473,84.46,Critical,Immediate,Immediate retention intervention
CUST114128,1,0.84453976,84.45,Critical,Immediate,Immediate retention intervention
CUST111732,1,0.8439853,84.4,Critical,Immediate,Immediate retention intervention
CUST107894,1,0.84404594,84.4,Critical,Immediate,Immediate retention intervention
CUST119109,1,0.8439319,84.39,Critical,Immediate,Immediate retention intervention
CUST115517,1,0.843139,84.31,Critical,Immediate,Immediate retention intervention
CUST113795,1,0.8431376,84.31,Critical,Immediate,Immediate retention intervention
CUST122090,1,0.8431276,84.31,Critical,Immediate,Immediate retention intervention
CUST108056,0,0.8428686,84.29,Critical,Immediate,Immediate retention intervention
CUST105628,0,0.842774,84.28,Critical,Immediate,Immediate retention intervention
CUST146105,1,0.84272057,84.27,Critical,Immediate,Immediate retention intervention
CUST130580,1,0.84255314,84.26,Critical,Immediate,Immediate retention intervention
CUST147724,1,0.842557,84.26,Critical,Immediate,Immediate retention intervention
CUST101070,1,0.84241,84.24,Critical,Immediate,Immediate retention intervention
CUST126929,0,0.84200406,84.2,Critical,Immediate,Immediate retention intervention
CUST101394,0,0.8414489,84.14,Critical,Immediate,Immediate retention intervention
CUST106523,1,0.84142244,84.14,Critical,Immediate,Immediate retention intervention
CUST135879,1,0.84073764,84.07,Critical,Immediate,Immediate retention intervention
CUST115379,1,0.8405411,84.05,Critical,Immediate,Immediate retention intervention
CUST121293,0,0.8401866,84.02,Critical,Immediate,Immediate retention intervention
CUST121266,1,0.8396294,83.96,Critical,Immediate,Immediate retention intervention
CUST146080,0,0.8394627,83.95,Critical,Immediate,Immediate retention intervention
CUST130924,0,0.83951193,83.95,Critical,Immediate,Immediate retention intervention
CUST121872,1,0.8392648,83.93,Critical,Immediate,Immediate retention intervention
CUST144947,0,0.83890074,83.89,Critical,Immediate,Immediate retention intervention
CUST102794,1,0.83883554,83.88,Critical,Immediate,Immediate retention intervention
CUST111452,1,0.83855724,83.86,Critical,Immediate,Immediate retention intervention
CUST111761,1,0.8381503,83.82,Critical,Immediate,Immediate retention intervention
CUST142585,0,0.83819425,83.82,Critical,Immediate,Immediate retention intervention
CUST145305,1,0.8379222,83.79,Critical,Immediate,Immediate retention intervention
CUST100054,0,0.8377088,83.77,Critical,Immediate,Immediate retention intervention
CUST137388,1,0.83738756,83.74,Critical,Immediate,Immediate retention intervention
CUST106159,0,0.8372951,83.73,Critical,Immediate,Immediate retention intervention
CUST124590,0,0.8368126,83.68,Critical,Immediate,Immediate retention intervention
CUST121469,1,0.8367092,83.67,Critical,Immediate,Immediate retention intervention
CUST118312,1,0.83607036,83.61,Critical,Immediate,Immediate retention intervention
CUST117890,1,0.836114,83.61,Critical,Immediate,Immediate retention intervention
CUST117885,1,0.8358851,83.59,Critical,Immediate,Immediate retention intervention
CUST106121,1,0.8354853,83.55,Critical,Immediate,Immediate retention intervention
CUST126483,1,0.8352176,83.52,Critical,Immediate,Immediate retention intervention
CUST129646,1,0.8348775,83.49,Critical,Immediate,Immediate retention intervention
CUST115418,0,0.83475935,83.48,Critical,Immediate,Immediate retention intervention
CUST120297,0,0.83431727,83.43,Critical,Immediate,Immediate retention intervention
CUST126854,1,0.8338905,83.39,Critical,Immediate,Immediate retention intervention
CUST104170,1,0.8334204,83.34,Critical,Immediate,Immediate retention intervention
CUST129670,1,0.83343995,83.34,Critical,Immediate,Immediate retention intervention
CUST135860,1,0.8331989,83.32,Critical,Immediate,Immediate retention intervention
CUST142815,0,0.8325204,83.25,Critical,Immediate,Immediate retention intervention
CUST131489,0,0.8322551,83.23,Critical,Immediate,Immediate retention intervention
CUST101107,0,0.83230096,83.23,Critical,Immediate,Immediate retention intervention
CUST131230,1,0.83229375,83.23,Critical,Immediate,Immediate retention intervention
CUST110106,0,0.83226496,83.23,Critical,Immediate,Immediate retention intervention
CUST142774,1,0.8321794,83.22,Critical,Immediate,Immediate retention intervention
CUST108963,1,0.8322071,83.22,Critical,Immediate,Immediate retention intervention
CUST130103,1,0.8319044,83.19,Critical,Immediate,Immediate retention intervention
CUST113338,1,0.831839,83.18,Critical,Immediate,Immediate retention intervention
CUST142783,0,0.83170086,83.17,Critical,Immediate,Immediate retention intervention
CUST120935,1,0.83148485,83.15,Critical,Immediate,Immediate retention intervention
CUST126610,1,0.83140606,83.14,Critical,Immediate,Immediate retention intervention
CUST113006,1,0.83134055,83.13,Critical,Immediate,Immediate retention intervention
CUST141739,1,0.8312106,83.12,Critical,Immediate,Immediate retention intervention
CUST129746,1,0.8310397,83.1,Critical,Immediate,Immediate retention intervention
CUST145582,1,0.8306119,83.06,Critical,Immediate,Immediate retention intervention
CUST112267,1,0.83060944,83.06,Critical,Immediate,Immediate retention intervention
CUST139036,1,0.83031446,83.03,Critical,Immediate,Immediate retention intervention
CUST101096,1,0.830059,83.01,Critical,Immediate,Immediate retention intervention
CUST102690,1,0.8300333,83.0,Critical,Immediate,Immediate retention intervention
CUST144583,1,0.8298397,82.98,Critical,Immediate,Immediate retention intervention
CUST121309,1,0.82974184,82.97,Critical,Immediate,Immediate retention intervention
CUST119590,1,0.8295472,82.95,Critical,Immediate,Immediate retention intervention
CUST106747,1,0.8294565,82.95,Critical,Immediate,Immediate retention intervention
CUST138323,1,0.8294628,82.95,Critical,Immediate,Immediate retention intervention
CUST136521,1,0.82915896,82.92,Critical,Immediate,Immediate retention intervention
CUST119548,1,0.82862633,82.86,Critical,Immediate,Immediate retention intervention
CUST111280,1,0.8283798,82.84,Critical,Immediate,Immediate retention intervention
CUST114812,1,0.8282414,82.82,Critical,Immediate,Immediate retention intervention
CUST143933,1,0.82812655,82.81,Critical,Immediate,Immediate retention intervention
CUST139614,0,0.827989,82.8,Critical,Immediate,Immediate retention intervention
CUST121081,1,0.82758176,82.76,Critical,Immediate,Immediate retention intervention
CUST142855,0,0.8274896,82.75,Critical,Immediate,Immediate retention intervention
CUST129681,0,0.82753295,82.75,Critical,Immediate,Immediate retention intervention
CUST109123,1,0.8274403,82.74,Critical,Immediate,Immediate retention intervention
CUST118775,1,0.82649696,82.65,Critical,Immediate,Immediate retention intervention
CUST100183,1,0.8262959,82.63,Critical,Immediate,Immediate retention intervention
CUST120839,1,0.8260805,82.61,Critical,Immediate,Immediate retention intervention
CUST100681,1,0.8260553,82.61,Critical,Immediate,Immediate retention intervention
CUST140253,1,0.8260131,82.6,Critical,Immediate,Immediate retention intervention
CUST118941,1,0.825786,82.58,Critical,Immediate,Immediate retention intervention
CUST139800,0,0.82549417,82.55,Critical,Immediate,Immediate retention intervention
CUST104133,0,0.82543594,82.54,Critical,Immediate,Immediate retention intervention
CUST143024,1,0.82525563,82.53,Critical,Immediate,Immediate retention intervention
CUST101004,1,0.8248706,82.49,Critical,Immediate,Immediate retention intervention
CUST130284,1,0.82469183,82.47,Critical,Immediate,Immediate retention intervention
CUST145885,1,0.8245916,82.46,Critical,Immediate,Immediate retention intervention
CUST139950,1,0.8245109,82.45,Critical,Immediate,Immediate retention intervention
CUST126538,0,0.82444733,82.44,Critical,Immediate,Immediate retention intervention
CUST119479,1,0.8243447,82.43,Critical,Immediate,Immediate retention intervention
CUST117694,1,0.82406247,82.41,Critical,Immediate,Immediate retention intervention
CUST146529,0,0.82407135,82.41,Critical,Immediate,Immediate retention intervention
CUST125157,1,0.8239612,82.4,Critical,Immediate,Immediate retention intervention
CUST142668,0,0.82393074,82.39,Critical,Immediate,Immediate retention intervention
CUST138325,1,0.8236338,82.36,Critical,Immediate,Immediate retention intervention
CUST109521,1,0.8227845,82.28,Critical,Immediate,Immediate retention intervention
CUST114624,1,0.82271355,82.27,Critical,Immediate,Immediate retention intervention
CUST108793,0,0.82258064,82.26,Critical,Immediate,Immediate retention intervention
CUST106035,1,0.82243115,82.24,Critical,Immediate,Immediate retention intervention
CUST125582,1,0.82201487,82.2,Critical,Immediate,Immediate retention intervention
CUST133605,1,0.821636,82.16,Critical,Immediate,Immediate retention intervention
CUST146196,1,0.821617,82.16,Critical,Immediate,Immediate retention intervention
CUST144880,0,0.82138276,82.14,Critical,Immediate,Immediate retention intervention
CUST128948,1,0.8212172,82.12,Critical,Immediate,Immediate retention intervention
CUST116510,1,0.8210292,82.1,Critical,Immediate,Immediate retention intervention
CUST141327,0,0.8208885,82.09,Critical,Immediate,Immediate retention intervention
CUST121755,0,0.8208206,82.08,Critical,Immediate,Immediate retention intervention
CUST123332,1,0.8204353,82.04,Critical,Immediate,Immediate retention intervention
CUST115149,1,0.82030165,82.03,Critical,Immediate,Immediate retention intervention
CUST131057,1,0.81971586,81.97,Critical,Immediate,Immediate retention intervention
CUST128519,1,0.8194778,81.95,Critical,Immediate,Immediate retention intervention
CUST125433,1,0.8190699,81.91,Critical,Immediate,Immediate retention intervention
CUST139257,1,0.81880444,81.88,Critical,Immediate,Immediate retention intervention
CUST116263,1,0.818295,81.83,Critical,Immediate,Immediate retention intervention
CUST132260,0,0.8182039,81.82,Critical,Immediate,Immediate retention intervention
CUST118317,1,0.81809956,81.81,Critical,Immediate,Immediate retention intervention
CUST117285,0,0.81812304,81.81,Critical,Immediate,Immediate retention intervention
CUST126639,1,0.81777215,81.78,Critical,Immediate,Immediate retention intervention
CUST131898,1,0.8176568,81.77,Critical,Immediate,Immediate retention intervention
CUST108139,1,0.817531,81.75,Critical,Immediate,Immediate retention intervention
CUST115194,0,0.81726235,81.73,Critical,Immediate,Immediate retention intervention
CUST146335,1,0.81716317,81.72,Critical,Immediate,Immediate retention intervention
CUST143439,1,0.81713706,81.71,Critical,Immediate,Immediate retention intervention
CUST133857,1,0.81689215,81.69,Critical,Immediate,Immediate retention intervention
CUST104733,1,0.8162646,81.63,Critical,Immediate,Immediate retention intervention
CUST136828,0,0.81613266,81.61,Critical,Immediate,Immediate retention intervention
CUST125317,1,0.815993,81.6,Critical,Immediate,Immediate retention intervention
CUST121030,0,0.81532156,81.53,Critical,Immediate,Immediate retention intervention
CUST136197,1,0.8149519,81.5,Critical,Immediate,Immediate retention intervention
CUST133511,1,0.8148841,81.49,Critical,Immediate,Immediate retention intervention
CUST121430,1,0.8143328,81.43,Critical,Immediate,Immediate retention intervention
CUST115843,1,0.8135762,81.36,Critical,Immediate,Immediate retention intervention
CUST106452,1,0.8133768,81.34,Critical,Immediate,Immediate retention intervention
CUST107703,1,0.8133518,81.34,Critical,Immediate,Immediate retention intervention
CUST123792,1,0.8133145,81.33,Critical,Immediate,Immediate retention intervention
CUST119309,1,0.81301874,81.3,Critical,Immediate,Immediate retention intervention
CUST143755,0,0.8129835,81.3,Critical,Immediate,Immediate retention intervention
CUST109334,0,0.8127635,81.28,Critical,Immediate,Immediate retention intervention
CUST140651,1,0.81271595,81.27,Critical,Immediate,Immediate retention intervention
CUST134548,1,0.8127344,81.27,Critical,Immediate,Immediate retention intervention
CUST118973,1,0.8124971,81.25,Critical,Immediate,Immediate retention intervention
CUST127531,0,0.8124854,81.25,Critical,Immediate,Immediate retention intervention
CUST138568,1,0.81179893,81.18,Critical,Immediate,Immediate retention intervention
CUST100923,1,0.81152666,81.15,Critical,Immediate,Immediate retention intervention
CUST138568,1,0.81143427,81.14,Critical,Immediate,Immediate retention intervention
CUST144117,1,0.81134117,81.13,Critical,Immediate,Immediate retention intervention
CUST141475,1,0.81124943,81.12,Critical,Immediate,Immediate retention intervention
CUST139741,1,0.81074005,81.07,Critical,Immediate,Immediate retention intervention
CUST134867,1,0.8105854,81.06,Critical,Immediate,Immediate retention intervention
CUST131889,1,0.81046516,81.05,Critical,Immediate,Immediate retention intervention
CUST103718,1,0.8105422,81.05,Critical,Immediate,Immediate retention intervention
CUST103370,1,0.8103293,81.03,Critical,Immediate,Immediate retention intervention
CUST102160,0,0.8102865,81.03,Critical,Immediate,Immediate retention intervention
CUST132849,1,0.81009454,81.01,Critical,Immediate,Immediate retention intervention
CUST105019,1,0.8100456,81.0,Critical,Immediate,Immediate retention intervention
CUST119390,1,0.80991054,80.99,Critical,Immediate,Immediate retention intervention
CUST115873,1,0.8094507,80.95,Critical,Immediate,Immediate retention intervention
CUST115873,1,0.8094507,80.95,Critical,Immediate,Immediate retention intervention
CUST104394,0,0.8094219,80.94,Critical,Immediate,Immediate retention intervention
CUST127370,0,0.8094118,80.94,Critical,Immediate,Immediate retention intervention
CUST141916,1,0.80931395,80.93,Critical,Immediate,Immediate retention intervention
CUST139869,1,0.80933416,80.93,Critical,Immediate,Immediate retention intervention
CUST123052,0,0.8092739,80.93,Critical,Immediate,Immediate retention intervention
CUST121096,1,0.80911076,80.91,Critical,Immediate,Immediate retention intervention
CUST138671,0,0.8090597,80.91,Critical,Immediate,Immediate retention intervention
CUST116737,0,0.8088921,80.89,Critical,Immediate,Immediate retention intervention
CUST123475,1,0.8086599,80.87,Critical,Immediate,Immediate retention intervention
CUST100630,1,0.8078603,80.79,Critical,Immediate,Immediate retention intervention
CUST117353,1,0.80762935,80.76,Critical,Immediate,Immediate retention intervention
CUST106910,0,0.8074841,80.75,Critical,Immediate,Immediate retention intervention
CUST134937,1,0.8074438,80.74,Critical,Immediate,Immediate retention intervention
CUST100225,1,0.80726945,80.73,Critical,Immediate,Immediate retention intervention
CUST120337,1,0.8071216,80.71,Critical,Immediate,Immediate retention intervention
CUST117517,1,0.8069922,80.7,Critical,Immediate,Immediate retention intervention
CUST102902,0,0.8067038,80.67,Critical,Immediate,Immediate retention intervention
CUST117287,1,0.80655146,80.66,Critical,Immediate,Immediate retention intervention
CUST137302,0,0.8063809,80.64,Critical,Immediate,Immediate retention intervention
CUST101640,1,0.80617464,80.62,Critical,Immediate,Immediate retention intervention
CUST123201,1,0.8060775,80.61,Critical,Immediate,Immediate retention intervention
CUST117093,1,0.80602765,80.6,Critical,Immediate,Immediate retention intervention
CUST106610,1,0.8058999,80.59,Critical,Immediate,Immediate retention intervention
CUST133836,0,0.8057217,80.57,Critical,Immediate,Immediate retention intervention
CUST125784,1,0.805481,80.55,Critical,Immediate,Immediate retention intervention
CUST135219,1,0.80541426,80.54,Critical,Immediate,Immediate retention intervention
CUST133143,1,0.80500126,80.5,Critical,Immediate,Immediate retention intervention
CUST121044,1,0.804845,80.48,Critical,Immediate,Immediate retention intervention
CUST110094,0,0.8040182,80.4,Critical,Immediate,Immediate retention intervention
CUST133772,0,0.8040443,80.4,Critical,Immediate,Immediate retention intervention
CUST111178,1,0.80379444,80.38,Critical,Immediate,Immediate retention intervention
CUST132820,1,0.80347055,80.35,Critical,Immediate,Immediate retention intervention
CUST107256,1,0.8034339,80.34,Critical,Immediate,Immediate retention intervention
CUST133308,1,0.8031844,80.32,Critical,Immediate,Immediate retention intervention
CUST100635,0,0.80309314,80.31,Critical,Immediate,Immediate retention intervention
CUST127106,0,0.8026591,80.27,Critical,Immediate,Immediate retention intervention
CUST136875,1,0.80269116,80.27,Critical,Immediate,Immediate retention intervention
CUST134021,1,0.80207646,80.21,Critical,Immediate,Immediate retention intervention
CUST109956,1,0.80197567,80.2,Critical,Immediate,Immediate retention intervention
CUST121259,1,0.8017561,80.18,Critical,Immediate,Immediate retention intervention
CUST125612,0,0.8013783,80.14,Critical,Immediate,Immediate retention intervention
CUST133756,0,0.80100924,80.1,Critical,Immediate,Immediate retention intervention
CUST134552,0,0.80084735,80.08,Critical,Immediate,Immediate retention intervention
CUST129508,0,0.80068994,80.07,Critical,Immediate,Immediate retention intervention
CUST120654,1,0.80065674,80.07,Critical,Immediate,Immediate retention intervention
CUST110900,1,0.8005522,80.06,Critical,Immediate,Immediate retention intervention
CUST121739,1,0.80037844,80.04,Critical,Immediate,Immediate retention intervention
CUST135033,1,0.8001484,80.01,Critical,Immediate,Immediate retention intervention
CUST137729,1,0.7999205,79.99,High,High,Targeted retention campaign
CUST122441,0,0.7994983,79.95,High,High,Targeted retention campaign
CUST134667,1,0.7990367,79.9,High,High,Targeted retention campaign
CUST119816,0,0.7990334,79.9,High,High,Targeted retention campaign
CUST101077,1,0.79889846,79.89,High,High,Targeted retention campaign
CUST127347,1,0.7984837,79.85,High,High,Targeted retention campaign
CUST100025,1,0.7977543,79.78,High,High,Targeted retention campaign
CUST113784,1,0.79760045,79.76,High,High,Targeted retention campaign
CUST133897,0,0.79744333,79.74,High,High,Targeted retention campaign
CUST126866,1,0.7972778,79.73,High,High,Targeted retention campaign
CUST146176,1,0.7972105,79.72,High,High,Targeted retention campaign
CUST120311,0,0.79705054,79.71,High,High,Targeted retention campaign
CUST108778,1,0.7968662,79.69,High,High,Targeted retention campaign
CUST112607,1,0.7966267,79.66,High,High,Targeted retention campaign
CUST119465,0,0.79651284,79.65,High,High,Targeted retention campaign
CUST104605,1,0.796151,79.62,High,High,Targeted retention campaign
CUST136022,1,0.79605794,79.61,High,High,Targeted retention campaign
CUST114710,1,0.7959956,79.6,High,High,Targeted retention campaign
CUST100751,1,0.79563665,79.56,High,High,Targeted retention campaign
CUST144812,1,0.79546636,79.55,High,High,Targeted retention campaign
CUST113880,1,0.795385,79.54,High,High,Targeted retention campaign
CUST140375,0,0.79513794,79.51,High,High,Targeted retention campaign
CUST134651,0,0.79487747,79.49,High,High,Targeted retention campaign
CUST128114,1,0.79480326,79.48,High,High,Targeted retention campaign
CUST137580,1,0.794718,79.47,High,High,Targeted retention campaign
CUST120499,1,0.7938191,79.38,High,High,Targeted retention campaign
CUST135696,0,0.7936771,79.37,High,High,Targeted retention campaign
CUST106425,1,0.7935523,79.36,High,High,Targeted retention campaign
CUST102440,0,0.7935992,79.36,High,High,Targeted retention campaign
CUST139371,0,0.79362077,79.36,High,High,Targeted retention campaign
CUST116294,1,0.7935243,79.35,High,High,Targeted retention campaign
CUST113769,1,0.7933861,79.34,High,High,Targeted retention campaign
CUST101204,1,0.7930467,79.3,High,High,Targeted retention campaign
CUST105843,1,0.792951,79.3,High,High,Targeted retention campaign
CUST103273,0,0.7929887,79.3,High,High,Targeted retention campaign
CUST145954,1,0.79278374,79.28,High,High,Targeted retention campaign
CUST109483,0,0.7928264,79.28,High,High,Targeted retention campaign
CUST116353,1,0.7924451,79.24,High,High,Targeted retention campaign
CUST137663,1,0.7919545,79.2,High,High,Targeted retention campaign
CUST112195,1,0.7917094,79.17,High,High,Targeted retention campaign
CUST133867,1,0.79162014,79.16,High,High,Targeted retention campaign
CUST122883,0,0.7916004,79.16,High,High,Targeted retention campaign
CUST142829,0,0.79141927,79.14,High,High,Targeted retention campaign
CUST129160,0,0.790925,79.09,High,High,Targeted retention campaign
CUST101379,1,0.7907534,79.08,High,High,Targeted retention campaign
CUST145042,1,0.79073566,79.07,High,High,Targeted retention campaign
CUST140093,1,0.79049945,79.05,High,High,Targeted retention campaign
CUST144339,1,0.7904343,79.04,High,High,Targeted retention campaign
CUST119135,1,0.79028416,79.03,High,High,Targeted retention campaign
CUST116636,1,0.79016215,79.02,High,High,Targeted retention campaign
CUST102901,1,0.7900213,79.0,High,High,Targeted retention campaign
CUST102541,1,0.78997314,79.0,High,High,Targeted retention campaign
CUST139706,1,0.7899096,78.99,High,High,Targeted retention campaign
CUST119713,1,0.78923595,78.92,High,High,Targeted retention campaign
CUST143070,1,0.78906995,78.91,High,High,Targeted retention campaign
CUST126834,0,0.78907937,78.91,High,High,Targeted retention campaign
CUST122679,1,0.7887568,78.88,High,High,Targeted retention campaign
CUST142976,1,0.78853804,78.85,High,High,Targeted retention campaign
CUST120394,1,0.78792065,78.79,High,High,Targeted retention campaign
CUST135627,1,0.7868768,78.69,High,High,Targeted retention campaign
CUST139387,0,0.78550863,78.55,High,High,Targeted retention campaign
CUST120689,1,0.78550136,78.55,High,High,Targeted retention campaign
CUST124170,1,0.7853615,78.54,High,High,Targeted retention campaign
CUST134372,1,0.78543836,78.54,High,High,Targeted retention campaign
CUST103122,1,0.7851133,78.51,High,High,Targeted retention campaign
CUST113558,1,0.78480464,78.48,High,High,Targeted retention campaign
CUST119163,1,0.7843654,78.44,High,High,Targeted retention campaign
CUST129979,0,0.78419316,78.42,High,High,Targeted retention campaign
CUST116511,1,0.7840796,78.41,High,High,Targeted retention campaign
CUST100476,1,0.78405285,78.41,High,High,Targeted retention campaign
CUST122130,0,0.7837882,78.38,High,High,Targeted retention campaign
CUST120064,1,0.7836171,78.36,High,High,Targeted retention campaign
CUST106041,0,0.7835411,78.35,High,High,Targeted retention campaign
CUST111508,1,0.7835219,78.35,High,High,Targeted retention campaign
CUST135726,1,0.782942,78.29,High,High,Targeted retention campaign
CUST112483,0,0.7827312,78.27,High,High,Targeted retention campaign
CUST111014,0,0.7823798,78.24,High,High,Targeted retention campaign
CUST112185,0,0.7823088,78.23,High,High,Targeted retention campaign
CUST120143,1,0.78225124,78.23,High,High,Targeted retention campaign
CUST139941,0,0.7817348,78.17,High,High,Targeted retention campaign
CUST115002,1,0.78065425,78.07,High,High,Targeted retention campaign
CUST145804,1,0.7804807,78.05,High,High,Targeted retention campaign
CUST141764,1,0.7804203,78.04,High,High,Targeted retention campaign
CUST106037,1,0.7798152,77.98,High,High,Targeted retention campaign
CUST109864,1,0.77966875,77.97,High,High,Targeted retention campaign
CUST104915,1,0.7796316,77.96,High,High,Targeted retention campaign
CUST102038,0,0.77957195,77.96,High,High,Targeted retention campaign
CUST131777,0,0.77931947,77.93,High,High,Targeted retention campaign
CUST100136,1,0.77909017,77.91,High,High,Targeted retention campaign
CUST123405,1,0.77897996,77.9,High,High,Targeted retention campaign
CUST142311,1,0.77832806,77.83,High,High,Targeted retention campaign
CUST129912,1,0.77824336,77.82,High,High,Targeted retention campaign
CUST114584,1,0.7781022,77.81,High,High,Targeted retention campaign
CUST133565,1,0.7779325,77.79,High,High,Targeted retention campaign
CUST139810,1,0.7775597,77.76,High,High,Targeted retention campaign
CUST103003,0,0.7776185,77.76,High,High,Targeted retention campaign
CUST131374,0,0.7773984,77.74,High,High,Targeted retention campaign
CUST103587,1,0.7770481,77.7,High,High,Targeted retention campaign
CUST104607,1,0.7768174,77.68,High,High,Targeted retention campaign
CUST125716,1,0.7766342,77.66,High,High,Targeted retention campaign
CUST126362,1,0.7764928,77.65,High,High,Targeted retention campaign
CUST124672,0,0.7760589,77.61,High,High,Targeted retention campaign
CUST139149,0,0.77575773,77.58,High,High,Targeted retention campaign
CUST132924,1,0.7756626,77.57,High,High,Targeted retention campaign
CUST131839,0,0.77552676,77.55,High,High,Targeted retention campaign
CUST133456,0,0.77546525,77.55,High,High,Targeted retention campaign
CUST137474,1,0.77536273,77.54,High,High,Targeted retention campaign
CUST114597,0,0.7749784,77.5,High,High,Targeted retention campaign
CUST112915,0,0.7749047,77.49,High,High,Targeted retention campaign
CUST144751,0,0.77478915,77.48,High,High,Targeted retention campaign
CUST122747,1,0.7745327,77.45,High,High,Targeted retention campaign
CUST104355,1,0.7743527,77.44,High,High,Targeted retention campaign
CUST137437,1,0.7741862,77.42,High,High,Targeted retention campaign
CUST132215,0,0.7741788,77.42,High,High,Targeted retention campaign
CUST144831,1,0.774164,77.42,High,High,Targeted retention campaign
CUST105404,0,0.77410334,77.41,High,High,Targeted retention campaign
CUST142765,1,0.77408165,77.41,High,High,Targeted retention campaign
CUST116607,1,0.77399904,77.4,High,High,Targeted retention campaign
CUST118410,1,0.7737353,77.37,High,High,Targeted retention campaign
CUST105599,0,0.77326053,77.33,High,High,Targeted retention campaign
CUST117217,1,0.7731792,77.32,High,High,Targeted retention campaign
CUST131922,0,0.77299,77.3,High,High,Targeted retention campaign
CUST128230,1,0.7730434,77.3,High,High,Targeted retention campaign
CUST130885,1,0.77286047,77.29,High,High,Targeted retention campaign
CUST136528,0,0.7720133,77.2,High,High,Targeted retention campaign
CUST124506,1,0.7720024,77.2,High,High,Targeted retention campaign
CUST132997,1,0.7718703,77.19,High,High,Targeted retention campaign
CUST131066,1,0.77147955,77.15,High,High,Targeted retention campaign
CUST142390,1,0.7713542,77.14,High,High,Targeted retention campaign
CUST134496,1,0.7709032,77.09,High,High,Targeted retention campaign
CUST101553,1,0.77073646,77.07,High,High,Targeted retention campaign
CUST121105,0,0.7703008,77.03,High,High,Targeted retention campaign
CUST105851,1,0.77018017,77.02,High,High,Targeted retention campaign
CUST114086,0,0.7699577,77.0,High,High,Targeted retention campaign
CUST113879,0,0.76966053,76.97,High,High,Targeted retention campaign
CUST101584,0,0.76973903,76.97,High,High,Targeted retention campaign
CUST101034,0,0.7695533,76.96,High,High,Targeted retention campaign
CUST100973,1,0.76954657,76.95,High,High,Targeted retention campaign
CUST143738,1,0.7689437,76.89,High,High,Targeted retention campaign
CUST137981,1,0.76887673,76.89,High,High,Targeted retention campaign
CUST120865,1,0.76851,76.85,High,High,Targeted retention campaign
CUST136565,1,0.76828736,76.83,High,High,Targeted retention campaign
CUST114436,1,0.7681904,76.82,High,High,Targeted retention campaign
CUST112250,1,0.7676566,76.77,High,High,Targeted retention campaign
CUST132101,1,0.76770234,76.77,High,High,Targeted retention campaign
CUST145596,1,0.76760674,76.76,High,High,Targeted retention campaign
CUST130520,1,0.7676426,76.76,High,High,Targeted retention campaign
CUST107060,0,0.7669257,76.69,High,High,Targeted retention campaign
CUST145377,1,0.76690936,76.69,High,High,Targeted retention campaign
CUST117145,0,0.766744,76.67,High,High,Targeted retention campaign
CUST110853,1,0.7665148,76.65,High,High,Targeted retention campaign
CUST139347,1,0.7664417,76.64,High,High,Targeted retention campaign
CUST136762,0,0.766436,76.64,High,High,Targeted retention campaign
CUST127598,1,0.7660818,76.61,High,High,Targeted retention campaign
CUST104352,1,0.76561594,76.56,High,High,Targeted retention campaign
CUST114519,0,0.7655346,76.55,High,High,Targeted retention campaign
CUST132267,1,0.76525015,76.53,High,High,Targeted retention campaign
CUST135886,0,0.7652378,76.52,High,High,Targeted retention campaign
CUST125920,1,0.7650081,76.5,High,High,Targeted retention campaign
CUST140188,1,0.7649186,76.49,High,High,Targeted retention campaign
CUST113184,0,0.7639544,76.4,High,High,Targeted retention campaign
CUST108468,1,0.76404965,76.4,High,High,Targeted retention campaign
CUST119981,1,0.7638497,76.38,High,High,Targeted retention campaign
CUST140949,1,0.7631954,76.32,High,High,Targeted retention campaign
CUST120418,1,0.76320547,76.32,High,High,Targeted retention campaign
CUST125055,1,0.7630246,76.3,High,High,Targeted retention campaign
CUST138683,1,0.7629822,76.3,High,High,Targeted retention campaign
CUST138683,1,0.7629822,76.3,High,High,Targeted retention campaign
CUST119349,1,0.7628754,76.29,High,High,Targeted retention campaign
CUST104680,0,0.76275057,76.28,High,High,Targeted retention campaign
CUST146079,1,0.7627149,76.27,High,High,Targeted retention campaign
CUST141881,0,0.7620066,76.2,High,High,Targeted retention campaign
CUST133120,1,0.76181525,76.18,High,High,Targeted retention campaign
CUST107068,1,0.7614211,76.14,High,High,Targeted retention campaign
CUST121610,0,0.7608998,76.09,High,High,Targeted retention campaign
CUST145994,1,0.7607619,76.08,High,High,Targeted retention campaign
CUST124464,1,0.7604113,76.04,High,High,Targeted retention campaign
CUST142669,1,0.76028895,76.03,High,High,Targeted retention campaign
CUST124060,0,0.760208,76.02,High,High,Targeted retention campaign
CUST115936,1,0.75997764,76.0,High,High,Targeted retention campaign
CUST116667,0,0.75995487,76.0,High,High,Targeted retention campaign
CUST146135,1,0.75944304,75.94,High,High,Targeted retention campaign
CUST117786,1,0.7588836,75.89,High,High,Targeted retention campaign
CUST122742,1,0.7587884,75.88,High,High,Targeted retention campaign
CUST106408,0,0.7586614,75.87,High,High,Targeted retention campaign
CUST107645,1,0.75856215,75.86,High,High,Targeted retention campaign
CUST144297,1,0.75836444,75.84,High,High,Targeted retention campaign
CUST111079,0,0.75842667,75.84,High,High,Targeted retention campaign
CUST120997,1,0.75796884,75.8,High,High,Targeted retention campaign
CUST107304,1,0.7577376,75.77,High,High,Targeted retention campaign
CUST129901,1,0.7575561,75.76,High,High,Targeted retention campaign
CUST111710,1,0.75731903,75.73,High,High,Targeted retention campaign
CUST100714,1,0.75723183,75.72,High,High,Targeted retention campaign
CUST103033,1,0.7563615,75.64,High,High,Targeted retention campaign
CUST142784,0,0.75577414,75.58,High,High,Targeted retention campaign
CUST137087,1,0.75544024,75.54,High,High,Targeted retention campaign
CUST141097,1,0.7552361,75.52,High,High,Targeted retention campaign
CUST103035,1,0.75502014,75.5,High,High,Targeted retention campaign
CUST132833,1,0.7546727,75.47,High,High,Targeted retention campaign
CUST134541,0,0.754724,75.47,High,High,Targeted retention campaign
CUST133607,0,0.75444114,75.44,High,High,Targeted retention campaign
CUST130588,1,0.7542213,75.42,High,High,Targeted retention campaign
CUST123205,1,0.7542148,75.42,High,High,Targeted retention campaign
CUST103862,0,0.7541844,75.42,High,High,Targeted retention campaign
CUST107610,1,0.75411177,75.41,High,High,Targeted retention campaign
CUST143266,0,0.75406075,75.41,High,High,Targeted retention campaign
CUST133609,1,0.7540205,75.4,High,High,Targeted retention campaign
CUST115507,1,0.7537558,75.38,High,High,Targeted retention campaign
CUST134156,0,0.7536818,75.37,High,High,Targeted retention campaign
CUST142965,0,0.7533937,75.34,High,High,Targeted retention campaign
CUST123190,1,0.75331575,75.33,High,High,Targeted retention campaign
CUST113320,1,0.75316954,75.32,High,High,Targeted retention campaign
CUST116920,1,0.75309926,75.31,High,High,Targeted retention campaign
CUST103020,0,0.7529962,75.3,High,High,Targeted retention campaign
CUST129102,1,0.75262016,75.26,High,High,Targeted retention campaign
CUST145841,1,0.7522221,75.22,High,High,Targeted retention campaign
CUST135804,1,0.75203323,75.2,High,High,Targeted retention campaign
CUST106503,1,0.75164384,75.16,High,High,Targeted retention campaign
CUST122054,0,0.75137126,75.14,High,High,Targeted retention campaign
CUST123304,0,0.75133455,75.13,High,High,Targeted retention campaign
CUST125655,1,0.75129277,75.13,High,High,Targeted retention campaign
CUST135065,1,0.7511883,75.12,High,High,Targeted retention campaign
CUST139420,1,0.7509677,75.1,High,High,Targeted retention campaign
CUST104723,0,0.75068194,75.07,High,High,Targeted retention campaign
CUST137353,1,0.7503896,75.04,High,High,Targeted retention campaign
CUST100112,0,0.750015,75.0,High,High,Targeted retention campaign
CUST121174,1,0.7497512,74.98,High,High,Targeted retention campaign
CUST138803,0,0.74973774,74.97,High,High,Targeted retention campaign
CUST100934,0,0.749689,74.97,High,High,Targeted retention campaign
CUST144454,0,0.7497466,74.97,High,High,Targeted retention campaign
CUST115985,1,0.7495116,74.95,High,High,Targeted retention campaign
CUST132632,1,0.74929076,74.93,High,High,Targeted retention campaign
CUST101287,1,0.7492416,74.92,High,High,Targeted retention campaign
CUST125666,1,0.74890554,74.89,High,High,Targeted retention campaign
CUST105308,1,0.7479876,74.8,High,High,Targeted retention campaign
CUST110246,0,0.74747866,74.75,High,High,Targeted retention campaign
CUST105443,1,0.7474268,74.74,High,High,Targeted retention campaign
CUST133155,1,0.7469295,74.69,High,High,Targeted retention campaign
CUST106215,1,0.7467846,74.68,High,High,Targeted retention campaign
CUST101880,1,0.7467697,74.68,High,High,Targeted retention campaign
CUST144358,1,0.7464055,74.64,High,High,Targeted retention campaign
CUST132336,1,0.74625385,74.63,High,High,Targeted retention campaign
CUST140006,1,0.7461718,74.62,High,High,Targeted retention campaign
CUST100527,1,0.74599296,74.6,High,High,Targeted retention campaign
CUST129168,1,0.74583167,74.58,High,High,Targeted retention campaign
CUST127142,1,0.74559665,74.56,High,High,Targeted retention campaign
CUST138783,1,0.7452483,74.52,High,High,Targeted retention campaign
CUST122965,1,0.7450297,74.5,High,High,Targeted retention campaign
CUST121820,1,0.74489456,74.49,High,High,Targeted retention campaign
CUST132976,1,0.74480647,74.48,High,High,Targeted retention campaign
CUST112698,1,0.74416006,74.42,High,High,Targeted retention campaign
CUST121146,1,0.7438298,74.38,High,High,Targeted retention campaign
CUST125958,0,0.74361527,74.36,High,High,Targeted retention campaign
CUST140556,0,0.7434919,74.35,High,High,Targeted retention campaign
CUST100708,1,0.7434487,74.34,High,High,Targeted retention campaign
CUST118188,1,0.74331546,74.33,High,High,Targeted retention campaign
CUST144653,0,0.7428963,74.29,High,High,Targeted retention campaign
CUST103727,1,0.7428277,74.28,High,High,Targeted retention campaign
CUST131776,1,0.74225,74.23,High,High,Targeted retention campaign
CUST119506,1,0.74152035,74.15,High,High,Targeted retention campaign
CUST113047,1,0.74147666,74.15,High,High,Targeted retention campaign
CUST133532,1,0.74148434,74.15,High,High,Targeted retention campaign
CUST129256,1,0.74119973,74.12,High,High,Targeted retention campaign
CUST134912,1,0.7409373,74.09,High,High,Targeted retention campaign
CUST141743,1,0.74043673,74.04,High,High,Targeted retention campaign
CUST133531,0,0.74034894,74.03,High,High,Targeted retention campaign
CUST122862,0,0.7400072,74.0,High,High,Targeted retention campaign
CUST104918,1,0.7393635,73.94,High,High,Targeted retention campaign
CUST107787,0,0.73903924,73.9,High,High,Targeted retention campaign
CUST114261,1,0.73802495,73.8,High,High,Targeted retention campaign
CUST138673,0,0.73767126,73.77,High,High,Targeted retention campaign
CUST145370,0,0.7376198,73.76,High,High,Targeted retention campaign
CUST142371,1,0.73763025,73.76,High,High,Targeted retention campaign
CUST145370,0,0.7376198,73.76,High,High,Targeted retention campaign
CUST122036,0,0.7374085,73.74,High,High,Targeted retention campaign
CUST124069,1,0.73742765,73.74,High,High,Targeted retention campaign
CUST111451,0,0.73711467,73.71,High,High,Targeted retention campaign
CUST129469,1,0.73687404,73.69,High,High,Targeted retention campaign
CUST139495,1,0.7367305,73.67,High,High,Targeted retention campaign
CUST139507,1,0.7363553,73.64,High,High,Targeted retention campaign
CUST142327,1,0.7359501,73.6,High,High,Targeted retention campaign
CUST113585,0,0.7355943,73.56,High,High,Targeted retention campaign
CUST112107,0,0.73561376,73.56,High,High,Targeted retention campaign
CUST124675,1,0.7355169,73.55,High,High,Targeted retention campaign
CUST108544,1,0.735496,73.55,High,High,Targeted retention campaign
CUST132720,1,0.73542583,73.54,High,High,Targeted retention campaign
CUST130432,0,0.73531014,73.53,High,High,Targeted retention campaign
CUST118328,1,0.735244,73.52,High,High,Targeted retention campaign
CUST102366,1,0.7349866,73.5,High,High,Targeted retention campaign
CUST111602,1,0.7347172,73.47,High,High,Targeted retention campaign
CUST131784,1,0.73463583,73.46,High,High,Targeted retention campaign
CUST145406,1,0.7341273,73.41,High,High,Targeted retention campaign
CUST120283,1,0.733904,73.39,High,High,Targeted retention campaign
CUST141503,1,0.73356354,73.36,High,High,Targeted retention campaign
CUST142683,1,0.7332631,73.33,High,High,Targeted retention campaign
CUST109124,0,0.7322932,73.23,High,High,Targeted retention campaign
CUST124080,1,0.73204976,73.2,High,High,Targeted retention campaign
CUST116289,1,0.73202544,73.2,High,High,Targeted retention campaign
CUST146171,1,0.7318648,73.19,High,High,Targeted retention campaign
CUST108834,0,0.73174036,73.17,High,High,Targeted retention campaign
CUST133223,0,0.73086894,73.09,High,High,Targeted retention campaign
CUST115571,0,0.7308722,73.09,High,High,Targeted retention campaign
CUST125294,1,0.730858,73.09,High,High,Targeted retention campaign
CUST102477,1,0.7303397,73.03,High,High,Targeted retention campaign
CUST123825,0,0.7295844,72.96,High,High,Targeted retention campaign
CUST109063,1,0.7290751,72.91,High,High,Targeted retention campaign
CUST137035,1,0.72876066,72.88,High,High,Targeted retention campaign
CUST100043,1,0.7285615,72.86,High,High,Targeted retention campaign
CUST125652,1,0.72851557,72.85,High,High,Targeted retention campaign
CUST113162,0,0.7282643,72.83,High,High,Targeted retention campaign
CUST123051,1,0.7281009,72.81,High,High,Targeted retention campaign
CUST105540,1,0.72728926,72.73,High,High,Targeted retention campaign
CUST127153,0,0.7269804,72.7,High,High,Targeted retention campaign
CUST135872,0,0.72687924,72.69,High,High,Targeted retention campaign
CUST139753,1,0.7264691,72.65,High,High,Targeted retention campaign
CUST127116,1,0.7263851,72.64,High,High,Targeted retention campaign
CUST102705,1,0.7260145,72.6,High,High,Targeted retention campaign
CUST104595,0,0.7258543,72.59,High,High,Targeted retention campaign
CUST118386,1,0.7258283,72.58,High,High,Targeted retention campaign
CUST142651,1,0.72566265,72.57,High,High,Targeted retention campaign
CUST138361,1,0.7255287,72.55,High,High,Targeted retention campaign
CUST131589,0,0.7254832,72.55,High,High,Targeted retention campaign
CUST146168,0,0.7246135,72.46,High,High,Targeted retention campaign
CUST145780,0,0.72443014,72.44,High,High,Targeted retention campaign
CUST142559,0,0.72403526,72.4,High,High,Targeted retention campaign
CUST107724,1,0.7240495,72.4,High,High,Targeted retention campaign
CUST124018,0,0.7236665,72.37,High,High,Targeted retention campaign
CUST116465,1,0.723477,72.35,High,High,Targeted retention campaign
CUST109531,1,0.7233885,72.34,High,High,Targeted retention campaign
CUST135037,0,0.72328854,72.33,High,High,Targeted retention campaign
CUST126317,0,0.7228026,72.28,High,High,Targeted retention campaign
CUST130913,0,0.7226015,72.26,High,High,Targeted retention campaign
CUST121139,0,0.72264165,72.26,High,High,Targeted retention campaign
CUST129934,1,0.72259337,72.26,High,High,Targeted retention campaign
CUST130913,0,0.7226015,72.26,High,High,Targeted retention campaign
CUST116666,0,0.72240776,72.24,High,High,Targeted retention campaign
CUST104313,1,0.7222119,72.22,High,High,Targeted retention campaign
CUST139932,0,0.72181046,72.18,High,High,Targeted retention campaign
CUST143585,0,0.72117287,72.12,High,High,Targeted retention campaign
CUST146128,1,0.72101504,72.1,High,High,Targeted retention campaign
CUST146258,0,0.7208485,72.08,High,High,Targeted retention campaign
CUST142738,1,0.7201224,72.01,High,High,Targeted retention campaign
CUST122109,1,0.7200627,72.01,High,High,Targeted retention campaign
CUST144814,1,0.7198893,71.99,High,High,Targeted retention campaign
CUST113674,1,0.7199055,71.99,High,High,Targeted retention campaign
CUST141885,0,0.7196746,71.97,High,High,Targeted retention campaign
CUST106047,1,0.7189721,71.9,High,High,Targeted retention campaign
CUST117655,0,0.7184661,71.85,High,High,Targeted retention campaign
CUST120522,1,0.71825147,71.83,High,High,Targeted retention campaign
CUST132799,1,0.7182089,71.82,High,High,Targeted retention campaign
CUST127777,1,0.7180751,71.81,High,High,Targeted retention campaign
CUST108419,1,0.7178801,71.79,High,High,Targeted retention campaign
CUST107827,1,0.7178376,71.78,High,High,Targeted retention campaign
CUST137996,1,0.7176544,71.77,High,High,Targeted retention campaign
CUST144206,1,0.71756,71.76,High,High,Targeted retention campaign
CUST111835,1,0.7176269,71.76,High,High,Targeted retention campaign
CUST103269,1,0.71740854,71.74,High,High,Targeted retention campaign
CUST126596,1,0.7171266,71.71,High,High,Targeted retention campaign
CUST137972,0,0.7168114,71.68,High,High,Targeted retention campaign
CUST111075,0,0.7167144,71.67,High,High,Targeted retention campaign
CUST143061,0,0.7165275,71.65,High,High,Targeted retention campaign
CUST129120,1,0.7163335,71.63,High,High,Targeted retention campaign
CUST134101,1,0.7163458,71.63,High,High,Targeted retention campaign
CUST112609,1,0.7158867,71.59,High,High,Targeted retention campaign
CUST100523,1,0.71582127,71.58,High,High,Targeted retention campaign
CUST133199,1,0.7157364,71.57,High,High,Targeted retention campaign
CUST139321,1,0.7142314,71.42,High,High,Targeted retention campaign
CUST120037,0,0.7138323,71.38,High,High,Targeted retention campaign
CUST120080,0,0.71367246,71.37,High,High,Targeted retention campaign
CUST131744,1,0.7131702,71.32,High,High,Targeted retention campaign
CUST113364,1,0.7130416,71.3,High,High,Targeted retention campaign
CUST130256,0,0.7128831,71.29,High,High,Targeted retention campaign
CUST102380,1,0.71290123,71.29,High,High,Targeted retention campaign
CUST118867,1,0.71259344,71.26,High,High,Targeted retention campaign
CUST111077,0,0.7122701,71.23,High,High,Targeted retention campaign
CUST100653,1,0.7122642,71.23,High,High,Targeted retention campaign
CUST100173,1,0.7120142,71.2,High,High,Targeted retention campaign
CUST106999,1,0.7116729,71.17,High,High,Targeted retention campaign
CUST136832,1,0.7116298,71.16,High,High,Targeted retention campaign
CUST107060,0,0.7115049,71.15,High,High,Targeted retention campaign
CUST107541,0,0.7115275,71.15,High,High,Targeted retention campaign
CUST134694,1,0.7113836,71.14,High,High,Targeted retention campaign
CUST117676,0,0.7108137,71.08,High,High,Targeted retention campaign
CUST107116,1,0.70977634,70.98,High,High,Targeted retention campaign
CUST124992,1,0.7093425,70.93,High,High,Targeted retention campaign
CUST118337,1,0.7087871,70.88,High,High,Targeted retention campaign
CUST119294,1,0.70874053,70.87,High,High,Targeted retention campaign
CUST119480,1,0.70822585,70.82,High,High,Targeted retention campaign
CUST101601,0,0.70809656,70.81,High,High,Targeted retention campaign
CUST132875,1,0.7079393,70.79,High,High,Targeted retention campaign
CUST108484,0,0.7077436,70.77,High,High,Targeted retention campaign
CUST129076,0,0.70700705,70.7,High,High,Targeted retention campaign
CUST127664,1,0.7068354,70.68,High,High,Targeted retention campaign
CUST145881,1,0.70672905,70.67,High,High,Targeted retention campaign
CUST133635,1,0.7066392,70.66,High,High,Targeted retention campaign
CUST141062,0,0.7064837,70.65,High,High,Targeted retention campaign
CUST128480,0,0.7064859,70.65,High,High,Targeted retention campaign
CUST116342,0,0.7064404,70.64,High,High,Targeted retention campaign
CUST103176,1,0.70629656,70.63,High,High,Targeted retention campaign
CUST102108,1,0.70623535,70.62,High,High,Targeted retention campaign
CUST130263,1,0.7059865,70.6,High,High,Targeted retention campaign
CUST104190,1,0.7055935,70.56,High,High,Targeted retention campaign
CUST114213,1,0.7048784,70.49,High,High,Targeted retention campaign
CUST134189,1,0.704347,70.43,High,High,Targeted retention campaign
CUST115991,0,0.7038393,70.38,High,High,Targeted retention campaign
CUST144611,1,0.7033449,70.33,High,High,Targeted retention campaign
CUST101308,1,0.70307475,70.31,High,High,Targeted retention campaign
CUST141478,0,0.70240444,70.24,High,High,Targeted retention campaign
CUST118081,0,0.7022525,70.23,High,High,Targeted retention campaign
CUST116564,0,0.70212734,70.21,High,High,Targeted retention campaign
CUST130713,1,0.70201194,70.2,High,High,Targeted retention campaign
CUST120163,0,0.7020133,70.2,High,High,Targeted retention campaign
CUST102527,1,0.7018896,70.19,High,High,Targeted retention campaign
CUST106534,0,0.7017632,70.18,High,High,Targeted retention campaign
CUST146751,0,0.7014856,70.15,High,High,Targeted retention campaign
CUST128110,1,0.7014032,70.14,High,High,Targeted retention campaign
CUST108126,1,0.70130527,70.13,High,High,Targeted retention campaign
CUST113410,1,0.70128554,70.13,High,High,Targeted retention campaign
CUST115891,1,0.70130795,70.13,High,High,Targeted retention campaign
CUST117588,0,0.70120955,70.12,High,High,Targeted retention campaign
CUST116772,1,0.701127,70.11,High,High,Targeted retention campaign
CUST144539,1,0.7010423,70.1,High,High,Targeted retention campaign
CUST141796,0,0.6998022,69.98,High,High,Targeted retention campaign
CUST142623,0,0.6993355,69.93,High,High,Targeted retention campaign
CUST106916,1,0.6990725,69.91,High,High,Targeted retention campaign
CUST136537,1,0.698817,69.88,High,High,Targeted retention campaign
CUST129466,0,0.69875807,69.88,High,High,Targeted retention campaign
CUST137605,0,0.69764,69.76,High,High,Targeted retention campaign
CUST104764,0,0.6974287,69.74,High,High,Targeted retention campaign
CUST102834,1,0.6972264,69.72,High,High,Targeted retention campaign
CUST130619,0,0.6970982,69.71,High,High,Targeted retention campaign
CUST140846,1,0.69693244,69.69,High,High,Targeted retention campaign
CUST125059,1,0.69684476,69.68,High,High,Targeted retention campaign
CUST104540,0,0.6947162,69.47,High,High,Targeted retention campaign
CUST128350,1,0.6946871,69.47,High,High,Targeted retention campaign
CUST116399,0,0.6947007,69.47,High,High,Targeted retention campaign
CUST139172,1,0.694106,69.41,High,High,Targeted retention campaign
CUST124827,1,0.6928195,69.28,High,High,Targeted retention campaign
CUST137029,1,0.6926261,69.26,High,High,Targeted retention campaign
CUST144702,1,0.6923231,69.23,High,High,Targeted retention campaign
CUST130525,1,0.6919437,69.19,High,High,Targeted retention campaign
CUST147231,1,0.691855,69.19,High,High,Targeted retention campaign
CUST147120,0,0.6918388,69.18,High,High,Targeted retention campaign
CUST109441,1,0.6917504,69.18,High,High,Targeted retention campaign
CUST146319,1,0.6914589,69.15,High,High,Targeted retention campaign
CUST103533,1,0.6907797,69.08,High,High,Targeted retention campaign
CUST141589,1,0.69007915,69.01,High,High,Targeted retention campaign
CUST107412,0,0.69010013,69.01,High,High,Targeted retention campaign
CUST127322,0,0.6899247,68.99,High,High,Targeted retention campaign
CUST120430,0,0.68936753,68.94,High,High,Targeted retention campaign
CUST125249,0,0.688048,68.8,High,High,Targeted retention campaign
CUST144907,0,0.68767214,68.77,High,High,Targeted retention campaign
CUST137232,1,0.68765736,68.77,High,High,Targeted retention campaign
CUST129696,1,0.6875816,68.76,High,High,Targeted retention campaign
CUST132136,1,0.6875805,68.76,High,High,Targeted retention campaign
CUST140258,1,0.6875972,68.76,High,High,Targeted retention campaign
CUST137292,0,0.6869885,68.7,High,High,Targeted retention campaign
CUST144648,1,0.68692577,68.69,High,High,Targeted retention campaign
CUST126674,0,0.68693465,68.69,High,High,Targeted retention campaign
CUST144380,0,0.6864232,68.64,High,High,Targeted retention campaign
CUST137148,1,0.68620396,68.62,High,High,Targeted retention campaign
CUST130602,1,0.6858863,68.59,High,High,Targeted retention campaign
CUST109390,1,0.6855938,68.56,High,High,Targeted retention campaign
CUST109390,1,0.6855938,68.56,High,High,Targeted retention campaign
CUST147038,0,0.6853107,68.53,High,High,Targeted retention campaign
CUST120022,1,0.68487287,68.49,High,High,Targeted retention campaign
CUST126437,1,0.68479705,68.48,High,High,Targeted retention campaign
CUST101076,0,0.6844382,68.44,High,High,Targeted retention campaign
CUST104247,1,0.68393826,68.39,High,High,Targeted retention campaign
CUST123479,0,0.6838079,68.38,High,High,Targeted retention campaign
CUST130217,1,0.6836666,68.37,High,High,Targeted retention campaign
CUST130574,0,0.6836704,68.37,High,High,Targeted retention campaign
CUST127552,1,0.6833228,68.33,High,High,Targeted retention campaign
CUST139875,0,0.6831966,68.32,High,High,Targeted retention campaign
CUST107030,1,0.68309915,68.31,High,High,Targeted retention campaign
CUST101633,0,0.6830989,68.31,High,High,Targeted retention campaign
CUST108786,1,0.6829727,68.3,High,High,Targeted retention campaign
CUST142979,0,0.6828513,68.29,High,High,Targeted retention campaign
CUST144636,1,0.68261373,68.26,High,High,Targeted retention campaign
CUST126286,1,0.6826119,68.26,High,High,Targeted retention campaign
CUST147633,1,0.6824301,68.24,High,High,Targeted retention campaign
CUST109749,0,0.68168926,68.17,High,High,Targeted retention campaign
CUST116986,1,0.6813139,68.13,High,High,Targeted retention campaign
CUST119275,1,0.68098825,68.1,High,High,Targeted retention campaign
CUST102459,0,0.68067807,68.07,High,High,Targeted retention campaign
CUST143836,1,0.6806765,68.07,High,High,Targeted retention campaign
CUST144401,1,0.680609,68.06,High,High,Targeted retention campaign
CUST109476,1,0.6801481,68.01,High,High,Targeted retention campaign
CUST116681,1,0.68000835,68.0,High,High,Targeted retention campaign
CUST125034,0,0.67856234,67.86,High,High,Targeted retention campaign
CUST135098,1,0.6784545,67.85,High,High,Targeted retention campaign
CUST130794,1,0.6782428,67.82,High,High,Targeted retention campaign
CUST108918,0,0.67781055,67.78,High,High,Targeted retention campaign
CUST144150,0,0.67744076,67.74,High,High,Targeted retention campaign
CUST101159,1,0.6771615,67.72,High,High,Targeted retention campaign
CUST116343,0,0.67697155,67.7,High,High,Targeted retention campaign
CUST107275,0,0.6770048,67.7,High,High,Targeted retention campaign
CUST107715,1,0.67694664,67.69,High,High,Targeted retention campaign
CUST138643,1,0.6763745,67.64,High,High,Targeted retention campaign
CUST138643,1,0.6763745,67.64,High,High,Targeted retention campaign
CUST123399,1,0.6760792,67.61,High,High,Targeted retention campaign
CUST116979,0,0.6759306,67.59,High,High,Targeted retention campaign
CUST112344,0,0.6755912,67.56,High,High,Targeted retention campaign
CUST146808,0,0.67457336,67.46,High,High,Targeted retention campaign
CUST128358,0,0.6743547,67.44,High,High,Targeted retention campaign
CUST135151,1,0.6743912,67.44,High,High,Targeted retention campaign
CUST111323,1,0.6744117,67.44,High,High,Targeted retention campaign
CUST118276,0,0.67410016,67.41,High,High,Targeted retention campaign
CUST125440,1,0.673957,67.4,High,High,Targeted retention campaign
CUST124149,1,0.67368877,67.37,High,High,Targeted retention campaign
CUST114242,1,0.6737391,67.37,High,High,Targeted retention campaign
CUST132995,1,0.6736765,67.37,High,High,Targeted retention campaign
CUST101614,0,0.6734735,67.35,High,High,Targeted retention campaign
CUST134841,0,0.67308956,67.31,High,High,Targeted retention campaign
CUST147390,0,0.6730668,67.31,High,High,Targeted retention campaign
CUST129551,1,0.6727013,67.27,High,High,Targeted retention campaign
CUST120516,0,0.6725686,67.26,High,High,Targeted retention campaign
CUST114498,1,0.67233026,67.23,High,High,Targeted retention campaign
CUST120399,0,0.6720302,67.2,High,High,Targeted retention campaign
CUST107439,0,0.67163086,67.16,High,High,Targeted retention campaign
CUST109764,0,0.67151004,67.15,High,High,Targeted retention campaign
CUST107717,0,0.6712241,67.12,High,High,Targeted retention campaign
CUST147709,1,0.67104065,67.1,High,High,Targeted retention campaign
CUST140770,1,0.67094177,67.09,High,High,Targeted retention campaign
CUST147788,1,0.67063993,67.06,High,High,Targeted retention campaign
CUST141239,1,0.6704612,67.05,High,High,Targeted retention campaign
CUST104291,1,0.6702892,67.03,High,High,Targeted retention campaign
CUST129822,0,0.67032284,67.03,High,High,Targeted retention campaign
CUST121126,1,0.66975695,66.98,High,High,Targeted retention campaign
CUST120350,1,0.6696044,66.96,High,High,Targeted retention campaign
CUST134634,0,0.66955763,66.96,High,High,Targeted retention campaign
CUST113996,0,0.6692267,66.92,High,High,Targeted retention campaign
CUST110259,1,0.6688649,66.89,High,High,Targeted retention campaign
CUST140213,0,0.66867465,66.87,High,High,Targeted retention campaign
CUST141330,1,0.668387,66.84,High,High,Targeted retention campaign
CUST144431,0,0.6684214,66.84,High,High,Targeted retention campaign
CUST114783,1,0.6684004,66.84,High,High,Targeted retention campaign
CUST115533,0,0.6681373,66.81,High,High,Targeted retention campaign
CUST103216,0,0.66803664,66.8,High,High,Targeted retention campaign
CUST124799,1,0.66712415,66.71,High,High,Targeted retention campaign
CUST126650,1,0.6670753,66.71,High,High,Targeted retention campaign
CUST101478,1,0.6663046,66.63,High,High,Targeted retention campaign
CUST120306,1,0.66624266,66.62,High,High,Targeted retention campaign
CUST108449,1,0.664162,66.42,High,High,Targeted retention campaign
CUST112510,0,0.66392547,66.39,High,High,Targeted retention campaign
CUST146205,0,0.66379803,66.38,High,High,Targeted retention campaign
CUST140120,1,0.6637662,66.38,High,High,Targeted retention campaign
CUST128895,1,0.66358954,66.36,High,High,Targeted retention campaign
CUST129398,1,0.6635216,66.35,High,High,Targeted retention campaign
CUST119310,1,0.6634394,66.34,High,High,Targeted retention campaign
CUST120039,1,0.66326165,66.33,High,High,Targeted retention campaign
CUST135408,1,0.6632379,66.32,High,High,Targeted retention campaign
CUST134509,1,0.6623841,66.24,High,High,Targeted retention campaign
CUST105346,0,0.6623279,66.23,High,High,Targeted retention campaign
CUST113210,0,0.66215557,66.22,High,High,Targeted retention campaign
CUST125096,1,0.66214556,66.21,High,High,Targeted retention campaign
CUST147180,1,0.66198915,66.2,High,High,Targeted retention campaign
CUST142169,1,0.6615921,66.16,High,High,Targeted retention campaign
CUST128637,0,0.6610959,66.11,High,High,Targeted retention campaign
CUST119558,1,0.6606149,66.06,High,High,Targeted retention campaign
CUST140564,1,0.6603413,66.03,High,High,Targeted retention campaign
CUST133118,1,0.6596353,65.96,High,High,Targeted retention campaign
CUST121377,0,0.6591621,65.92,High,High,Targeted retention campaign
CUST146398,0,0.65921736,65.92,High,High,Targeted retention campaign
CUST123642,0,0.65902907,65.9,High,High,Targeted retention campaign
CUST103735,1,0.6588514,65.89,High,High,Targeted retention campaign
CUST109490,1,0.65774214,65.77,High,High,Targeted retention campaign
CUST119103,1,0.6576553,65.77,High,High,Targeted retention campaign
CUST102238,0,0.65747255,65.75,High,High,Targeted retention campaign
CUST103265,1,0.6571104,65.71,High,High,Targeted retention campaign
CUST146943,1,0.6568211,65.68,High,High,Targeted retention campaign
CUST146776,1,0.6566489,65.66,High,High,Targeted retention campaign
CUST133478,0,0.6561648,65.62,High,High,Targeted retention campaign
CUST111593,0,0.6561505,65.62,High,High,Targeted retention campaign
CUST101356,1,0.65544266,65.54,High,High,Targeted retention campaign
CUST127788,1,0.6552985,65.53,High,High,Targeted retention campaign
CUST132123,1,0.65517473,65.52,High,High,Targeted retention campaign
CUST118685,0,0.654976,65.5,High,High,Targeted retention campaign
CUST100819,0,0.6547499,65.47,High,High,Targeted retention campaign
CUST135816,1,0.6535929,65.36,High,High,Targeted retention campaign
CUST137795,1,0.6531209,65.31,High,High,Targeted retention campaign
CUST147404,0,0.652871,65.29,High,High,Targeted retention campaign
CUST111117,1,0.6526044,65.26,High,High,Targeted retention campaign
CUST135867,1,0.6526444,65.26,High,High,Targeted retention campaign
CUST111191,1,0.65246034,65.25,High,High,Targeted retention campaign
CUST134362,1,0.652304,65.23,High,High,Targeted retention campaign
CUST145649,0,0.6521473,65.21,High,High,Targeted retention campaign
CUST142366,1,0.65187824,65.19,High,High,Targeted retention campaign
CUST117882,1,0.6516355,65.16,High,High,Targeted retention campaign
CUST130953,1,0.6514535,65.15,High,High,Targeted retention campaign
CUST121004,0,0.6509904,65.1,High,High,Targeted retention campaign
CUST108656,0,0.6508882,65.09,High,High,Targeted retention campaign
CUST124492,1,0.65073943,65.07,High,High,Targeted retention campaign
CUST101363,1,0.65032387,65.03,High,High,Targeted retention campaign
CUST105887,0,0.64994705,64.99,High,High,Targeted retention campaign
CUST120592,0,0.6498533,64.99,High,High,Targeted retention campaign
CUST103647,1,0.64962894,64.96,High,High,Targeted retention campaign
CUST130601,0,0.6494355,64.94,High,High,Targeted retention campaign
CUST121041,0,0.649154,64.92,High,High,Targeted retention campaign
CUST110920,0,0.64875776,64.88,High,High,Targeted retention campaign
CUST106733,1,0.6488294,64.88,High,High,Targeted retention campaign
CUST146599,1,0.64873075,64.87,High,High,Targeted retention campaign
CUST137110,0,0.6487353,64.87,High,High,Targeted retention campaign
CUST122003,0,0.64865565,64.87,High,High,Targeted retention campaign
CUST114981,1,0.64850086,64.85,High,High,Targeted retention campaign
CUST134178,1,0.64832056,64.83,High,High,Targeted retention campaign
CUST126008,1,0.6481993,64.82,High,High,Targeted retention campaign
CUST138270,0,0.64807284,64.81,High,High,Targeted retention campaign
CUST121865,0,0.64796567,64.8,High,High,Targeted retention campaign
CUST126212,1,0.6472262,64.72,High,High,Targeted retention campaign
CUST134990,1,0.6469304,64.69,High,High,Targeted retention campaign
CUST127870,1,0.6467119,64.67,High,High,Targeted retention campaign
CUST127756,0,0.64655197,64.66,High,High,Targeted retention campaign
CUST124360,0,0.64655083,64.66,High,High,Targeted retention campaign
CUST145202,1,0.6466041,64.66,High,High,Targeted retention campaign
CUST105804,0,0.6459316,64.59,High,High,Targeted retention campaign
CUST129207,1,0.64527303,64.53,High,High,Targeted retention campaign
CUST118347,1,0.6450375,64.5,High,High,Targeted retention campaign
CUST119419,0,0.64417887,64.42,High,High,Targeted retention campaign
CUST101032,0,0.64406407,64.41,High,High,Targeted retention campaign
CUST115349,1,0.6440843,64.41,High,High,Targeted retention campaign
CUST118868,0,0.64384186,64.38,High,High,Targeted retention campaign
CUST143716,1,0.643842,64.38,High,High,Targeted retention campaign
CUST136386,1,0.64342904,64.34,High,High,Targeted retention campaign
CUST126134,1,0.64283085,64.28,High,High,Targeted retention campaign
CUST111951,1,0.6426507,64.27,High,High,Targeted retention campaign
CUST101395,1,0.6416278,64.16,High,High,Targeted retention campaign
CUST116473,0,0.6414613,64.15,High,High,Targeted retention campaign
CUST138237,0,0.64151853,64.15,High,High,Targeted retention campaign
CUST127716,0,0.6412794,64.13,High,High,Targeted retention campaign
CUST146280,1,0.6411985,64.12,High,High,Targeted retention campaign
CUST122303,1,0.6408819,64.09,High,High,Targeted retention campaign
CUST146247,1,0.6407707,64.08,High,High,Targeted retention campaign
CUST124305,1,0.64060396,64.06,High,High,Targeted retention campaign
CUST135552,0,0.64038247,64.04,High,High,Targeted retention campaign
CUST108064,1,0.6401941,64.02,High,High,Targeted retention campaign
CUST113611,0,0.63973427,63.97,High,High,Targeted retention campaign
CUST104554,0,0.638647,63.86,High,High,Targeted retention campaign
CUST134227,1,0.6384567,63.85,High,High,Targeted retention campaign
CUST110609,1,0.63851404,63.85,High,High,Targeted retention campaign
CUST123204,0,0.63839585,63.84,High,High,Targeted retention campaign
CUST121648,1,0.6382896,63.83,High,High,Targeted retention campaign
CUST135647,1,0.6375989,63.76,High,High,Targeted retention campaign
CUST108857,1,0.63763845,63.76,High,High,Targeted retention campaign
CUST123677,1,0.637543,63.75,High,High,Targeted retention campaign
CUST146457,1,0.6371431,63.71,High,High,Targeted retention campaign
CUST125121,0,0.6364785,63.65,High,High,Targeted retention campaign
CUST116082,0,0.6364465,63.64,High,High,Targeted retention campaign
CUST103652,0,0.6363576,63.64,High,High,Targeted retention campaign
CUST103175,1,0.6358359,63.58,High,High,Targeted retention campaign
CUST105276,0,0.6354324,63.54,High,High,Targeted retention campaign
CUST116839,0,0.6351096,63.51,High,High,Targeted retention campaign
CUST138578,0,0.6349891,63.5,High,High,Targeted retention campaign
CUST115335,1,0.6349116,63.49,High,High,Targeted retention campaign
CUST131020,1,0.6343538,63.44,High,High,Targeted retention campaign
CUST133914,1,0.6336133,63.36,High,High,Targeted retention campaign
CUST131728,0,0.6334071,63.34,High,High,Targeted retention campaign
CUST131011,1,0.6334387,63.34,High,High,Targeted retention campaign
CUST142117,0,0.6329675,63.3,High,High,Targeted retention campaign
CUST126968,1,0.6327758,63.28,High,High,Targeted retention campaign
CUST134620,1,0.63282394,63.28,High,High,Targeted retention campaign
CUST134173,0,0.6322276,63.22,High,High,Targeted retention campaign
CUST143739,1,0.63218933,63.22,High,High,Targeted retention campaign
CUST121935,1,0.63188654,63.19,High,High,Targeted retention campaign
CUST109215,1,0.6317812,63.18,High,High,Targeted retention campaign
CUST110893,0,0.63116705,63.12,High,High,Targeted retention campaign
CUST147286,0,0.6310533,63.11,High,High,Targeted retention campaign
CUST147979,0,0.6310316,63.1,High,High,Targeted retention campaign
CUST139108,1,0.63088304,63.09,High,High,Targeted retention campaign
CUST142391,0,0.63082904,63.08,High,High,Targeted retention campaign
CUST102677,1,0.6304974,63.05,High,High,Targeted retention campaign
CUST115031,0,0.63051397,63.05,High,High,Targeted retention campaign
CUST110677,1,0.6303812,63.04,High,High,Targeted retention campaign
CUST100442,0,0.6297574,62.98,High,High,Targeted retention campaign
CUST106295,1,0.62974566,62.97,High,High,Targeted retention campaign
CUST142778,0,0.62955403,62.96,High,High,Targeted retention campaign
CUST131350,0,0.6292497,62.92,High,High,Targeted retention campaign
CUST100478,1,0.6285403,62.85,High,High,Targeted retention campaign
CUST132558,1,0.62815154,62.82,High,High,Targeted retention campaign
CUST142537,0,0.62791353,62.79,High,High,Targeted retention campaign
CUST140767,0,0.6277778,62.78,High,High,Targeted retention campaign
CUST139140,1,0.6277534,62.78,High,High,Targeted retention campaign
CUST112036,0,0.62743765,62.74,High,High,Targeted retention campaign
CUST128204,0,0.6262595,62.63,High,High,Targeted retention campaign
CUST105141,1,0.6253862,62.54,High,High,Targeted retention campaign
CUST125553,0,0.6252436,62.52,High,High,Targeted retention campaign
CUST121924,0,0.6245656,62.46,High,High,Targeted retention campaign
CUST136717,1,0.6245606,62.46,High,High,Targeted retention campaign
CUST116050,1,0.62456614,62.46,High,High,Targeted retention campaign
CUST121718,1,0.6243909,62.44,High,High,Targeted retention campaign
CUST133619,1,0.62406266,62.41,High,High,Targeted retention campaign
CUST139380,0,0.6239508,62.4,High,High,Targeted retention campaign
CUST116771,0,0.62396425,62.4,High,High,Targeted retention campaign
CUST124388,1,0.6234871,62.35,High,High,Targeted retention campaign
CUST104360,0,0.6229104,62.29,High,High,Targeted retention campaign
CUST112180,0,0.6221929,62.22,High,High,Targeted retention campaign
CUST127259,0,0.621865,62.19,High,High,Targeted retention campaign
CUST109433,0,0.62161404,62.16,High,High,Targeted retention campaign
CUST135294,0,0.6216056,62.16,High,High,Targeted retention campaign
CUST136800,1,0.6216374,62.16,High,High,Targeted retention campaign
CUST132899,0,0.6215357,62.15,High,High,Targeted retention campaign
CUST122509,0,0.6208997,62.09,High,High,Targeted retention campaign
CUST130142,1,0.62058055,62.06,High,High,Targeted retention campaign
CUST117950,1,0.61982673,61.98,High,High,Targeted retention campaign
CUST133705,0,0.61976224,61.98,High,High,Targeted retention campaign
CUST126296,1,0.6195159,61.95,High,High,Targeted retention campaign
CUST120939,0,0.6193403,61.93,High,High,Targeted retention campaign
CUST108258,1,0.6190271,61.9,High,High,Targeted retention campaign
CUST109013,0,0.61904633,61.9,High,High,Targeted retention campaign
CUST124669,0,0.61902595,61.9,High,High,Targeted retention campaign
CUST118829,0,0.61874443,61.87,High,High,Targeted retention campaign
CUST101139,1,0.61849654,61.85,High,High,Targeted retention campaign
CUST121021,1,0.6183602,61.84,High,High,Targeted retention campaign
CUST138875,1,0.6184328,61.84,High,High,Targeted retention campaign
CUST124369,0,0.6181104,61.81,High,High,Targeted retention campaign
CUST124447,0,0.6175893,61.76,High,High,Targeted retention campaign
CUST112296,1,0.6163083,61.63,High,High,Targeted retention campaign
CUST114747,1,0.6160676,61.61,High,High,Targeted retention campaign
CUST127813,0,0.61569947,61.57,High,High,Targeted retention campaign
CUST145853,1,0.6155726,61.56,High,High,Targeted retention campaign
CUST114819,0,0.615374,61.54,High,High,Targeted retention campaign
CUST127310,1,0.6152055,61.52,High,High,Targeted retention campaign
CUST110804,0,0.61502063,61.5,High,High,Targeted retention campaign
CUST116145,0,0.6141912,61.42,High,High,Targeted retention campaign
CUST122279,1,0.6140767,61.41,High,High,Targeted retention campaign
CUST129859,1,0.6141264,61.41,High,High,Targeted retention campaign
CUST144937,1,0.61381626,61.38,High,High,Targeted retention campaign
CUST131625,0,0.61367327,61.37,High,High,Targeted retention campaign
CUST144064,0,0.61346143,61.35,High,High,Targeted retention campaign
CUST102010,0,0.61328834,61.33,High,High,Targeted retention campaign
CUST131663,0,0.61308163,61.31,High,High,Targeted retention campaign
CUST104207,1,0.61221266,61.22,High,High,Targeted retention campaign
CUST106478,0,0.6120717,61.21,High,High,Targeted retention campaign
CUST123061,0,0.6117082,61.17,High,High,Targeted retention campaign
CUST121026,0,0.6110587,61.11,High,High,Targeted retention campaign
CUST132575,0,0.6095857,60.96,High,High,Targeted retention campaign
CUST104565,0,0.6095037,60.95,High,High,Targeted retention campaign
CUST143846,0,0.6095245,60.95,High,High,Targeted retention campaign
CUST140892,0,0.60939026,60.94,High,High,Targeted retention campaign
CUST122894,1,0.60900265,60.9,High,High,Targeted retention campaign
CUST124376,0,0.6087599,60.88,High,High,Targeted retention campaign
CUST106065,1,0.6084911,60.85,High,High,Targeted retention campaign
CUST145744,0,0.60829663,60.83,High,High,Targeted retention campaign
CUST114094,0,0.60832006,60.83,High,High,Targeted retention campaign
CUST137777,0,0.6077155,60.77,High,High,Targeted retention campaign
CUST133239,0,0.60759807,60.76,High,High,Targeted retention campaign
CUST103787,0,0.60758716,60.76,High,High,Targeted retention campaign
CUST131621,0,0.6071264,60.71,High,High,Targeted retention campaign
CUST103078,1,0.6064704,60.65,High,High,Targeted retention campaign
CUST121590,0,0.60599023,60.6,High,High,Targeted retention campaign
CUST128251,0,0.60502917,60.5,High,High,Targeted retention campaign
CUST125691,0,0.603886,60.39,High,High,Targeted retention campaign
CUST104725,0,0.60387045,60.39,High,High,Targeted retention campaign
CUST114014,1,0.6035986,60.36,High,High,Targeted retention campaign
CUST101697,0,0.60322505,60.32,High,High,Targeted retention campaign
CUST145241,1,0.602975,60.3,High,High,Targeted retention campaign
CUST136217,1,0.60262394,60.26,High,High,Targeted retention campaign
CUST125452,0,0.60247487,60.25,High,High,Targeted retention campaign
CUST142996,1,0.60237586,60.24,High,High,Targeted retention campaign
CUST142157,0,0.60208565,60.21,High,High,Targeted retention campaign
CUST106431,0,0.60188186,60.19,High,High,Targeted retention campaign
CUST131974,0,0.6018852,60.19,High,High,Targeted retention campaign
CUST141568,0,0.6017123,60.17,High,High,Targeted retention campaign
CUST141191,0,0.6016773,60.17,High,High,Targeted retention campaign
CUST115680,0,0.60130686,60.13,High,High,Targeted retention campaign
CUST145261,1,0.60114866,60.11,High,High,Targeted retention campaign
CUST143125,0,0.6008538,60.09,High,High,Targeted retention campaign
CUST102156,0,0.6007584,60.08,High,High,Targeted retention campaign
CUST101936,1,0.6006562,60.07,High,High,Targeted retention campaign
CUST134368,0,0.6003053,60.03,High,High,Targeted retention campaign
CUST123905,1,0.59987676,59.99,Medium,Monitor,Monitor customer and increase engagement
CUST112573,1,0.5998307,59.98,Medium,Monitor,Monitor customer and increase engagement
CUST103446,0,0.599377,59.94,Medium,Monitor,Monitor customer and increase engagement
CUST134656,1,0.5992733,59.93,Medium,Monitor,Monitor customer and increase engagement
CUST145720,1,0.5991138,59.91,Medium,Monitor,Monitor customer and increase engagement
CUST119640,1,0.59905845,59.91,Medium,Monitor,Monitor customer and increase engagement
CUST105187,1,0.5989648,59.9,Medium,Monitor,Monitor customer and increase engagement
CUST142491,1,0.5988007,59.88,Medium,Monitor,Monitor customer and increase engagement
CUST129905,0,0.5983264,59.83,Medium,Monitor,Monitor customer and increase engagement
CUST145266,0,0.5981886,59.82,Medium,Monitor,Monitor customer and increase engagement
CUST137931,0,0.59793776,59.79,Medium,Monitor,Monitor customer and increase engagement
CUST145248,1,0.59747314,59.75,Medium,Monitor,Monitor customer and increase engagement
CUST140131,0,0.59695965,59.7,Medium,Monitor,Monitor customer and increase engagement
CUST104984,0,0.59617025,59.62,Medium,Monitor,Monitor customer and increase engagement
CUST116196,1,0.5960538,59.61,Medium,Monitor,Monitor customer and increase engagement
CUST124702,1,0.5960466,59.6,Medium,Monitor,Monitor customer and increase engagement
CUST117755,0,0.59594196,59.59,Medium,Monitor,Monitor customer and increase engagement
CUST142761,1,0.5957481,59.57,Medium,Monitor,Monitor customer and increase engagement
CUST115429,0,0.59554493,59.55,Medium,Monitor,Monitor customer and increase engagement
CUST110658,0,0.5950541,59.51,Medium,Monitor,Monitor customer and increase engagement
CUST136142,1,0.5948779,59.49,Medium,Monitor,Monitor customer and increase engagement
CUST145313,0,0.5938439,59.38,Medium,Monitor,Monitor customer and increase engagement
CUST109916,0,0.593419,59.34,Medium,Monitor,Monitor customer and increase engagement
CUST122811,0,0.5928126,59.28,Medium,Monitor,Monitor customer and increase engagement
CUST114922,0,0.59268314,59.27,Medium,Monitor,Monitor customer and increase engagement
CUST133628,0,0.5924548,59.25,Medium,Monitor,Monitor customer and increase engagement
CUST104013,0,0.59237045,59.24,Medium,Monitor,Monitor customer and increase engagement
CUST100087,1,0.59222835,59.22,Medium,Monitor,Monitor customer and increase engagement
CUST137784,1,0.5920552,59.21,Medium,Monitor,Monitor customer and increase engagement
CUST119299,0,0.5909214,59.09,Medium,Monitor,Monitor customer and increase engagement
CUST119268,1,0.59049827,59.05,Medium,Monitor,Monitor customer and increase engagement
CUST115954,0,0.590437,59.04,Medium,Monitor,Monitor customer and increase engagement
CUST141016,1,0.5901862,59.02,Medium,Monitor,Monitor customer and increase engagement
CUST115519,1,0.5901053,59.01,Medium,Monitor,Monitor customer and increase engagement
CUST144930,1,0.589584,58.96,Medium,Monitor,Monitor customer and increase engagement
CUST114714,0,0.58922803,58.92,Medium,Monitor,Monitor customer and increase engagement
CUST124805,1,0.5890978,58.91,Medium,Monitor,Monitor customer and increase engagement
CUST103042,0,0.5890059,58.9,Medium,Monitor,Monitor customer and increase engagement
CUST136024,0,0.5887963,58.88,Medium,Monitor,Monitor customer and increase engagement
CUST126688,1,0.58863276,58.86,Medium,Monitor,Monitor customer and increase engagement
CUST105339,0,0.5883073,58.83,Medium,Monitor,Monitor customer and increase engagement
CUST126323,1,0.58800346,58.8,Medium,Monitor,Monitor customer and increase engagement
CUST141347,0,0.5879477,58.79,Medium,Monitor,Monitor customer and increase engagement
CUST108884,1,0.5878076,58.78,Medium,Monitor,Monitor customer and increase engagement
CUST142018,0,0.58652586,58.65,Medium,Monitor,Monitor customer and increase engagement
CUST127011,0,0.5862972,58.63,Medium,Monitor,Monitor customer and increase engagement
CUST138921,0,0.58627105,58.63,Medium,Monitor,Monitor customer and increase engagement
CUST111362,1,0.5862982,58.63,Medium,Monitor,Monitor customer and increase engagement
CUST126675,0,0.58610916,58.61,Medium,Monitor,Monitor customer and increase engagement
CUST121623,0,0.58585423,58.59,Medium,Monitor,Monitor customer and increase engagement
CUST115309,0,0.5856436,58.56,Medium,Monitor,Monitor customer and increase engagement
CUST117856,1,0.5855854,58.56,Medium,Monitor,Monitor customer and increase engagement
CUST102839,1,0.5854341,58.54,Medium,Monitor,Monitor customer and increase engagement
CUST100596,1,0.58534074,58.53,Medium,Monitor,Monitor customer and increase engagement
CUST126048,1,0.58497953,58.5,Medium,Monitor,Monitor customer and increase engagement
CUST121999,0,0.5849149,58.49,Medium,Monitor,Monitor customer and increase engagement
CUST127854,0,0.58491486,58.49,Medium,Monitor,Monitor customer and increase engagement
CUST134665,0,0.58484846,58.48,Medium,Monitor,Monitor customer and increase engagement
CUST114405,0,0.58463943,58.46,Medium,Monitor,Monitor customer and increase engagement
CUST117971,0,0.5845456,58.45,Medium,Monitor,Monitor customer and increase engagement
CUST132550,0,0.5844563,58.45,Medium,Monitor,Monitor customer and increase engagement
CUST102910,0,0.5843382,58.43,Medium,Monitor,Monitor customer and increase engagement
CUST107215,0,0.58432174,58.43,Medium,Monitor,Monitor customer and increase engagement
CUST136903,1,0.5832245,58.32,Medium,Monitor,Monitor customer and increase engagement
CUST129683,1,0.583041,58.3,Medium,Monitor,Monitor customer and increase engagement
CUST134114,0,0.58270115,58.27,Medium,Monitor,Monitor customer and increase engagement
CUST111576,0,0.58250576,58.25,Medium,Monitor,Monitor customer and increase engagement
CUST121060,1,0.58188677,58.19,Medium,Monitor,Monitor customer and increase engagement
CUST141535,0,0.58172786,58.17,Medium,Monitor,Monitor customer and increase engagement
CUST108393,1,0.5815,58.15,Medium,Monitor,Monitor customer and increase engagement
CUST140399,0,0.5813957,58.14,Medium,Monitor,Monitor customer and increase engagement
CUST132344,0,0.5810864,58.11,Medium,Monitor,Monitor customer and increase engagement
CUST114262,0,0.5809737,58.1,Medium,Monitor,Monitor customer and increase engagement
CUST127215,0,0.58077097,58.08,Medium,Monitor,Monitor customer and increase engagement
CUST147127,0,0.58043605,58.04,Medium,Monitor,Monitor customer and increase engagement
CUST121291,0,0.5802119,58.02,Medium,Monitor,Monitor customer and increase engagement
CUST111635,0,0.57986873,57.99,Medium,Monitor,Monitor customer and increase engagement
CUST133567,1,0.57873905,57.87,Medium,Monitor,Monitor customer and increase engagement
CUST127741,1,0.57828593,57.83,Medium,Monitor,Monitor customer and increase engagement
CUST105913,1,0.5780592,57.81,Medium,Monitor,Monitor customer and increase engagement
CUST140107,1,0.57708275,57.71,Medium,Monitor,Monitor customer and increase engagement
CUST118459,0,0.5769957,57.7,Medium,Monitor,Monitor customer and increase engagement
CUST102768,0,0.57678795,57.68,Medium,Monitor,Monitor customer and increase engagement
CUST110322,1,0.5766945,57.67,Medium,Monitor,Monitor customer and increase engagement
CUST109345,1,0.5765215,57.65,Medium,Monitor,Monitor customer and increase engagement
CUST123531,0,0.5760778,57.61,Medium,Monitor,Monitor customer and increase engagement
CUST103842,0,0.5760971,57.61,Medium,Monitor,Monitor customer and increase engagement
CUST107067,1,0.57461834,57.46,Medium,Monitor,Monitor customer and increase engagement
CUST129052,0,0.57439464,57.44,Medium,Monitor,Monitor customer and increase engagement
CUST133953,1,0.5741448,57.41,Medium,Monitor,Monitor customer and increase engagement
CUST144543,0,0.57355523,57.36,Medium,Monitor,Monitor customer and increase engagement
CUST133703,1,0.5734242,57.34,Medium,Monitor,Monitor customer and increase engagement
CUST115515,0,0.5727665,57.28,Medium,Monitor,Monitor customer and increase engagement
CUST102540,0,0.5725214,57.25,Medium,Monitor,Monitor customer and increase engagement
CUST106675,0,0.5718093,57.18,Medium,Monitor,Monitor customer and increase engagement
CUST123907,0,0.5714186,57.14,Medium,Monitor,Monitor customer and increase engagement
CUST104923,1,0.5712705,57.13,Medium,Monitor,Monitor customer and increase engagement
CUST133492,1,0.57117254,57.12,Medium,Monitor,Monitor customer and increase engagement
CUST115596,0,0.57100195,57.1,Medium,Monitor,Monitor customer and increase engagement
CUST133841,1,0.5703364,57.03,Medium,Monitor,Monitor customer and increase engagement
CUST101060,1,0.56953955,56.95,Medium,Monitor,Monitor customer and increase engagement
CUST104175,1,0.5694603,56.95,Medium,Monitor,Monitor customer and increase engagement
CUST130112,0,0.5693822,56.94,Medium,Monitor,Monitor customer and increase engagement
CUST102098,0,0.5685007,56.85,Medium,Monitor,Monitor customer and increase engagement
CUST141753,0,0.56814766,56.81,Medium,Monitor,Monitor customer and increase engagement
CUST100169,1,0.567953,56.8,Medium,Monitor,Monitor customer and increase engagement
CUST114380,1,0.5673613,56.74,Medium,Monitor,Monitor customer and increase engagement
CUST119302,0,0.5670925,56.71,Medium,Monitor,Monitor customer and increase engagement
CUST124448,0,0.56700575,56.7,Medium,Monitor,Monitor customer and increase engagement
CUST127988,1,0.5668966,56.69,Medium,Monitor,Monitor customer and increase engagement
CUST129265,1,0.5662569,56.63,Medium,Monitor,Monitor customer and increase engagement
CUST120488,1,0.56598705,56.6,Medium,Monitor,Monitor customer and increase engagement
CUST114504,1,0.5660328,56.6,Medium,Monitor,Monitor customer and increase engagement
CUST147602,0,0.5657889,56.58,Medium,Monitor,Monitor customer and increase engagement
CUST137965,1,0.5655167,56.55,Medium,Monitor,Monitor customer and increase engagement
CUST138270,0,0.5654804,56.55,Medium,Monitor,Monitor customer and increase engagement
CUST141674,0,0.56523395,56.52,Medium,Monitor,Monitor customer and increase engagement
CUST102762,0,0.56491774,56.49,Medium,Monitor,Monitor customer and increase engagement
CUST127631,1,0.56472284,56.47,Medium,Monitor,Monitor customer and increase engagement
CUST135062,0,0.5643601,56.44,Medium,Monitor,Monitor customer and increase engagement
CUST126223,0,0.56429785,56.43,Medium,Monitor,Monitor customer and increase engagement
CUST123089,1,0.56422704,56.42,Medium,Monitor,Monitor customer and increase engagement
CUST133250,0,0.5637518,56.38,Medium,Monitor,Monitor customer and increase engagement
CUST101011,0,0.5624593,56.25,Medium,Monitor,Monitor customer and increase engagement
CUST104250,0,0.56243956,56.24,Medium,Monitor,Monitor customer and increase engagement
CUST109291,1,0.56178886,56.18,Medium,Monitor,Monitor customer and increase engagement
CUST143157,1,0.56168187,56.17,Medium,Monitor,Monitor customer and increase engagement
CUST127918,1,0.5615502,56.16,Medium,Monitor,Monitor customer and increase engagement
CUST131702,0,0.56120604,56.12,Medium,Monitor,Monitor customer and increase engagement
CUST131180,0,0.56120574,56.12,Medium,Monitor,Monitor customer and increase engagement
CUST144931,0,0.5606605,56.07,Medium,Monitor,Monitor customer and increase engagement
CUST144546,0,0.5604395,56.04,Medium,Monitor,Monitor customer and increase engagement
CUST142794,1,0.55973136,55.97,Medium,Monitor,Monitor customer and increase engagement
CUST125262,1,0.55960464,55.96,Medium,Monitor,Monitor customer and increase engagement
CUST117587,0,0.5589422,55.89,Medium,Monitor,Monitor customer and increase engagement
CUST144657,0,0.55860245,55.86,Medium,Monitor,Monitor customer and increase engagement
CUST106011,0,0.5580671,55.81,Medium,Monitor,Monitor customer and increase engagement
CUST119757,1,0.558122,55.81,Medium,Monitor,Monitor customer and increase engagement
CUST141884,0,0.5576525,55.77,Medium,Monitor,Monitor customer and increase engagement
CUST131023,0,0.55746865,55.75,Medium,Monitor,Monitor customer and increase engagement
CUST144659,1,0.5573681,55.74,Medium,Monitor,Monitor customer and increase engagement
CUST115665,1,0.5571049,55.71,Medium,Monitor,Monitor customer and increase engagement
CUST146199,1,0.5566036,55.66,Medium,Monitor,Monitor customer and increase engagement
CUST136968,0,0.5566244,55.66,Medium,Monitor,Monitor customer and increase engagement
CUST115133,0,0.5559653,55.6,Medium,Monitor,Monitor customer and increase engagement
CUST120049,1,0.55580217,55.58,Medium,Monitor,Monitor customer and increase engagement
CUST113405,0,0.5556212,55.56,Medium,Monitor,Monitor customer and increase engagement
CUST128011,0,0.5554383,55.54,Medium,Monitor,Monitor customer and increase engagement
CUST118213,0,0.5551365,55.51,Medium,Monitor,Monitor customer and increase engagement
CUST143860,0,0.55399466,55.4,Medium,Monitor,Monitor customer and increase engagement
CUST121780,0,0.55390203,55.39,Medium,Monitor,Monitor customer and increase engagement
CUST142248,0,0.5529161,55.29,Medium,Monitor,Monitor customer and increase engagement
CUST105502,1,0.5525206,55.25,Medium,Monitor,Monitor customer and increase engagement
CUST144025,0,0.5518596,55.19,Medium,Monitor,Monitor customer and increase engagement
CUST133170,0,0.5516614,55.17,Medium,Monitor,Monitor customer and increase engagement
CUST101372,0,0.5509972,55.1,Medium,Monitor,Monitor customer and increase engagement
CUST129321,0,0.5509144,55.09,Medium,Monitor,Monitor customer and increase engagement
CUST103992,1,0.55082047,55.08,Medium,Monitor,Monitor customer and increase engagement
CUST142629,0,0.5506031,55.06,Medium,Monitor,Monitor customer and increase engagement
CUST146092,0,0.55024034,55.02,Medium,Monitor,Monitor customer and increase engagement
CUST102973,0,0.5501703,55.02,Medium,Monitor,Monitor customer and increase engagement
CUST141811,0,0.5492906,54.93,Medium,Monitor,Monitor customer and increase engagement
CUST122350,1,0.5492062,54.92,Medium,Monitor,Monitor customer and increase engagement
CUST105890,1,0.5492134,54.92,Medium,Monitor,Monitor customer and increase engagement
CUST121338,1,0.5489604,54.9,Medium,Monitor,Monitor customer and increase engagement
CUST116598,0,0.5488756,54.89,Medium,Monitor,Monitor customer and increase engagement
CUST122321,0,0.54826975,54.83,Medium,Monitor,Monitor customer and increase engagement
CUST129754,0,0.548014,54.8,Medium,Monitor,Monitor customer and increase engagement
CUST116247,0,0.5479805,54.8,Medium,Monitor,Monitor customer and increase engagement
CUST106634,0,0.5476596,54.77,Medium,Monitor,Monitor customer and increase engagement
CUST136276,0,0.54638445,54.64,Medium,Monitor,Monitor customer and increase engagement
CUST108967,0,0.5463913,54.64,Medium,Monitor,Monitor customer and increase engagement
CUST126006,1,0.5463276,54.63,Medium,Monitor,Monitor customer and increase engagement
CUST121393,1,0.545589,54.56,Medium,Monitor,Monitor customer and increase engagement
CUST104435,0,0.54508626,54.51,Medium,Monitor,Monitor customer and increase engagement
CUST142458,1,0.54504246,54.5,Medium,Monitor,Monitor customer and increase engagement
CUST143859,1,0.5448479,54.48,Medium,Monitor,Monitor customer and increase engagement
CUST134675,0,0.54336566,54.34,Medium,Monitor,Monitor customer and increase engagement
CUST130295,1,0.5432994,54.33,Medium,Monitor,Monitor customer and increase engagement
CUST113762,0,0.54262817,54.26,Medium,Monitor,Monitor customer and increase engagement
CUST110353,0,0.5426196,54.26,Medium,Monitor,Monitor customer and increase engagement
CUST132824,1,0.5425551,54.26,Medium,Monitor,Monitor customer and increase engagement
CUST108634,0,0.54226077,54.23,Medium,Monitor,Monitor customer and increase engagement
CUST142164,1,0.5418879,54.19,Medium,Monitor,Monitor customer and increase engagement
CUST135011,1,0.5416356,54.16,Medium,Monitor,Monitor customer and increase engagement
CUST118016,0,0.5414602,54.15,Medium,Monitor,Monitor customer and increase engagement
CUST127273,0,0.54101515,54.1,Medium,Monitor,Monitor customer and increase engagement
CUST139935,0,0.5406854,54.07,Medium,Monitor,Monitor customer and increase engagement
CUST117529,0,0.54037595,54.04,Medium,Monitor,Monitor customer and increase engagement
CUST140958,1,0.54018986,54.02,Medium,Monitor,Monitor customer and increase engagement
CUST146277,1,0.5400536,54.01,Medium,Monitor,Monitor customer and increase engagement
CUST131223,1,0.5393557,53.94,Medium,Monitor,Monitor customer and increase engagement
CUST105076,0,0.5393042,53.93,Medium,Monitor,Monitor customer and increase engagement
CUST131116,1,0.5384822,53.85,Medium,Monitor,Monitor customer and increase engagement
CUST143491,0,0.5383517,53.84,Medium,Monitor,Monitor customer and increase engagement
CUST138946,0,0.53786,53.79,Medium,Monitor,Monitor customer and increase engagement
CUST130993,1,0.53750676,53.75,Medium,Monitor,Monitor customer and increase engagement
CUST147560,0,0.5371724,53.72,Medium,Monitor,Monitor customer and increase engagement
CUST110527,1,0.5371342,53.71,Medium,Monitor,Monitor customer and increase engagement
CUST145454,1,0.53692067,53.69,Medium,Monitor,Monitor customer and increase engagement
CUST137366,0,0.5363677,53.64,Medium,Monitor,Monitor customer and increase engagement
CUST130685,1,0.5361757,53.62,Medium,Monitor,Monitor customer and increase engagement
CUST143920,0,0.5361578,53.62,Medium,Monitor,Monitor customer and increase engagement
CUST115579,1,0.53611684,53.61,Medium,Monitor,Monitor customer and increase engagement
CUST104950,0,0.53606886,53.61,Medium,Monitor,Monitor customer and increase engagement
CUST129478,0,0.5358987,53.59,Medium,Monitor,Monitor customer and increase engagement
CUST120403,1,0.53559077,53.56,Medium,Monitor,Monitor customer and increase engagement
CUST116851,0,0.53555787,53.56,Medium,Monitor,Monitor customer and increase engagement
CUST140848,0,0.5353694,53.54,Medium,Monitor,Monitor customer and increase engagement
CUST137384,1,0.5349533,53.5,Medium,Monitor,Monitor customer and increase engagement
CUST134969,1,0.5350229,53.5,Medium,Monitor,Monitor customer and increase engagement
CUST106968,1,0.53494203,53.49,Medium,Monitor,Monitor customer and increase engagement
CUST130111,0,0.534457,53.45,Medium,Monitor,Monitor customer and increase engagement
CUST111659,0,0.53436786,53.44,Medium,Monitor,Monitor customer and increase engagement
CUST142830,0,0.5340823,53.41,Medium,Monitor,Monitor customer and increase engagement
CUST113394,1,0.5338614,53.39,Medium,Monitor,Monitor customer and increase engagement
CUST114402,0,0.53384405,53.38,Medium,Monitor,Monitor customer and increase engagement
CUST139651,1,0.53357464,53.36,Medium,Monitor,Monitor customer and increase engagement
CUST129524,1,0.5334518,53.35,Medium,Monitor,Monitor customer and increase engagement
CUST110939,1,0.5334884,53.35,Medium,Monitor,Monitor customer and increase engagement
CUST112222,1,0.5333777,53.34,Medium,Monitor,Monitor customer and increase engagement
CUST119711,0,0.533062,53.31,Medium,Monitor,Monitor customer and increase engagement
CUST110013,0,0.5330977,53.31,Medium,Monitor,Monitor customer and increase engagement
CUST134436,1,0.53222615,53.22,Medium,Monitor,Monitor customer and increase engagement
CUST147375,0,0.5321579,53.22,Medium,Monitor,Monitor customer and increase engagement
CUST131678,0,0.5321853,53.22,Medium,Monitor,Monitor customer and increase engagement
CUST134091,0,0.53209805,53.21,Medium,Monitor,Monitor customer and increase engagement
CUST121446,0,0.53147054,53.15,Medium,Monitor,Monitor customer and increase engagement
CUST109790,1,0.53138185,53.14,Medium,Monitor,Monitor customer and increase engagement
CUST120662,1,0.5311647,53.12,Medium,Monitor,Monitor customer and increase engagement
CUST112595,0,0.5299595,53.0,Medium,Monitor,Monitor customer and increase engagement
CUST105711,1,0.5293584,52.94,Medium,Monitor,Monitor customer and increase engagement
CUST135189,1,0.52932173,52.93,Medium,Monitor,Monitor customer and increase engagement
CUST147560,0,0.52849543,52.85,Medium,Monitor,Monitor customer and increase engagement
CUST145947,0,0.5282181,52.82,Medium,Monitor,Monitor customer and increase engagement
CUST113287,1,0.5280612,52.81,Medium,Monitor,Monitor customer and increase engagement
CUST126533,0,0.5280587,52.81,Medium,Monitor,Monitor customer and increase engagement
CUST108516,0,0.52802604,52.8,Medium,Monitor,Monitor customer and increase engagement
CUST145802,1,0.52800477,52.8,Medium,Monitor,Monitor customer and increase engagement
CUST118928,0,0.5275418,52.75,Medium,Monitor,Monitor customer and increase engagement
CUST145726,1,0.5271259,52.71,Medium,Monitor,Monitor customer and increase engagement
CUST114315,0,0.52699816,52.7,Medium,Monitor,Monitor customer and increase engagement
CUST115347,1,0.52651083,52.65,Medium,Monitor,Monitor customer and increase engagement
CUST138152,1,0.5264639,52.65,Medium,Monitor,Monitor customer and increase engagement
CUST104869,0,0.52605706,52.61,Medium,Monitor,Monitor customer and increase engagement
CUST142051,0,0.5256573,52.57,Medium,Monitor,Monitor customer and increase engagement
CUST110975,0,0.5256255,52.56,Medium,Monitor,Monitor customer and increase engagement
CUST102697,0,0.52517897,52.52,Medium,Monitor,Monitor customer and increase engagement
CUST128498,1,0.5250097,52.5,Medium,Monitor,Monitor customer and increase engagement
CUST125436,1,0.5249415,52.49,Medium,Monitor,Monitor customer and increase engagement
CUST123440,1,0.5239711,52.4,Medium,Monitor,Monitor customer and increase engagement
CUST116858,0,0.52336997,52.34,Medium,Monitor,Monitor customer and increase engagement
CUST128173,0,0.5233693,52.34,Medium,Monitor,Monitor customer and increase engagement
CUST142124,0,0.5232122,52.32,Medium,Monitor,Monitor customer and increase engagement
CUST136107,0,0.52308446,52.31,Medium,Monitor,Monitor customer and increase engagement
CUST129572,1,0.52301806,52.3,Medium,Monitor,Monitor customer and increase engagement
CUST147619,0,0.5228565,52.29,Medium,Monitor,Monitor customer and increase engagement
CUST119934,1,0.52258074,52.26,Medium,Monitor,Monitor customer and increase engagement
CUST103807,0,0.52262944,52.26,Medium,Monitor,Monitor customer and increase engagement
CUST122981,0,0.52245224,52.25,Medium,Monitor,Monitor customer and increase engagement
CUST131615,0,0.521806,52.18,Medium,Monitor,Monitor customer and increase engagement
CUST115956,0,0.52148986,52.15,Medium,Monitor,Monitor customer and increase engagement
CUST100460,0,0.5211549,52.12,Medium,Monitor,Monitor customer and increase engagement
CUST139739,1,0.52100533,52.1,Medium,Monitor,Monitor customer and increase engagement
CUST108519,1,0.5207914,52.08,Medium,Monitor,Monitor customer and increase engagement
CUST104982,1,0.5207315,52.07,Medium,Monitor,Monitor customer and increase engagement
CUST112115,1,0.520676,52.07,Medium,Monitor,Monitor customer and increase engagement
CUST124072,0,0.5204385,52.04,Medium,Monitor,Monitor customer and increase engagement
CUST142879,0,0.5200598,52.01,Medium,Monitor,Monitor customer and increase engagement
CUST113504,1,0.5193268,51.93,Medium,Monitor,Monitor customer and increase engagement
CUST133944,0,0.51891464,51.89,Medium,Monitor,Monitor customer and increase engagement
CUST140069,0,0.5184459,51.84,Medium,Monitor,Monitor customer and increase engagement
CUST104621,0,0.518448,51.84,Medium,Monitor,Monitor customer and increase engagement
CUST129604,1,0.51822436,51.82,Medium,Monitor,Monitor customer and increase engagement
CUST137501,0,0.51812017,51.81,Medium,Monitor,Monitor customer and increase engagement
CUST114617,0,0.51805454,51.81,Medium,Monitor,Monitor customer and increase engagement
CUST142540,1,0.51801234,51.8,Medium,Monitor,Monitor customer and increase engagement
CUST136655,1,0.5177688,51.78,Medium,Monitor,Monitor customer and increase engagement
CUST108195,0,0.5175319,51.75,Medium,Monitor,Monitor customer and increase engagement
CUST147773,0,0.51715994,51.72,Medium,Monitor,Monitor customer and increase engagement
CUST118470,1,0.5169421,51.69,Medium,Monitor,Monitor customer and increase engagement
CUST128852,1,0.51685804,51.69,Medium,Monitor,Monitor customer and increase engagement
CUST132774,0,0.51670486,51.67,Medium,Monitor,Monitor customer and increase engagement
CUST128583,0,0.51639825,51.64,Medium,Monitor,Monitor customer and increase engagement
CUST135739,1,0.5160117,51.6,Medium,Monitor,Monitor customer and increase engagement
CUST128418,0,0.515594,51.56,Medium,Monitor,Monitor customer and increase engagement
CUST108783,0,0.5154671,51.55,Medium,Monitor,Monitor customer and increase engagement
CUST134471,1,0.51494336,51.49,Medium,Monitor,Monitor customer and increase engagement
CUST137108,1,0.5147796,51.48,Medium,Monitor,Monitor customer and increase engagement
CUST144205,0,0.5147697,51.48,Medium,Monitor,Monitor customer and increase engagement
CUST127296,1,0.51471364,51.47,Medium,Monitor,Monitor customer and increase engagement
CUST129492,0,0.5144213,51.44,Medium,Monitor,Monitor customer and increase engagement
CUST133998,0,0.5141987,51.42,Medium,Monitor,Monitor customer and increase engagement
CUST137314,1,0.51378113,51.38,Medium,Monitor,Monitor customer and increase engagement
CUST133085,0,0.513668,51.37,Medium,Monitor,Monitor customer and increase engagement
CUST129134,1,0.51361614,51.36,Medium,Monitor,Monitor customer and increase engagement
CUST129583,1,0.51318014,51.32,Medium,Monitor,Monitor customer and increase engagement
CUST145152,0,0.5132069,51.32,Medium,Monitor,Monitor customer and increase engagement
CUST108451,0,0.5129656,51.3,Medium,Monitor,Monitor customer and increase engagement
CUST118660,1,0.5128958,51.29,Medium,Monitor,Monitor customer and increase engagement
CUST124364,0,0.51261204,51.26,Medium,Monitor,Monitor customer and increase engagement
CUST110860,0,0.512632,51.26,Medium,Monitor,Monitor customer and increase engagement
CUST124694,0,0.51232094,51.23,Medium,Monitor,Monitor customer and increase engagement
CUST132071,0,0.5121342,51.21,Medium,Monitor,Monitor customer and increase engagement
CUST101696,0,0.5114695,51.15,Medium,Monitor,Monitor customer and increase engagement
CUST131942,1,0.51136243,51.14,Medium,Monitor,Monitor customer and increase engagement
CUST140809,1,0.5112486,51.12,Medium,Monitor,Monitor customer and increase engagement
CUST101635,0,0.5112302,51.12,Medium,Monitor,Monitor customer and increase engagement
CUST111670,0,0.51114917,51.11,Medium,Monitor,Monitor customer and increase engagement
CUST115600,1,0.5101521,51.02,Medium,Monitor,Monitor customer and increase engagement
CUST119726,0,0.5100459,51.0,Medium,Monitor,Monitor customer and increase engagement
CUST106953,0,0.509881,50.99,Medium,Monitor,Monitor customer and increase engagement
CUST124901,0,0.509408,50.94,Medium,Monitor,Monitor customer and increase engagement
CUST122436,0,0.50942814,50.94,Medium,Monitor,Monitor customer and increase engagement
CUST119281,0,0.5091965,50.92,Medium,Monitor,Monitor customer and increase engagement
CUST136504,0,0.50832194,50.83,Medium,Monitor,Monitor customer and increase engagement
CUST132102,0,0.5081107,50.81,Medium,Monitor,Monitor customer and increase engagement
CUST114728,0,0.50808907,50.81,Medium,Monitor,Monitor customer and increase engagement
CUST123125,1,0.50784487,50.78,Medium,Monitor,Monitor customer and increase engagement
CUST126112,1,0.5077095,50.77,Medium,Monitor,Monitor customer and increase engagement
CUST125753,1,0.5070821,50.71,Medium,Monitor,Monitor customer and increase engagement
CUST137075,0,0.5071076,50.71,Medium,Monitor,Monitor customer and increase engagement
CUST117248,0,0.5070854,50.71,Medium,Monitor,Monitor customer and increase engagement
CUST127465,0,0.5068035,50.68,Medium,Monitor,Monitor customer and increase engagement
CUST112692,0,0.50681156,50.68,Medium,Monitor,Monitor customer and increase engagement
CUST125040,0,0.50634503,50.63,Medium,Monitor,Monitor customer and increase engagement
CUST139811,0,0.5061257,50.61,Medium,Monitor,Monitor customer and increase engagement
CUST108832,0,0.5059737,50.6,Medium,Monitor,Monitor customer and increase engagement
CUST147800,0,0.5058902,50.59,Medium,Monitor,Monitor customer and increase engagement
CUST114769,0,0.5057397,50.57,Medium,Monitor,Monitor customer and increase engagement
CUST115777,0,0.5048743,50.49,Medium,Monitor,Monitor customer and increase engagement
CUST119286,1,0.5044695,50.45,Medium,Monitor,Monitor customer and increase engagement
CUST139721,0,0.5041792,50.42,Medium,Monitor,Monitor customer and increase engagement
CUST106578,0,0.50365394,50.37,Medium,Monitor,Monitor customer and increase engagement
CUST110883,0,0.5032415,50.32,Medium,Monitor,Monitor customer and increase engagement
CUST140094,1,0.5032399,50.32,Medium,Monitor,Monitor customer and increase engagement
CUST121104,0,0.50312847,50.31,Medium,Monitor,Monitor customer and increase engagement
CUST120977,1,0.5028089,50.28,Medium,Monitor,Monitor customer and increase engagement
CUST110784,0,0.50238216,50.24,Medium,Monitor,Monitor customer and increase engagement
CUST114490,1,0.5023803,50.24,Medium,Monitor,Monitor customer and increase engagement
CUST110213,0,0.50202256,50.2,Medium,Monitor,Monitor customer and increase engagement
CUST110611,0,0.5010683,50.11,Medium,Monitor,Monitor customer and increase engagement
CUST111086,1,0.49997914,50.0,Medium,Monitor,Monitor customer and increase engagement
CUST120020,0,0.49990752,49.99,Medium,Monitor,Monitor customer and increase engagement
CUST104555,0,0.49940717,49.94,Medium,Monitor,Monitor customer and increase engagement
CUST101838,0,0.49905276,49.91,Medium,Monitor,Monitor customer and increase engagement
CUST135903,0,0.49910265,49.91,Medium,Monitor,Monitor customer and increase engagement
CUST114077,1,0.4989147,49.89,Medium,Monitor,Monitor customer and increase engagement
CUST100422,0,0.49865276,49.87,Medium,Monitor,Monitor customer and increase engagement
CUST102815,0,0.49760884,49.76,Medium,Monitor,Monitor customer and increase engagement
CUST113119,0,0.49709976,49.71,Medium,Monitor,Monitor customer and increase engagement
CUST138689,0,0.4966841,49.67,Medium,Monitor,Monitor customer and increase engagement
CUST144780,0,0.4965534,49.66,Medium,Monitor,Monitor customer and increase engagement
CUST110449,0,0.49650565,49.65,Medium,Monitor,Monitor customer and increase engagement
CUST106652,0,0.49546775,49.55,Medium,Monitor,Monitor customer and increase engagement
CUST139842,1,0.49505734,49.51,Medium,Monitor,Monitor customer and increase engagement
CUST119074,0,0.4935834,49.36,Medium,Monitor,Monitor customer and increase engagement
CUST132046,1,0.49349323,49.35,Medium,Monitor,Monitor customer and increase engagement
CUST129403,0,0.4934344,49.34,Medium,Monitor,Monitor customer and increase engagement
CUST147980,0,0.49325186,49.33,Medium,Monitor,Monitor customer and increase engagement
CUST131481,1,0.49326554,49.33,Medium,Monitor,Monitor customer and increase engagement
CUST117200,1,0.49330917,49.33,Medium,Monitor,Monitor customer and increase engagement
CUST131481,1,0.49326554,49.33,Medium,Monitor,Monitor customer and increase engagement
CUST139884,0,0.49332926,49.33,Medium,Monitor,Monitor customer and increase engagement
CUST109115,1,0.492433,49.24,Medium,Monitor,Monitor customer and increase engagement
CUST122793,1,0.49201098,49.2,Medium,Monitor,Monitor customer and increase engagement
CUST123099,0,0.49193007,49.19,Medium,Monitor,Monitor customer and increase engagement
CUST103142,0,0.49194306,49.19,Medium,Monitor,Monitor customer and increase engagement
CUST101133,0,0.49176753,49.18,Medium,Monitor,Monitor customer and increase engagement
CUST133996,0,0.49168453,49.17,Medium,Monitor,Monitor customer and increase engagement
CUST105126,0,0.49172395,49.17,Medium,Monitor,Monitor customer and increase engagement
CUST109342,1,0.4908386,49.08,Medium,Monitor,Monitor customer and increase engagement
CUST118099,0,0.4902707,49.03,Medium,Monitor,Monitor customer and increase engagement
CUST134991,0,0.49010387,49.01,Medium,Monitor,Monitor customer and increase engagement
CUST120905,1,0.4899961,49.0,Medium,Monitor,Monitor customer and increase engagement
CUST147320,0,0.48963162,48.96,Medium,Monitor,Monitor customer and increase engagement
CUST110493,1,0.48959425,48.96,Medium,Monitor,Monitor customer and increase engagement
CUST145943,1,0.48925337,48.93,Medium,Monitor,Monitor customer and increase engagement
CUST135417,1,0.48931494,48.93,Medium,Monitor,Monitor customer and increase engagement
CUST141331,1,0.48929656,48.93,Medium,Monitor,Monitor customer and increase engagement
CUST111256,0,0.48933825,48.93,Medium,Monitor,Monitor customer and increase engagement
CUST100953,0,0.48880532,48.88,Medium,Monitor,Monitor customer and increase engagement
CUST124638,1,0.48881957,48.88,Medium,Monitor,Monitor customer and increase engagement
CUST124488,0,0.48832056,48.83,Medium,Monitor,Monitor customer and increase engagement
CUST123146,0,0.48821172,48.82,Medium,Monitor,Monitor customer and increase engagement
CUST100170,1,0.48811966,48.81,Medium,Monitor,Monitor customer and increase engagement
CUST113593,0,0.48786303,48.79,Medium,Monitor,Monitor customer and increase engagement
CUST122143,0,0.48791987,48.79,Medium,Monitor,Monitor customer and increase engagement
CUST121993,1,0.48750988,48.75,Medium,Monitor,Monitor customer and increase engagement
CUST135580,0,0.4867223,48.67,Medium,Monitor,Monitor customer and increase engagement
CUST120101,1,0.4865991,48.66,Medium,Monitor,Monitor customer and increase engagement
CUST144934,1,0.48649567,48.65,Medium,Monitor,Monitor customer and increase engagement
CUST117944,1,0.48644704,48.64,Medium,Monitor,Monitor customer and increase engagement
CUST136671,1,0.4857676,48.58,Medium,Monitor,Monitor customer and increase engagement
CUST117384,1,0.485683,48.57,Medium,Monitor,Monitor customer and increase engagement
CUST101018,0,0.48569232,48.57,Medium,Monitor,Monitor customer and increase engagement
CUST108892,1,0.48563316,48.56,Medium,Monitor,Monitor customer and increase engagement
CUST117899,0,0.48491883,48.49,Medium,Monitor,Monitor customer and increase engagement
CUST145020,0,0.4844943,48.45,Medium,Monitor,Monitor customer and increase engagement
CUST142922,1,0.48454967,48.45,Medium,Monitor,Monitor customer and increase engagement
CUST112466,0,0.48423997,48.42,Medium,Monitor,Monitor customer and increase engagement
CUST102142,0,0.48422784,48.42,Medium,Monitor,Monitor customer and increase engagement
CUST112535,1,0.48403838,48.4,Medium,Monitor,Monitor customer and increase engagement
CUST125605,1,0.483754,48.38,Medium,Monitor,Monitor customer and increase engagement
CUST141514,0,0.48309663,48.31,Medium,Monitor,Monitor customer and increase engagement
CUST139000,1,0.4826073,48.26,Medium,Monitor,Monitor customer and increase engagement
CUST143196,1,0.48237848,48.24,Medium,Monitor,Monitor customer and increase engagement
CUST128206,1,0.48231435,48.23,Medium,Monitor,Monitor customer and increase engagement
CUST108315,0,0.48132882,48.13,Medium,Monitor,Monitor customer and increase engagement
CUST107906,1,0.48063162,48.06,Medium,Monitor,Monitor customer and increase engagement
CUST124490,0,0.48047796,48.05,Medium,Monitor,Monitor customer and increase engagement
CUST130494,1,0.48051193,48.05,Medium,Monitor,Monitor customer and increase engagement
CUST124825,0,0.4803796,48.04,Medium,Monitor,Monitor customer and increase engagement
CUST106472,1,0.48024425,48.02,Medium,Monitor,Monitor customer and increase engagement
CUST103439,0,0.4799685,48.0,Medium,Monitor,Monitor customer and increase engagement
CUST129809,1,0.4799324,47.99,Medium,Monitor,Monitor customer and increase engagement
CUST126873,0,0.479597,47.96,Medium,Monitor,Monitor customer and increase engagement
CUST134707,0,0.47946453,47.95,Medium,Monitor,Monitor customer and increase engagement
CUST105273,1,0.47927395,47.93,Medium,Monitor,Monitor customer and increase engagement
CUST116519,1,0.47929862,47.93,Medium,Monitor,Monitor customer and increase engagement
CUST103092,0,0.4786499,47.86,Medium,Monitor,Monitor customer and increase engagement
CUST104467,0,0.4782845,47.83,Medium,Monitor,Monitor customer and increase engagement
CUST117507,0,0.47822267,47.82,Medium,Monitor,Monitor customer and increase engagement
CUST132648,0,0.4779027,47.79,Medium,Monitor,Monitor customer and increase engagement
CUST115556,0,0.4779132,47.79,Medium,Monitor,Monitor customer and increase engagement
CUST134890,0,0.47726858,47.73,Medium,Monitor,Monitor customer and increase engagement
CUST129525,0,0.47708225,47.71,Medium,Monitor,Monitor customer and increase engagement
CUST102796,0,0.47699302,47.7,Medium,Monitor,Monitor customer and increase engagement
CUST125201,0,0.4767779,47.68,Medium,Monitor,Monitor customer and increase engagement
CUST102064,0,0.47668895,47.67,Medium,Monitor,Monitor customer and increase engagement
CUST141267,1,0.47649777,47.65,Medium,Monitor,Monitor customer and increase engagement
CUST122743,0,0.47601217,47.6,Medium,Monitor,Monitor customer and increase engagement
CUST137940,1,0.4760135,47.6,Medium,Monitor,Monitor customer and increase engagement
CUST114354,1,0.4756734,47.57,Medium,Monitor,Monitor customer and increase engagement
CUST133293,0,0.47510815,47.51,Medium,Monitor,Monitor customer and increase engagement
CUST125813,0,0.47508693,47.51,Medium,Monitor,Monitor customer and increase engagement
CUST142535,0,0.4742811,47.43,Medium,Monitor,Monitor customer and increase engagement
CUST130150,0,0.4739436,47.39,Medium,Monitor,Monitor customer and increase engagement
CUST109834,1,0.47386456,47.39,Medium,Monitor,Monitor customer and increase engagement
CUST119048,1,0.4736045,47.36,Medium,Monitor,Monitor customer and increase engagement
CUST119368,0,0.47346658,47.35,Medium,Monitor,Monitor customer and increase engagement
CUST137052,1,0.4734515,47.35,Medium,Monitor,Monitor customer and increase engagement
CUST125329,0,0.47258335,47.26,Medium,Monitor,Monitor customer and increase engagement
CUST145759,0,0.4724059,47.24,Medium,Monitor,Monitor customer and increase engagement
CUST131724,1,0.47211137,47.21,Medium,Monitor,Monitor customer and increase engagement
CUST104816,1,0.4720092,47.2,Medium,Monitor,Monitor customer and increase engagement
CUST141127,0,0.47182858,47.18,Medium,Monitor,Monitor customer and increase engagement
CUST133487,0,0.4714184,47.14,Medium,Monitor,Monitor customer and increase engagement
CUST133327,0,0.47136036,47.14,Medium,Monitor,Monitor customer and increase engagement
CUST108667,1,0.4707662,47.08,Medium,Monitor,Monitor customer and increase engagement
CUST100715,1,0.470286,47.03,Medium,Monitor,Monitor customer and increase engagement
CUST134683,0,0.47015467,47.02,Medium,Monitor,Monitor customer and increase engagement
CUST128826,1,0.46959823,46.96,Medium,Monitor,Monitor customer and increase engagement
CUST119841,0,0.4694663,46.95,Medium,Monitor,Monitor customer and increase engagement
CUST123064,0,0.46912688,46.91,Medium,Monitor,Monitor customer and increase engagement
CUST126234,0,0.4691165,46.91,Medium,Monitor,Monitor customer and increase engagement
CUST118573,1,0.4689823,46.9,Medium,Monitor,Monitor customer and increase engagement
CUST102310,0,0.46863186,46.86,Medium,Monitor,Monitor customer and increase engagement
CUST117940,1,0.46805295,46.81,Medium,Monitor,Monitor customer and increase engagement
CUST145345,1,0.46781126,46.78,Medium,Monitor,Monitor customer and increase engagement
CUST125981,0,0.46731192,46.73,Medium,Monitor,Monitor customer and increase engagement
CUST145304,1,0.46714944,46.71,Medium,Monitor,Monitor customer and increase engagement
CUST147777,0,0.4666214,46.66,Medium,Monitor,Monitor customer and increase engagement
CUST134733,0,0.46649903,46.65,Medium,Monitor,Monitor customer and increase engagement
CUST130561,1,0.46517846,46.52,Medium,Monitor,Monitor customer and increase engagement
CUST147632,0,0.46514174,46.51,Medium,Monitor,Monitor customer and increase engagement
CUST113369,0,0.4650683,46.51,Medium,Monitor,Monitor customer and increase engagement
CUST113594,0,0.46496293,46.5,Medium,Monitor,Monitor customer and increase engagement
CUST133780,0,0.4649992,46.5,Medium,Monitor,Monitor customer and increase engagement
CUST113859,0,0.46497348,46.5,Medium,Monitor,Monitor customer and increase engagement
CUST118077,0,0.46494558,46.49,Medium,Monitor,Monitor customer and increase engagement
CUST109957,0,0.46442172,46.44,Medium,Monitor,Monitor customer and increase engagement
CUST126536,0,0.46427304,46.43,Medium,Monitor,Monitor customer and increase engagement
CUST131468,0,0.46391806,46.39,Medium,Monitor,Monitor customer and increase engagement
CUST120065,0,0.4637069,46.37,Medium,Monitor,Monitor customer and increase engagement
CUST123828,0,0.46327236,46.33,Medium,Monitor,Monitor customer and increase engagement
CUST105025,1,0.46304202,46.3,Medium,Monitor,Monitor customer and increase engagement
CUST104981,0,0.462876,46.29,Medium,Monitor,Monitor customer and increase engagement
CUST104356,0,0.46279228,46.28,Medium,Monitor,Monitor customer and increase engagement
CUST114703,1,0.46276614,46.28,Medium,Monitor,Monitor customer and increase engagement
CUST134831,0,0.46257454,46.26,Medium,Monitor,Monitor customer and increase engagement
CUST142420,1,0.462544,46.25,Medium,Monitor,Monitor customer and increase engagement
CUST120766,0,0.46137765,46.14,Medium,Monitor,Monitor customer and increase engagement
CUST136428,0,0.46106705,46.11,Medium,Monitor,Monitor customer and increase engagement
CUST129363,1,0.4609252,46.09,Medium,Monitor,Monitor customer and increase engagement
CUST106962,0,0.46025214,46.03,Medium,Monitor,Monitor customer and increase engagement
CUST104325,1,0.45951772,45.95,Medium,Monitor,Monitor customer and increase engagement
CUST143528,0,0.45953465,45.95,Medium,Monitor,Monitor customer and increase engagement
CUST116761,0,0.45937404,45.94,Medium,Monitor,Monitor customer and increase engagement
CUST113265,0,0.45940328,45.94,Medium,Monitor,Monitor customer and increase engagement
CUST101933,0,0.45900458,45.9,Medium,Monitor,Monitor customer and increase engagement
CUST104005,0,0.4589845,45.9,Medium,Monitor,Monitor customer and increase engagement
CUST132974,1,0.45884535,45.88,Medium,Monitor,Monitor customer and increase engagement
CUST126679,0,0.45880145,45.88,Medium,Monitor,Monitor customer and increase engagement
CUST104166,1,0.4581339,45.81,Medium,Monitor,Monitor customer and increase engagement
CUST128132,0,0.4580141,45.8,Medium,Monitor,Monitor customer and increase engagement
CUST102359,0,0.4579102,45.79,Medium,Monitor,Monitor customer and increase engagement
CUST128967,0,0.4577218,45.77,Medium,Monitor,Monitor customer and increase engagement
CUST109828,1,0.4575477,45.75,Medium,Monitor,Monitor customer and increase engagement
CUST147823,1,0.45747173,45.75,Medium,Monitor,Monitor customer and increase engagement
CUST101415,0,0.4574057,45.74,Medium,Monitor,Monitor customer and increase engagement
CUST118382,0,0.45726696,45.73,Medium,Monitor,Monitor customer and increase engagement
CUST105247,1,0.45730585,45.73,Medium,Monitor,Monitor customer and increase engagement
CUST111228,1,0.45601127,45.6,Medium,Monitor,Monitor customer and increase engagement
CUST138896,0,0.45518094,45.52,Medium,Monitor,Monitor customer and increase engagement
CUST113102,1,0.45514533,45.51,Medium,Monitor,Monitor customer and increase engagement
CUST145457,0,0.45482868,45.48,Medium,Monitor,Monitor customer and increase engagement
CUST113805,1,0.45427498,45.43,Medium,Monitor,Monitor customer and increase engagement
CUST112693,0,0.45405766,45.41,Medium,Monitor,Monitor customer and increase engagement
CUST104935,1,0.4535456,45.35,Medium,Monitor,Monitor customer and increase engagement
CUST127050,1,0.45298827,45.3,Medium,Monitor,Monitor customer and increase engagement
CUST120024,0,0.45302987,45.3,Medium,Monitor,Monitor customer and increase engagement
CUST122942,1,0.45301464,45.3,Medium,Monitor,Monitor customer and increase engagement
CUST109681,1,0.4527496,45.27,Medium,Monitor,Monitor customer and increase engagement
CUST104738,1,0.45272928,45.27,Medium,Monitor,Monitor customer and increase engagement
CUST108190,0,0.4525583,45.26,Medium,Monitor,Monitor customer and increase engagement
CUST112970,1,0.4524294,45.24,Medium,Monitor,Monitor customer and increase engagement
CUST144441,0,0.45242864,45.24,Medium,Monitor,Monitor customer and increase engagement
CUST101928,1,0.452392,45.24,Medium,Monitor,Monitor customer and increase engagement
CUST142728,1,0.45221388,45.22,Medium,Monitor,Monitor customer and increase engagement
CUST106057,0,0.45205328,45.21,Medium,Monitor,Monitor customer and increase engagement
CUST135332,0,0.45214942,45.21,Medium,Monitor,Monitor customer and increase engagement
CUST140798,0,0.45200768,45.2,Medium,Monitor,Monitor customer and increase engagement
CUST145953,0,0.4517208,45.17,Medium,Monitor,Monitor customer and increase engagement
CUST107463,0,0.4516691,45.17,Medium,Monitor,Monitor customer and increase engagement
CUST100133,1,0.45142978,45.14,Medium,Monitor,Monitor customer and increase engagement
CUST136653,0,0.4511209,45.11,Medium,Monitor,Monitor customer and increase engagement
CUST133583,0,0.4498668,44.99,Medium,Monitor,Monitor customer and increase engagement
CUST105669,0,0.4499073,44.99,Medium,Monitor,Monitor customer and increase engagement
CUST121253,0,0.44955644,44.96,Medium,Monitor,Monitor customer and increase engagement
CUST140572,0,0.44958478,44.96,Medium,Monitor,Monitor customer and increase engagement
CUST138358,1,0.44940826,44.94,Medium,Monitor,Monitor customer and increase engagement
CUST105943,0,0.4488794,44.89,Medium,Monitor,Monitor customer and increase engagement
CUST145460,1,0.44888973,44.89,Medium,Monitor,Monitor customer and increase engagement
CUST119462,0,0.4488018,44.88,Medium,Monitor,Monitor customer and increase engagement
CUST131580,0,0.44821408,44.82,Medium,Monitor,Monitor customer and increase engagement
CUST147600,0,0.44742048,44.74,Medium,Monitor,Monitor customer and increase engagement
CUST104055,0,0.44724596,44.72,Medium,Monitor,Monitor customer and increase engagement
CUST143880,1,0.4470286,44.7,Medium,Monitor,Monitor customer and increase engagement
CUST111169,1,0.44687387,44.69,Medium,Monitor,Monitor customer and increase engagement
CUST119007,1,0.4468047,44.68,Medium,Monitor,Monitor customer and increase engagement
CUST107418,1,0.44646692,44.65,Medium,Monitor,Monitor customer and increase engagement
CUST124811,1,0.44546857,44.55,Medium,Monitor,Monitor customer and increase engagement
CUST136185,0,0.44500718,44.5,Medium,Monitor,Monitor customer and increase engagement
CUST124088,0,0.4448668,44.49,Medium,Monitor,Monitor customer and increase engagement
CUST118898,0,0.44479653,44.48,Medium,Monitor,Monitor customer and increase engagement
CUST143838,0,0.44460294,44.46,Medium,Monitor,Monitor customer and increase engagement
CUST104203,0,0.44405052,44.41,Medium,Monitor,Monitor customer and increase engagement
CUST107450,1,0.44333005,44.33,Medium,Monitor,Monitor customer and increase engagement
CUST132733,0,0.44299966,44.3,Medium,Monitor,Monitor customer and increase engagement
CUST106356,0,0.44279322,44.28,Medium,Monitor,Monitor customer and increase engagement
CUST138377,0,0.44229972,44.23,Medium,Monitor,Monitor customer and increase engagement
CUST138377,0,0.44229972,44.23,Medium,Monitor,Monitor customer and increase engagement
CUST132217,1,0.44206557,44.21,Medium,Monitor,Monitor customer and increase engagement
CUST102457,0,0.44180062,44.18,Medium,Monitor,Monitor customer and increase engagement
CUST114295,1,0.44167882,44.17,Medium,Monitor,Monitor customer and increase engagement
CUST135719,0,0.44144824,44.14,Medium,Monitor,Monitor customer and increase engagement
CUST113491,0,0.44110507,44.11,Medium,Monitor,Monitor customer and increase engagement
CUST135714,0,0.44105172,44.11,Medium,Monitor,Monitor customer and increase engagement
CUST142181,0,0.44023666,44.02,Medium,Monitor,Monitor customer and increase engagement
CUST129693,0,0.4398631,43.99,Medium,Monitor,Monitor customer and increase engagement
CUST113653,0,0.43957543,43.96,Medium,Monitor,Monitor customer and increase engagement
CUST112271,0,0.43945384,43.95,Medium,Monitor,Monitor customer and increase engagement
CUST121967,1,0.43927297,43.93,Medium,Monitor,Monitor customer and increase engagement
CUST101558,1,0.43896678,43.9,Medium,Monitor,Monitor customer and increase engagement
CUST139510,1,0.43872246,43.87,Medium,Monitor,Monitor customer and increase engagement
CUST136784,1,0.43844482,43.84,Medium,Monitor,Monitor customer and increase engagement
CUST139830,0,0.43837544,43.84,Medium,Monitor,Monitor customer and increase engagement
CUST110735,1,0.43833297,43.83,Medium,Monitor,Monitor customer and increase engagement
CUST134160,0,0.43794623,43.79,Medium,Monitor,Monitor customer and increase engagement
CUST136701,0,0.43752047,43.75,Medium,Monitor,Monitor customer and increase engagement
CUST125318,0,0.43732467,43.73,Medium,Monitor,Monitor customer and increase engagement
CUST134035,0,0.43716788,43.72,Medium,Monitor,Monitor customer and increase engagement
CUST135750,0,0.43631563,43.63,Medium,Monitor,Monitor customer and increase engagement
CUST118075,0,0.43587855,43.59,Medium,Monitor,Monitor customer and increase engagement
CUST135224,0,0.43593988,43.59,Medium,Monitor,Monitor customer and increase engagement
CUST129085,0,0.43588978,43.59,Medium,Monitor,Monitor customer and increase engagement
CUST101530,1,0.43578994,43.58,Medium,Monitor,Monitor customer and increase engagement
CUST137731,0,0.43552542,43.55,Medium,Monitor,Monitor customer and increase engagement
CUST126448,0,0.43516734,43.52,Medium,Monitor,Monitor customer and increase engagement
CUST101201,0,0.43523875,43.52,Medium,Monitor,Monitor customer and increase engagement
CUST147919,1,0.43490845,43.49,Medium,Monitor,Monitor customer and increase engagement
CUST103291,1,0.43425944,43.43,Medium,Monitor,Monitor customer and increase engagement
CUST140444,0,0.43390155,43.39,Medium,Monitor,Monitor customer and increase engagement
CUST130570,0,0.43367112,43.37,Medium,Monitor,Monitor customer and increase engagement
CUST147477,1,0.43338946,43.34,Medium,Monitor,Monitor customer and increase engagement
CUST124278,0,0.43283898,43.28,Medium,Monitor,Monitor customer and increase engagement
CUST129273,0,0.43245068,43.25,Medium,Monitor,Monitor customer and increase engagement
CUST118396,0,0.4325295,43.25,Medium,Monitor,Monitor customer and increase engagement
CUST144365,0,0.4324136,43.24,Medium,Monitor,Monitor customer and increase engagement
CUST114730,1,0.43141118,43.14,Medium,Monitor,Monitor customer and increase engagement
CUST102236,0,0.43107662,43.11,Medium,Monitor,Monitor customer and increase engagement
CUST127900,0,0.43051672,43.05,Medium,Monitor,Monitor customer and increase engagement
CUST141181,1,0.43044037,43.04,Medium,Monitor,Monitor customer and increase engagement
CUST115253,1,0.4297846,42.98,Medium,Monitor,Monitor customer and increase engagement
CUST123237,1,0.42931688,42.93,Medium,Monitor,Monitor customer and increase engagement
CUST109632,0,0.42901027,42.9,Medium,Monitor,Monitor customer and increase engagement
CUST101172,1,0.42857167,42.86,Medium,Monitor,Monitor customer and increase engagement
CUST108055,0,0.42838213,42.84,Medium,Monitor,Monitor customer and increase engagement
CUST132891,0,0.42796862,42.8,Medium,Monitor,Monitor customer and increase engagement
CUST131047,0,0.42798626,42.8,Medium,Monitor,Monitor customer and increase engagement
CUST133283,0,0.4271688,42.72,Medium,Monitor,Monitor customer and increase engagement
CUST145469,0,0.42668474,42.67,Medium,Monitor,Monitor customer and increase engagement
CUST111148,1,0.42662588,42.66,Medium,Monitor,Monitor customer and increase engagement
CUST117585,0,0.42632943,42.63,Medium,Monitor,Monitor customer and increase engagement
CUST147296,0,0.42625207,42.63,Medium,Monitor,Monitor customer and increase engagement
CUST100712,0,0.4257024,42.57,Medium,Monitor,Monitor customer and increase engagement
CUST141600,0,0.42565835,42.57,Medium,Monitor,Monitor customer and increase engagement
CUST127415,0,0.4255757,42.56,Medium,Monitor,Monitor customer and increase engagement
CUST103112,1,0.42540535,42.54,Medium,Monitor,Monitor customer and increase engagement
CUST146602,0,0.42534095,42.53,Medium,Monitor,Monitor customer and increase engagement
CUST129497,1,0.4252452,42.52,Medium,Monitor,Monitor customer and increase engagement
CUST147044,0,0.4249828,42.5,Medium,Monitor,Monitor customer and increase engagement
CUST125122,0,0.42482126,42.48,Medium,Monitor,Monitor customer and increase engagement
CUST112591,0,0.42461634,42.46,Medium,Monitor,Monitor customer and increase engagement
CUST103740,0,0.4246284,42.46,Medium,Monitor,Monitor customer and increase engagement
CUST138231,0,0.42435196,42.44,Medium,Monitor,Monitor customer and increase engagement
CUST140357,1,0.42441666,42.44,Medium,Monitor,Monitor customer and increase engagement
CUST104075,0,0.42373815,42.37,Medium,Monitor,Monitor customer and increase engagement
CUST118572,0,0.4229628,42.3,Medium,Monitor,Monitor customer and increase engagement
CUST118242,0,0.42274073,42.27,Medium,Monitor,Monitor customer and increase engagement
CUST106435,0,0.42253637,42.25,Medium,Monitor,Monitor customer and increase engagement
CUST113554,0,0.42243356,42.24,Medium,Monitor,Monitor customer and increase engagement
CUST105528,0,0.4222329,42.22,Medium,Monitor,Monitor customer and increase engagement
CUST130260,0,0.4214368,42.14,Medium,Monitor,Monitor customer and increase engagement
CUST117590,0,0.42085862,42.09,Medium,Monitor,Monitor customer and increase engagement
CUST128587,0,0.4207144,42.07,Medium,Monitor,Monitor customer and increase engagement
CUST121483,0,0.41984278,41.98,Medium,Monitor,Monitor customer and increase engagement
CUST103057,0,0.4198231,41.98,Medium,Monitor,Monitor customer and increase engagement
CUST121792,1,0.41947192,41.95,Medium,Monitor,Monitor customer and increase engagement
CUST143342,0,0.41917458,41.92,Medium,Monitor,Monitor customer and increase engagement
CUST145004,1,0.4184261,41.84,Medium,Monitor,Monitor customer and increase engagement
CUST119068,1,0.41839236,41.84,Medium,Monitor,Monitor customer and increase engagement
CUST110778,0,0.4181505,41.82,Medium,Monitor,Monitor customer and increase engagement
CUST128511,1,0.41771185,41.77,Medium,Monitor,Monitor customer and increase engagement
CUST117924,0,0.41740024,41.74,Medium,Monitor,Monitor customer and increase engagement
CUST118466,0,0.41672778,41.67,Medium,Monitor,Monitor customer and increase engagement
CUST137524,1,0.41652787,41.65,Medium,Monitor,Monitor customer and increase engagement
CUST117840,0,0.41629273,41.63,Medium,Monitor,Monitor customer and increase engagement
CUST117213,0,0.4161519,41.62,Medium,Monitor,Monitor customer and increase engagement
CUST109946,1,0.41598216,41.6,Medium,Monitor,Monitor customer and increase engagement
CUST113368,0,0.41585743,41.59,Medium,Monitor,Monitor customer and increase engagement
CUST107974,0,0.4157126,41.57,Medium,Monitor,Monitor customer and increase engagement
CUST101531,0,0.41550595,41.55,Medium,Monitor,Monitor customer and increase engagement
CUST147000,0,0.41551673,41.55,Medium,Monitor,Monitor customer and increase engagement
CUST124640,0,0.41526446,41.53,Medium,Monitor,Monitor customer and increase engagement
CUST128109,0,0.4152445,41.52,Medium,Monitor,Monitor customer and increase engagement
CUST138775,0,0.4151373,41.51,Medium,Monitor,Monitor customer and increase engagement
CUST115403,0,0.414902,41.49,Medium,Monitor,Monitor customer and increase engagement
CUST111275,0,0.4147082,41.47,Medium,Monitor,Monitor customer and increase engagement
CUST102585,0,0.4145667,41.46,Medium,Monitor,Monitor customer and increase engagement
CUST116262,1,0.4144814,41.45,Medium,Monitor,Monitor customer and increase engagement
CUST120100,0,0.41360715,41.36,Medium,Monitor,Monitor customer and increase engagement
CUST113341,1,0.41325653,41.33,Medium,Monitor,Monitor customer and increase engagement
CUST147582,0,0.41257507,41.26,Medium,Monitor,Monitor customer and increase engagement
CUST140640,0,0.41264796,41.26,Medium,Monitor,Monitor customer and increase engagement
CUST124516,0,0.41239932,41.24,Medium,Monitor,Monitor customer and increase engagement
CUST119888,1,0.41170222,41.17,Medium,Monitor,Monitor customer and increase engagement
CUST120706,0,0.41162348,41.16,Medium,Monitor,Monitor customer and increase engagement
CUST131155,1,0.41149005,41.15,Medium,Monitor,Monitor customer and increase engagement
CUST116306,0,0.41109365,41.11,Medium,Monitor,Monitor customer and increase engagement
CUST107316,0,0.41108054,41.11,Medium,Monitor,Monitor customer and increase engagement
CUST102045,0,0.41091296,41.09,Medium,Monitor,Monitor customer and increase engagement
CUST100898,1,0.41093743,41.09,Medium,Monitor,Monitor customer and increase engagement
CUST118346,1,0.4105425,41.05,Medium,Monitor,Monitor customer and increase engagement
CUST144045,0,0.40966392,40.97,Medium,Monitor,Monitor customer and increase engagement
CUST122082,1,0.40962744,40.96,Medium,Monitor,Monitor customer and increase engagement
CUST110866,1,0.4095332,40.95,Medium,Monitor,Monitor customer and increase engagement
CUST110499,0,0.4094635,40.95,Medium,Monitor,Monitor customer and increase engagement
CUST142985,0,0.4094546,40.95,Medium,Monitor,Monitor customer and increase engagement
CUST129030,1,0.408863,40.89,Medium,Monitor,Monitor customer and increase engagement
CUST117363,1,0.40844265,40.84,Medium,Monitor,Monitor customer and increase engagement
CUST147438,1,0.4083068,40.83,Medium,Monitor,Monitor customer and increase engagement
CUST135847,1,0.40830448,40.83,Medium,Monitor,Monitor customer and increase engagement
CUST106906,1,0.40821427,40.82,Medium,Monitor,Monitor customer and increase engagement
CUST125110,0,0.40797052,40.8,Medium,Monitor,Monitor customer and increase engagement
CUST128822,1,0.4074195,40.74,Medium,Monitor,Monitor customer and increase engagement
CUST113065,0,0.40716043,40.72,Medium,Monitor,Monitor customer and increase engagement
CUST102644,1,0.4071433,40.71,Medium,Monitor,Monitor customer and increase engagement
CUST113846,0,0.40688515,40.69,Medium,Monitor,Monitor customer and increase engagement
CUST124934,0,0.40672797,40.67,Medium,Monitor,Monitor customer and increase engagement
CUST112856,0,0.40647063,40.65,Medium,Monitor,Monitor customer and increase engagement
CUST123674,0,0.406478,40.65,Medium,Monitor,Monitor customer and increase engagement
CUST137214,0,0.4062648,40.63,Medium,Monitor,Monitor customer and increase engagement
CUST139360,0,0.4058555,40.59,Medium,Monitor,Monitor customer and increase engagement
CUST117787,1,0.4051115,40.51,Medium,Monitor,Monitor customer and increase engagement
CUST137558,0,0.4048954,40.49,Medium,Monitor,Monitor customer and increase engagement
CUST112617,0,0.40477526,40.48,Medium,Monitor,Monitor customer and increase engagement
CUST102231,1,0.4046813,40.47,Medium,Monitor,Monitor customer and increase engagement
CUST112653,0,0.40426394,40.43,Medium,Monitor,Monitor customer and increase engagement
CUST100187,0,0.404013,40.4,Medium,Monitor,Monitor customer and increase engagement
CUST133805,1,0.40403894,40.4,Medium,Monitor,Monitor customer and increase engagement
CUST137163,0,0.40369928,40.37,Medium,Monitor,Monitor customer and increase engagement
CUST115512,1,0.40356407,40.36,Medium,Monitor,Monitor customer and increase engagement
CUST136162,1,0.40332732,40.33,Medium,Monitor,Monitor customer and increase engagement
CUST105313,0,0.40322042,40.32,Medium,Monitor,Monitor customer and increase engagement
CUST108755,1,0.40322044,40.32,Medium,Monitor,Monitor customer and increase engagement
CUST108207,0,0.40297422,40.3,Medium,Monitor,Monitor customer and increase engagement
CUST109840,0,0.4027651,40.28,Medium,Monitor,Monitor customer and increase engagement
CUST140043,0,0.4018961,40.19,Medium,Monitor,Monitor customer and increase engagement
CUST107704,0,0.40194923,40.19,Medium,Monitor,Monitor customer and increase engagement
CUST140090,1,0.40169594,40.17,Medium,Monitor,Monitor customer and increase engagement
CUST105342,1,0.4016187,40.16,Medium,Monitor,Monitor customer and increase engagement
CUST141126,1,0.40161723,40.16,Medium,Monitor,Monitor customer and increase engagement
CUST103144,0,0.40138686,40.14,Medium,Monitor,Monitor customer and increase engagement
CUST106963,1,0.40128142,40.13,Medium,Monitor,Monitor customer and increase engagement
CUST124686,0,0.40050876,40.05,Medium,Monitor,Monitor customer and increase engagement
CUST102935,0,0.40027863,40.03,Medium,Monitor,Monitor customer and increase engagement
CUST109899,0,0.39970893,39.97,Medium,Monitor,Monitor customer and increase engagement
CUST104176,0,0.39951417,39.95,Medium,Monitor,Monitor customer and increase engagement
CUST117717,0,0.39848757,39.85,Medium,Monitor,Monitor customer and increase engagement
CUST147422,1,0.39805108,39.81,Medium,Monitor,Monitor customer and increase engagement
CUST100300,0,0.39806256,39.81,Medium,Monitor,Monitor customer and increase engagement
CUST144247,1,0.39725444,39.73,Medium,Monitor,Monitor customer and increase engagement
CUST108638,1,0.39687526,39.69,Medium,Monitor,Monitor customer and increase engagement
CUST136732,0,0.39681837,39.68,Medium,Monitor,Monitor customer and increase engagement
CUST139037,0,0.396281,39.63,Medium,Monitor,Monitor customer and increase engagement
CUST109613,0,0.39617413,39.62,Medium,Monitor,Monitor customer and increase engagement
CUST108333,0,0.39614204,39.61,Medium,Monitor,Monitor customer and increase engagement
CUST135599,1,0.39608562,39.61,Medium,Monitor,Monitor customer and increase engagement
CUST118430,0,0.3960711,39.61,Medium,Monitor,Monitor customer and increase engagement
CUST140493,1,0.39570016,39.57,Medium,Monitor,Monitor customer and increase engagement
CUST127269,0,0.3951413,39.51,Medium,Monitor,Monitor customer and increase engagement
CUST132357,0,0.39504862,39.5,Medium,Monitor,Monitor customer and increase engagement
CUST142890,1,0.39498308,39.5,Medium,Monitor,Monitor customer and increase engagement
CUST111325,1,0.39486906,39.49,Medium,Monitor,Monitor customer and increase engagement
CUST125712,1,0.39493242,39.49,Medium,Monitor,Monitor customer and increase engagement
CUST135601,0,0.3948015,39.48,Medium,Monitor,Monitor customer and increase engagement
CUST146367,1,0.39462453,39.46,Medium,Monitor,Monitor customer and increase engagement
CUST111381,1,0.39442778,39.44,Medium,Monitor,Monitor customer and increase engagement
CUST125650,1,0.39425406,39.43,Medium,Monitor,Monitor customer and increase engagement
CUST125831,0,0.39304295,39.3,Medium,Monitor,Monitor customer and increase engagement
CUST125390,1,0.3930281,39.3,Medium,Monitor,Monitor customer and increase engagement
CUST132673,0,0.3929125,39.29,Medium,Monitor,Monitor customer and increase engagement
CUST127682,0,0.3924606,39.25,Medium,Monitor,Monitor customer and increase engagement
CUST146504,0,0.39234525,39.23,Medium,Monitor,Monitor customer and increase engagement
CUST118752,0,0.39181197,39.18,Medium,Monitor,Monitor customer and increase engagement
CUST115197,0,0.39181527,39.18,Medium,Monitor,Monitor customer and increase engagement
CUST133935,0,0.39159608,39.16,Medium,Monitor,Monitor customer and increase engagement
CUST144075,0,0.39156732,39.16,Medium,Monitor,Monitor customer and increase engagement
CUST132011,0,0.39142522,39.14,Medium,Monitor,Monitor customer and increase engagement
CUST116212,0,0.39144439,39.14,Medium,Monitor,Monitor customer and increase engagement
CUST130435,1,0.3898909,38.99,Medium,Monitor,Monitor customer and increase engagement
CUST125581,1,0.3898691,38.99,Medium,Monitor,Monitor customer and increase engagement
CUST129582,1,0.38978732,38.98,Medium,Monitor,Monitor customer and increase engagement
CUST103562,0,0.38967535,38.97,Medium,Monitor,Monitor customer and increase engagement
CUST109112,0,0.38958168,38.96,Medium,Monitor,Monitor customer and increase engagement
CUST137391,0,0.3896037,38.96,Medium,Monitor,Monitor customer and increase engagement
CUST112006,0,0.38900608,38.9,Medium,Monitor,Monitor customer and increase engagement
CUST127924,1,0.38884667,38.88,Medium,Monitor,Monitor customer and increase engagement
CUST134259,0,0.38872156,38.87,Medium,Monitor,Monitor customer and increase engagement
CUST141515,0,0.38868228,38.87,Medium,Monitor,Monitor customer and increase engagement
CUST147707,1,0.38846025,38.85,Medium,Monitor,Monitor customer and increase engagement
CUST128923,0,0.38793653,38.79,Medium,Monitor,Monitor customer and increase engagement
CUST127494,0,0.38792852,38.79,Medium,Monitor,Monitor customer and increase engagement
CUST110194,0,0.3878311,38.78,Medium,Monitor,Monitor customer and increase engagement
CUST134679,0,0.38748705,38.75,Medium,Monitor,Monitor customer and increase engagement
CUST141859,0,0.3874338,38.74,Medium,Monitor,Monitor customer and increase engagement
CUST122144,0,0.38689566,38.69,Medium,Monitor,Monitor customer and increase engagement
CUST115190,0,0.38633102,38.63,Medium,Monitor,Monitor customer and increase engagement
CUST147130,0,0.38519847,38.52,Medium,Monitor,Monitor customer and increase engagement
CUST128516,0,0.38501433,38.5,Medium,Monitor,Monitor customer and increase engagement
CUST133251,1,0.38476112,38.48,Medium,Monitor,Monitor customer and increase engagement
CUST121632,0,0.38461927,38.46,Medium,Monitor,Monitor customer and increase engagement
CUST142675,1,0.38460508,38.46,Medium,Monitor,Monitor customer and increase engagement
CUST135989,0,0.38453203,38.45,Medium,Monitor,Monitor customer and increase engagement
CUST108363,0,0.38430795,38.43,Medium,Monitor,Monitor customer and increase engagement
CUST114200,0,0.38357067,38.36,Medium,Monitor,Monitor customer and increase engagement
CUST145898,1,0.38348246,38.35,Medium,Monitor,Monitor customer and increase engagement
CUST147820,1,0.38313583,38.31,Medium,Monitor,Monitor customer and increase engagement
CUST140788,1,0.38297132,38.3,Medium,Monitor,Monitor customer and increase engagement
CUST106230,0,0.38285643,38.29,Medium,Monitor,Monitor customer and increase engagement
CUST140015,0,0.38156655,38.16,Medium,Monitor,Monitor customer and increase engagement
CUST104010,0,0.38160175,38.16,Medium,Monitor,Monitor customer and increase engagement
CUST128247,0,0.3811532,38.12,Medium,Monitor,Monitor customer and increase engagement
CUST140036,1,0.38072893,38.07,Medium,Monitor,Monitor customer and increase engagement
CUST140248,0,0.38040468,38.04,Medium,Monitor,Monitor customer and increase engagement
CUST117998,1,0.38020325,38.02,Medium,Monitor,Monitor customer and increase engagement
CUST122560,0,0.3799631,38.0,Medium,Monitor,Monitor customer and increase engagement
CUST134652,0,0.37982926,37.98,Medium,Monitor,Monitor customer and increase engagement
CUST115494,0,0.37920815,37.92,Medium,Monitor,Monitor customer and increase engagement
CUST136683,0,0.37855986,37.86,Medium,Monitor,Monitor customer and increase engagement
CUST116025,1,0.37844926,37.84,Medium,Monitor,Monitor customer and increase engagement
CUST107422,0,0.3781413,37.81,Medium,Monitor,Monitor customer and increase engagement
CUST104708,1,0.37742496,37.74,Medium,Monitor,Monitor customer and increase engagement
CUST142086,0,0.37702036,37.7,Medium,Monitor,Monitor customer and increase engagement
CUST147099,0,0.3768009,37.68,Medium,Monitor,Monitor customer and increase engagement
CUST131473,0,0.37673867,37.67,Medium,Monitor,Monitor customer and increase engagement
CUST112088,1,0.37666473,37.67,Medium,Monitor,Monitor customer and increase engagement
CUST104443,0,0.37656492,37.66,Medium,Monitor,Monitor customer and increase engagement
CUST131852,0,0.37645224,37.65,Medium,Monitor,Monitor customer and increase engagement
CUST113865,0,0.37632757,37.63,Medium,Monitor,Monitor customer and increase engagement
CUST119611,1,0.37621388,37.62,Medium,Monitor,Monitor customer and increase engagement
CUST117637,0,0.37611943,37.61,Medium,Monitor,Monitor customer and increase engagement
CUST141134,0,0.37588927,37.59,Medium,Monitor,Monitor customer and increase engagement
CUST145512,0,0.37561613,37.56,Medium,Monitor,Monitor customer and increase engagement
CUST129533,0,0.37492138,37.49,Medium,Monitor,Monitor customer and increase engagement
CUST130999,1,0.37382108,37.38,Medium,Monitor,Monitor customer and increase engagement
CUST141377,1,0.37379193,37.38,Medium,Monitor,Monitor customer and increase engagement
CUST100578,1,0.3727797,37.28,Medium,Monitor,Monitor customer and increase engagement
CUST118563,0,0.372392,37.24,Medium,Monitor,Monitor customer and increase engagement
CUST113225,0,0.37234718,37.23,Medium,Monitor,Monitor customer and increase engagement
CUST107050,0,0.37197304,37.2,Medium,Monitor,Monitor customer and increase engagement
CUST119710,0,0.37146467,37.15,Medium,Monitor,Monitor customer and increase engagement
CUST100507,0,0.37151545,37.15,Medium,Monitor,Monitor customer and increase engagement
CUST124837,0,0.37131855,37.13,Medium,Monitor,Monitor customer and increase engagement
CUST141469,1,0.3712928,37.13,Medium,Monitor,Monitor customer and increase engagement
CUST140315,0,0.37121025,37.12,Medium,Monitor,Monitor customer and increase engagement
CUST121634,0,0.3710634,37.11,Medium,Monitor,Monitor customer and increase engagement
CUST136162,1,0.37112328,37.11,Medium,Monitor,Monitor customer and increase engagement
CUST117117,1,0.37064034,37.06,Medium,Monitor,Monitor customer and increase engagement
CUST122578,0,0.3705209,37.05,Medium,Monitor,Monitor customer and increase engagement
CUST145555,1,0.36988613,36.99,Medium,Monitor,Monitor customer and increase engagement
CUST103984,1,0.3698193,36.98,Medium,Monitor,Monitor customer and increase engagement
CUST116144,0,0.36964256,36.96,Medium,Monitor,Monitor customer and increase engagement
CUST142978,0,0.3695168,36.95,Medium,Monitor,Monitor customer and increase engagement
CUST147033,0,0.36951938,36.95,Medium,Monitor,Monitor customer and increase engagement
CUST112761,0,0.36929002,36.93,Medium,Monitor,Monitor customer and increase engagement
CUST111691,1,0.36921787,36.92,Medium,Monitor,Monitor customer and increase engagement
CUST146731,0,0.36886764,36.89,Medium,Monitor,Monitor customer and increase engagement
CUST126530,0,0.36862192,36.86,Medium,Monitor,Monitor customer and increase engagement
CUST127243,0,0.36856142,36.86,Medium,Monitor,Monitor customer and increase engagement
CUST133507,1,0.3681045,36.81,Medium,Monitor,Monitor customer and increase engagement
CUST112251,1,0.36803588,36.8,Medium,Monitor,Monitor customer and increase engagement
CUST138405,1,0.36678866,36.68,Medium,Monitor,Monitor customer and increase engagement
CUST119794,1,0.36667693,36.67,Medium,Monitor,Monitor customer and increase engagement
CUST114431,0,0.36673912,36.67,Medium,Monitor,Monitor customer and increase engagement
CUST118316,0,0.36653,36.65,Medium,Monitor,Monitor customer and increase engagement
CUST101746,0,0.36541924,36.54,Medium,Monitor,Monitor customer and increase engagement
CUST101273,0,0.36520594,36.52,Medium,Monitor,Monitor customer and increase engagement
CUST116914,0,0.36522633,36.52,Medium,Monitor,Monitor customer and increase engagement
CUST138192,1,0.36493185,36.49,Medium,Monitor,Monitor customer and increase engagement
CUST131932,0,0.36478013,36.48,Medium,Monitor,Monitor customer and increase engagement
CUST116160,0,0.36472842,36.47,Medium,Monitor,Monitor customer and increase engagement
CUST144359,0,0.36396706,36.4,Medium,Monitor,Monitor customer and increase engagement
CUST145554,0,0.3636241,36.36,Medium,Monitor,Monitor customer and increase engagement
CUST108297,1,0.3634623,36.35,Medium,Monitor,Monitor customer and increase engagement
CUST141855,0,0.36347285,36.35,Medium,Monitor,Monitor customer and increase engagement
CUST134376,0,0.3632581,36.33,Medium,Monitor,Monitor customer and increase engagement
CUST100161,1,0.36286008,36.29,Medium,Monitor,Monitor customer and increase engagement
CUST146304,0,0.362281,36.23,Medium,Monitor,Monitor customer and increase engagement
CUST111487,1,0.36155275,36.16,Medium,Monitor,Monitor customer and increase engagement
CUST113666,0,0.36089677,36.09,Medium,Monitor,Monitor customer and increase engagement
CUST143819,0,0.36078992,36.08,Medium,Monitor,Monitor customer and increase engagement
CUST136312,0,0.3607996,36.08,Medium,Monitor,Monitor customer and increase engagement
CUST131746,0,0.36010435,36.01,Medium,Monitor,Monitor customer and increase engagement
CUST135404,1,0.3601437,36.01,Medium,Monitor,Monitor customer and increase engagement
CUST127635,1,0.3599779,36.0,Medium,Monitor,Monitor customer and increase engagement
CUST141204,0,0.35983706,35.98,Medium,Monitor,Monitor customer and increase engagement
CUST116121,0,0.35955524,35.96,Medium,Monitor,Monitor customer and increase engagement
CUST134671,0,0.35917848,35.92,Medium,Monitor,Monitor customer and increase engagement
CUST138335,0,0.35859784,35.86,Medium,Monitor,Monitor customer and increase engagement
CUST120210,0,0.35852748,35.85,Medium,Monitor,Monitor customer and increase engagement
CUST129201,0,0.35836852,35.84,Medium,Monitor,Monitor customer and increase engagement
CUST104122,0,0.35801086,35.8,Medium,Monitor,Monitor customer and increase engagement
CUST128352,0,0.35759732,35.76,Medium,Monitor,Monitor customer and increase engagement
CUST110150,0,0.35684592,35.68,Medium,Monitor,Monitor customer and increase engagement
CUST100846,0,0.35569215,35.57,Medium,Monitor,Monitor customer and increase engagement
CUST143126,0,0.35568365,35.57,Medium,Monitor,Monitor customer and increase engagement
CUST142225,1,0.35518232,35.52,Medium,Monitor,Monitor customer and increase engagement
CUST122210,0,0.35465387,35.47,Medium,Monitor,Monitor customer and increase engagement
CUST108172,0,0.35451597,35.45,Medium,Monitor,Monitor customer and increase engagement
CUST100495,0,0.3541162,35.41,Medium,Monitor,Monitor customer and increase engagement
CUST146312,1,0.35357803,35.36,Medium,Monitor,Monitor customer and increase engagement
CUST123266,0,0.35361913,35.36,Medium,Monitor,Monitor customer and increase engagement
CUST114056,0,0.352986,35.3,Medium,Monitor,Monitor customer and increase engagement
CUST130287,0,0.35292423,35.29,Medium,Monitor,Monitor customer and increase engagement
CUST147667,0,0.35281438,35.28,Medium,Monitor,Monitor customer and increase engagement
CUST132023,0,0.35244146,35.24,Medium,Monitor,Monitor customer and increase engagement
CUST124467,0,0.35225797,35.23,Medium,Monitor,Monitor customer and increase engagement
CUST126626,0,0.35195765,35.2,Medium,Monitor,Monitor customer and increase engagement
CUST138998,0,0.35188025,35.19,Medium,Monitor,Monitor customer and increase engagement
CUST117601,0,0.35187116,35.19,Medium,Monitor,Monitor customer and increase engagement
CUST137980,0,0.35179856,35.18,Medium,Monitor,Monitor customer and increase engagement
CUST139148,0,0.3518379,35.18,Medium,Monitor,Monitor customer and increase engagement
CUST112407,0,0.3514702,35.15,Medium,Monitor,Monitor customer and increase engagement
CUST134255,0,0.3509302,35.09,Medium,Monitor,Monitor customer and increase engagement
CUST141138,0,0.35043266,35.04,Medium,Monitor,Monitor customer and increase engagement
CUST108581,0,0.35040408,35.04,Medium,Monitor,Monitor customer and increase engagement
CUST135217,0,0.35032824,35.03,Medium,Monitor,Monitor customer and increase engagement
CUST143776,0,0.35028622,35.03,Medium,Monitor,Monitor customer and increase engagement
CUST131614,0,0.3502415,35.02,Medium,Monitor,Monitor customer and increase engagement
CUST137968,0,0.34977064,34.98,Medium,Monitor,Monitor customer and increase engagement
CUST134202,0,0.34947804,34.95,Medium,Monitor,Monitor customer and increase engagement
CUST137098,0,0.349458,34.95,Medium,Monitor,Monitor customer and increase engagement
CUST132961,1,0.34903258,34.9,Medium,Monitor,Monitor customer and increase engagement
CUST117059,0,0.34881023,34.88,Medium,Monitor,Monitor customer and increase engagement
CUST107151,0,0.3486765,34.87,Medium,Monitor,Monitor customer and increase engagement
CUST108232,0,0.34825554,34.83,Medium,Monitor,Monitor customer and increase engagement
CUST106722,0,0.3481866,34.82,Medium,Monitor,Monitor customer and increase engagement
CUST131715,1,0.34819368,34.82,Medium,Monitor,Monitor customer and increase engagement
CUST117139,0,0.34813738,34.81,Medium,Monitor,Monitor customer and increase engagement
CUST146581,0,0.3476734,34.77,Medium,Monitor,Monitor customer and increase engagement
CUST128294,0,0.34745324,34.75,Medium,Monitor,Monitor customer and increase engagement
CUST123960,0,0.34737262,34.74,Medium,Monitor,Monitor customer and increase engagement
CUST131067,0,0.34715584,34.72,Medium,Monitor,Monitor customer and increase engagement
CUST132894,1,0.34665442,34.67,Medium,Monitor,Monitor customer and increase engagement
CUST113219,0,0.34663698,34.66,Medium,Monitor,Monitor customer and increase engagement
CUST128772,1,0.34652093,34.65,Medium,Monitor,Monitor customer and increase engagement
CUST143610,1,0.3463644,34.64,Medium,Monitor,Monitor customer and increase engagement
CUST115687,0,0.34644645,34.64,Medium,Monitor,Monitor customer and increase engagement
CUST123233,1,0.34635887,34.64,Medium,Monitor,Monitor customer and increase engagement
CUST106054,0,0.3460605,34.61,Medium,Monitor,Monitor customer and increase engagement
CUST106896,0,0.3459484,34.59,Medium,Monitor,Monitor customer and increase engagement
CUST147280,0,0.34529948,34.53,Medium,Monitor,Monitor customer and increase engagement
CUST147280,0,0.34529948,34.53,Medium,Monitor,Monitor customer and increase engagement
CUST135606,0,0.34476653,34.48,Medium,Monitor,Monitor customer and increase engagement
CUST118534,0,0.34396806,34.4,Medium,Monitor,Monitor customer and increase engagement
CUST140973,0,0.3436348,34.36,Medium,Monitor,Monitor customer and increase engagement
CUST111027,0,0.343152,34.32,Medium,Monitor,Monitor customer and increase engagement
CUST126021,0,0.3426135,34.26,Medium,Monitor,Monitor customer and increase engagement
CUST100250,0,0.34252083,34.25,Medium,Monitor,Monitor customer and increase engagement
CUST121398,0,0.3424433,34.24,Medium,Monitor,Monitor customer and increase engagement
CUST121337,0,0.34184152,34.18,Medium,Monitor,Monitor customer and increase engagement
CUST130823,0,0.341776,34.18,Medium,Monitor,Monitor customer and increase engagement
CUST111786,0,0.34158617,34.16,Medium,Monitor,Monitor customer and increase engagement
CUST123753,0,0.3415976,34.16,Medium,Monitor,Monitor customer and increase engagement
CUST126301,0,0.34153116,34.15,Medium,Monitor,Monitor customer and increase engagement
CUST101761,0,0.34140962,34.14,Medium,Monitor,Monitor customer and increase engagement
CUST132410,1,0.34140584,34.14,Medium,Monitor,Monitor customer and increase engagement
CUST118375,1,0.34047106,34.05,Medium,Monitor,Monitor customer and increase engagement
CUST134000,0,0.34040126,34.04,Medium,Monitor,Monitor customer and increase engagement
CUST130050,0,0.34044066,34.04,Medium,Monitor,Monitor customer and increase engagement
CUST147278,0,0.33970153,33.97,Medium,Monitor,Monitor customer and increase engagement
CUST138972,0,0.33925956,33.93,Medium,Monitor,Monitor customer and increase engagement
CUST126370,0,0.3392367,33.92,Medium,Monitor,Monitor customer and increase engagement
CUST140945,1,0.33896846,33.9,Medium,Monitor,Monitor customer and increase engagement
CUST107994,0,0.33835566,33.84,Medium,Monitor,Monitor customer and increase engagement
CUST127007,1,0.33806863,33.81,Medium,Monitor,Monitor customer and increase engagement
CUST123415,0,0.33798158,33.8,Medium,Monitor,Monitor customer and increase engagement
CUST126793,1,0.33772925,33.77,Medium,Monitor,Monitor customer and increase engagement
CUST141211,0,0.33740506,33.74,Medium,Monitor,Monitor customer and increase engagement
CUST136850,0,0.33693004,33.69,Medium,Monitor,Monitor customer and increase engagement
CUST140745,0,0.33680573,33.68,Medium,Monitor,Monitor customer and increase engagement
CUST126367,0,0.33640867,33.64,Medium,Monitor,Monitor customer and increase engagement
CUST137224,0,0.33633956,33.63,Medium,Monitor,Monitor customer and increase engagement
CUST147426,0,0.33622143,33.62,Medium,Monitor,Monitor customer and increase engagement
CUST104303,1,0.33602807,33.6,Medium,Monitor,Monitor customer and increase engagement
CUST101527,1,0.3352808,33.53,Medium,Monitor,Monitor customer and increase engagement
CUST113425,0,0.33468238,33.47,Medium,Monitor,Monitor customer and increase engagement
CUST118361,0,0.33458874,33.46,Medium,Monitor,Monitor customer and increase engagement
CUST122043,0,0.33446744,33.45,Medium,Monitor,Monitor customer and increase engagement
CUST118497,0,0.33452225,33.45,Medium,Monitor,Monitor customer and increase engagement
CUST146400,1,0.33434933,33.43,Medium,Monitor,Monitor customer and increase engagement
CUST109371,1,0.3341086,33.41,Medium,Monitor,Monitor customer and increase engagement
CUST107141,0,0.3338531,33.39,Medium,Monitor,Monitor customer and increase engagement
CUST143627,0,0.33288696,33.29,Medium,Monitor,Monitor customer and increase engagement
CUST107185,0,0.33245695,33.25,Medium,Monitor,Monitor customer and increase engagement
CUST145158,0,0.33236822,33.24,Medium,Monitor,Monitor customer and increase engagement
CUST124752,0,0.3324469,33.24,Medium,Monitor,Monitor customer and increase engagement
CUST105522,1,0.3324171,33.24,Medium,Monitor,Monitor customer and increase engagement
CUST136506,1,0.33230874,33.23,Medium,Monitor,Monitor customer and increase engagement
CUST106935,1,0.33187878,33.19,Medium,Monitor,Monitor customer and increase engagement
CUST122994,0,0.33193332,33.19,Medium,Monitor,Monitor customer and increase engagement
CUST119987,0,0.3319468,33.19,Medium,Monitor,Monitor customer and increase engagement
CUST121320,1,0.33141795,33.14,Medium,Monitor,Monitor customer and increase engagement
CUST112677,1,0.33140838,33.14,Medium,Monitor,Monitor customer and increase engagement
CUST115994,0,0.3313456,33.13,Medium,Monitor,Monitor customer and increase engagement
CUST143971,0,0.3312023,33.12,Medium,Monitor,Monitor customer and increase engagement
CUST140278,1,0.33086377,33.09,Medium,Monitor,Monitor customer and increase engagement
CUST118878,0,0.33094722,33.09,Medium,Monitor,Monitor customer and increase engagement
CUST101990,0,0.3308193,33.08,Medium,Monitor,Monitor customer and increase engagement
CUST134801,0,0.33063695,33.06,Medium,Monitor,Monitor customer and increase engagement
CUST126073,0,0.33059627,33.06,Medium,Monitor,Monitor customer and increase engagement
CUST124594,0,0.33049938,33.05,Medium,Monitor,Monitor customer and increase engagement
CUST147164,0,0.3301278,33.01,Medium,Monitor,Monitor customer and increase engagement
CUST146518,1,0.32972002,32.97,Medium,Monitor,Monitor customer and increase engagement
CUST130349,0,0.32928088,32.93,Medium,Monitor,Monitor customer and increase engagement
CUST106190,0,0.32915977,32.92,Medium,Monitor,Monitor customer and increase engagement
CUST133601,0,0.3292229,32.92,Medium,Monitor,Monitor customer and increase engagement
CUST141717,0,0.32854667,32.85,Medium,Monitor,Monitor customer and increase engagement
CUST112759,0,0.3285274,32.85,Medium,Monitor,Monitor customer and increase engagement
CUST103459,0,0.32835758,32.84,Medium,Monitor,Monitor customer and increase engagement
CUST139265,1,0.3281072,32.81,Medium,Monitor,Monitor customer and increase engagement
CUST110171,1,0.3276182,32.76,Medium,Monitor,Monitor customer and increase engagement
CUST107989,0,0.3271841,32.72,Medium,Monitor,Monitor customer and increase engagement
CUST126943,1,0.3265586,32.66,Medium,Monitor,Monitor customer and increase engagement
CUST140789,0,0.3255187,32.55,Medium,Monitor,Monitor customer and increase engagement
CUST117625,0,0.32542795,32.54,Medium,Monitor,Monitor customer and increase engagement
CUST117693,0,0.32488382,32.49,Medium,Monitor,Monitor customer and increase engagement
CUST136691,1,0.32468036,32.47,Medium,Monitor,Monitor customer and increase engagement
CUST137208,0,0.32397893,32.4,Medium,Monitor,Monitor customer and increase engagement
CUST104304,0,0.32404742,32.4,Medium,Monitor,Monitor customer and increase engagement
CUST126786,0,0.32374316,32.37,Medium,Monitor,Monitor customer and increase engagement
CUST122834,0,0.32320628,32.32,Medium,Monitor,Monitor customer and increase engagement
CUST126156,0,0.3228736,32.29,Medium,Monitor,Monitor customer and increase engagement
CUST126156,0,0.3228736,32.29,Medium,Monitor,Monitor customer and increase engagement
CUST121228,0,0.32250112,32.25,Medium,Monitor,Monitor customer and increase engagement
CUST136079,0,0.32222578,32.22,Medium,Monitor,Monitor customer and increase engagement
CUST114303,0,0.32176542,32.18,Medium,Monitor,Monitor customer and increase engagement
CUST117874,0,0.3217751,32.18,Medium,Monitor,Monitor customer and increase engagement
CUST118378,0,0.3212429,32.12,Medium,Monitor,Monitor customer and increase engagement
CUST128776,0,0.32080078,32.08,Medium,Monitor,Monitor customer and increase engagement
CUST101685,0,0.3202269,32.02,Medium,Monitor,Monitor customer and increase engagement
CUST133122,0,0.32009968,32.01,Medium,Monitor,Monitor customer and increase engagement
CUST101787,0,0.3200783,32.01,Medium,Monitor,Monitor customer and increase engagement
CUST119382,1,0.31963888,31.96,Medium,Monitor,Monitor customer and increase engagement
CUST126341,0,0.31928623,31.93,Medium,Monitor,Monitor customer and increase engagement
CUST128262,0,0.31909066,31.91,Medium,Monitor,Monitor customer and increase engagement
CUST120438,0,0.31847668,31.85,Medium,Monitor,Monitor customer and increase engagement
CUST111186,0,0.31753612,31.75,Medium,Monitor,Monitor customer and increase engagement
CUST145834,0,0.31726623,31.73,Medium,Monitor,Monitor customer and increase engagement
CUST124975,0,0.31713054,31.71,Medium,Monitor,Monitor customer and increase engagement
CUST127547,0,0.31695458,31.7,Medium,Monitor,Monitor customer and increase engagement
CUST128496,0,0.3164735,31.65,Medium,Monitor,Monitor customer and increase engagement
CUST106570,1,0.31628013,31.63,Medium,Monitor,Monitor customer and increase engagement
CUST129473,0,0.31604522,31.6,Medium,Monitor,Monitor customer and increase engagement
CUST116119,0,0.3160185,31.6,Medium,Monitor,Monitor customer and increase engagement
CUST114205,0,0.3159264,31.59,Medium,Monitor,Monitor customer and increase engagement
CUST102170,1,0.3157456,31.57,Medium,Monitor,Monitor customer and increase engagement
CUST116520,0,0.31563005,31.56,Medium,Monitor,Monitor customer and increase engagement
CUST133218,0,0.31518665,31.52,Medium,Monitor,Monitor customer and increase engagement
CUST123336,1,0.31510985,31.51,Medium,Monitor,Monitor customer and increase engagement
CUST106549,0,0.31486782,31.49,Medium,Monitor,Monitor customer and increase engagement
CUST120507,0,0.3147803,31.48,Medium,Monitor,Monitor customer and increase engagement
CUST141531,0,0.3143066,31.43,Medium,Monitor,Monitor customer and increase engagement
CUST127352,0,0.31387013,31.39,Medium,Monitor,Monitor customer and increase engagement
CUST139929,0,0.31363854,31.36,Medium,Monitor,Monitor customer and increase engagement
CUST124227,1,0.31353524,31.35,Medium,Monitor,Monitor customer and increase engagement
CUST119917,0,0.3127707,31.28,Medium,Monitor,Monitor customer and increase engagement
CUST133452,1,0.31276083,31.28,Medium,Monitor,Monitor customer and increase engagement
CUST100050,0,0.31268725,31.27,Medium,Monitor,Monitor customer and increase engagement
CUST147710,0,0.31263787,31.26,Medium,Monitor,Monitor customer and increase engagement
CUST129402,0,0.31225115,31.23,Medium,Monitor,Monitor customer and increase engagement
CUST115005,0,0.31166124,31.17,Medium,Monitor,Monitor customer and increase engagement
CUST147988,0,0.31153867,31.15,Medium,Monitor,Monitor customer and increase engagement
CUST100007,1,0.31144923,31.14,Medium,Monitor,Monitor customer and increase engagement
CUST110976,0,0.31133005,31.13,Medium,Monitor,Monitor customer and increase engagement
CUST120597,0,0.31117013,31.12,Medium,Monitor,Monitor customer and increase engagement
CUST100968,1,0.31114408,31.11,Medium,Monitor,Monitor customer and increase engagement
CUST126743,0,0.31038684,31.04,Medium,Monitor,Monitor customer and increase engagement
CUST131638,0,0.3101905,31.02,Medium,Monitor,Monitor customer and increase engagement
CUST117297,1,0.31008843,31.01,Medium,Monitor,Monitor customer and increase engagement
CUST143112,0,0.30887896,30.89,Medium,Monitor,Monitor customer and increase engagement
CUST135827,1,0.30855307,30.86,Medium,Monitor,Monitor customer and increase engagement
CUST108386,1,0.30828503,30.83,Medium,Monitor,Monitor customer and increase engagement
CUST131154,0,0.30830744,30.83,Medium,Monitor,Monitor customer and increase engagement
CUST127014,0,0.30818194,30.82,Medium,Monitor,Monitor customer and increase engagement
CUST145138,0,0.30810633,30.81,Medium,Monitor,Monitor customer and increase engagement
CUST132013,0,0.30809835,30.81,Medium,Monitor,Monitor customer and increase engagement
CUST132142,1,0.30806327,30.81,Medium,Monitor,Monitor customer and increase engagement
CUST146910,0,0.30797303,30.8,Medium,Monitor,Monitor customer and increase engagement
CUST114432,0,0.30785784,30.79,Medium,Monitor,Monitor customer and increase engagement
CUST114647,1,0.30784166,30.78,Medium,Monitor,Monitor customer and increase engagement
CUST101556,0,0.30739254,30.74,Medium,Monitor,Monitor customer and increase engagement
CUST142036,0,0.30727798,30.73,Medium,Monitor,Monitor customer and increase engagement
CUST119951,0,0.3066157,30.66,Medium,Monitor,Monitor customer and increase engagement
CUST108013,0,0.3062504,30.63,Medium,Monitor,Monitor customer and increase engagement
CUST119980,1,0.30592093,30.59,Medium,Monitor,Monitor customer and increase engagement
CUST105805,0,0.3057925,30.58,Medium,Monitor,Monitor customer and increase engagement
CUST110998,0,0.30547643,30.55,Medium,Monitor,Monitor customer and increase engagement
CUST106640,0,0.30536452,30.54,Medium,Monitor,Monitor customer and increase engagement
CUST132402,1,0.305043,30.5,Medium,Monitor,Monitor customer and increase engagement
CUST143043,1,0.30466765,30.47,Medium,Monitor,Monitor customer and increase engagement
CUST146117,1,0.3044469,30.44,Medium,Monitor,Monitor customer and increase engagement
CUST132452,0,0.30426502,30.43,Medium,Monitor,Monitor customer and increase engagement
CUST125101,0,0.303645,30.36,Medium,Monitor,Monitor customer and increase engagement
CUST110084,0,0.3034907,30.35,Medium,Monitor,Monitor customer and increase engagement
CUST111076,0,0.30345145,30.35,Medium,Monitor,Monitor customer and increase engagement
CUST133208,0,0.30342722,30.34,Medium,Monitor,Monitor customer and increase engagement
CUST117020,0,0.30322286,30.32,Medium,Monitor,Monitor customer and increase engagement
CUST134567,0,0.30281404,30.28,Medium,Monitor,Monitor customer and increase engagement
CUST142057,0,0.30235934,30.24,Medium,Monitor,Monitor customer and increase engagement
CUST123215,1,0.30234617,30.23,Medium,Monitor,Monitor customer and increase engagement
CUST135120,0,0.3021119,30.21,Medium,Monitor,Monitor customer and increase engagement
CUST125822,0,0.30193073,30.19,Medium,Monitor,Monitor customer and increase engagement
CUST113565,0,0.30192435,30.19,Medium,Monitor,Monitor customer and increase engagement
CUST121396,0,0.30167672,30.17,Medium,Monitor,Monitor customer and increase engagement
CUST114212,0,0.30166024,30.17,Medium,Monitor,Monitor customer and increase engagement
CUST139225,0,0.30172145,30.17,Medium,Monitor,Monitor customer and increase engagement
CUST101122,0,0.30173847,30.17,Medium,Monitor,Monitor customer and increase engagement
CUST117662,1,0.30144474,30.14,Medium,Monitor,Monitor customer and increase engagement
CUST106304,0,0.30144855,30.14,Medium,Monitor,Monitor customer and increase engagement
CUST101690,0,0.3008599,30.09,Medium,Monitor,Monitor customer and increase engagement
CUST121301,0,0.30074352,30.07,Medium,Monitor,Monitor customer and increase engagement
CUST126697,0,0.30047423,30.05,Medium,Monitor,Monitor customer and increase engagement
CUST132066,1,0.30038983,30.04,Medium,Monitor,Monitor customer and increase engagement
CUST147617,0,0.3001895,30.02,Medium,Monitor,Monitor customer and increase engagement
CUST101643,0,0.29962248,29.96,Low,Normal,Normal service and loyalty strategy
CUST120405,0,0.2987988,29.88,Low,Normal,Normal service and loyalty strategy
CUST130460,0,0.29861417,29.86,Low,Normal,Normal service and loyalty strategy
CUST133274,0,0.29839215,29.84,Low,Normal,Normal service and loyalty strategy
CUST125961,0,0.2983376,29.83,Low,Normal,Normal service and loyalty strategy
CUST136979,0,0.29821724,29.82,Low,Normal,Normal service and loyalty strategy
CUST102593,0,0.29811814,29.81,Low,Normal,Normal service and loyalty strategy
CUST136709,0,0.297993,29.8,Low,Normal,Normal service and loyalty strategy
CUST140087,0,0.2976839,29.77,Low,Normal,Normal service and loyalty strategy
CUST104937,0,0.29749185,29.75,Low,Normal,Normal service and loyalty strategy
CUST108182,0,0.29749608,29.75,Low,Normal,Normal service and loyalty strategy
CUST135869,0,0.29728556,29.73,Low,Normal,Normal service and loyalty strategy
CUST107159,0,0.29717442,29.72,Low,Normal,Normal service and loyalty strategy
CUST108164,0,0.29713902,29.71,Low,Normal,Normal service and loyalty strategy
CUST118995,1,0.2969594,29.7,Low,Normal,Normal service and loyalty strategy
CUST125454,1,0.29682958,29.68,Low,Normal,Normal service and loyalty strategy
CUST143467,0,0.29656622,29.66,Low,Normal,Normal service and loyalty strategy
CUST117488,0,0.29630738,29.63,Low,Normal,Normal service and loyalty strategy
CUST137167,0,0.29633987,29.63,Low,Normal,Normal service and loyalty strategy
CUST131072,0,0.29603255,29.6,Low,Normal,Normal service and loyalty strategy
CUST131241,0,0.2957124,29.57,Low,Normal,Normal service and loyalty strategy
CUST105985,0,0.29557002,29.56,Low,Normal,Normal service and loyalty strategy
CUST108120,0,0.29475036,29.48,Low,Normal,Normal service and loyalty strategy
CUST126803,0,0.29466242,29.47,Low,Normal,Normal service and loyalty strategy
CUST120309,0,0.29466593,29.47,Low,Normal,Normal service and loyalty strategy
CUST113075,0,0.29453686,29.45,Low,Normal,Normal service and loyalty strategy
CUST139423,1,0.29414168,29.41,Low,Normal,Normal service and loyalty strategy
CUST124221,0,0.29397532,29.4,Low,Normal,Normal service and loyalty strategy
CUST133204,1,0.29386,29.39,Low,Normal,Normal service and loyalty strategy
CUST125817,0,0.29359022,29.36,Low,Normal,Normal service and loyalty strategy
CUST144026,0,0.29357147,29.36,Low,Normal,Normal service and loyalty strategy
CUST116163,0,0.29339534,29.34,Low,Normal,Normal service and loyalty strategy
CUST146726,1,0.29327172,29.33,Low,Normal,Normal service and loyalty strategy
CUST133859,1,0.2930665,29.31,Low,Normal,Normal service and loyalty strategy
CUST136410,0,0.29276833,29.28,Low,Normal,Normal service and loyalty strategy
CUST135414,1,0.29185075,29.19,Low,Normal,Normal service and loyalty strategy
CUST132327,1,0.2914845,29.15,Low,Normal,Normal service and loyalty strategy
CUST106612,1,0.29126862,29.13,Low,Normal,Normal service and loyalty strategy
CUST136089,1,0.2912319,29.12,Low,Normal,Normal service and loyalty strategy
CUST111618,0,0.29095182,29.1,Low,Normal,Normal service and loyalty strategy
CUST101623,0,0.2905513,29.06,Low,Normal,Normal service and loyalty strategy
CUST147770,1,0.29045856,29.05,Low,Normal,Normal service and loyalty strategy
CUST146998,0,0.2902051,29.02,Low,Normal,Normal service and loyalty strategy
CUST110029,1,0.28984126,28.98,Low,Normal,Normal service and loyalty strategy
CUST136620,0,0.28888243,28.89,Low,Normal,Normal service and loyalty strategy
CUST141325,0,0.28888863,28.89,Low,Normal,Normal service and loyalty strategy
CUST137320,0,0.28889725,28.89,Low,Normal,Normal service and loyalty strategy
CUST142105,0,0.28877947,28.88,Low,Normal,Normal service and loyalty strategy
CUST142043,0,0.28879666,28.88,Low,Normal,Normal service and loyalty strategy
CUST114195,0,0.28862402,28.86,Low,Normal,Normal service and loyalty strategy
CUST140002,0,0.2883148,28.83,Low,Normal,Normal service and loyalty strategy
CUST111503,1,0.28822786,28.82,Low,Normal,Normal service and loyalty strategy
CUST122487,0,0.2878525,28.79,Low,Normal,Normal service and loyalty strategy
CUST104177,0,0.28791577,28.79,Low,Normal,Normal service and loyalty strategy
CUST110959,0,0.28784004,28.78,Low,Normal,Normal service and loyalty strategy
CUST105370,0,0.28773427,28.77,Low,Normal,Normal service and loyalty strategy
CUST113853,1,0.28632906,28.63,Low,Normal,Normal service and loyalty strategy
CUST145045,0,0.28620452,28.62,Low,Normal,Normal service and loyalty strategy
CUST139975,0,0.28615195,28.62,Low,Normal,Normal service and loyalty strategy
CUST132240,0,0.28613317,28.61,Low,Normal,Normal service and loyalty strategy
CUST133858,1,0.28561014,28.56,Low,Normal,Normal service and loyalty strategy
CUST132245,0,0.28554767,28.55,Low,Normal,Normal service and loyalty strategy
CUST121951,1,0.28543553,28.54,Low,Normal,Normal service and loyalty strategy
CUST118285,0,0.2852138,28.52,Low,Normal,Normal service and loyalty strategy
CUST133912,1,0.28458637,28.46,Low,Normal,Normal service and loyalty strategy
CUST108416,1,0.28451183,28.45,Low,Normal,Normal service and loyalty strategy
CUST139556,0,0.28444916,28.44,Low,Normal,Normal service and loyalty strategy
CUST124706,0,0.28344604,28.34,Low,Normal,Normal service and loyalty strategy
CUST128136,0,0.2831798,28.32,Low,Normal,Normal service and loyalty strategy
CUST130394,0,0.28323597,28.32,Low,Normal,Normal service and loyalty strategy
CUST103609,0,0.282751,28.28,Low,Normal,Normal service and loyalty strategy
CUST133500,0,0.2828457,28.28,Low,Normal,Normal service and loyalty strategy
CUST101571,0,0.2826349,28.26,Low,Normal,Normal service and loyalty strategy
CUST101571,0,0.2826349,28.26,Low,Normal,Normal service and loyalty strategy
CUST143503,0,0.28243306,28.24,Low,Normal,Normal service and loyalty strategy
CUST131651,0,0.28200775,28.2,Low,Normal,Normal service and loyalty strategy
CUST145374,0,0.28183028,28.18,Low,Normal,Normal service and loyalty strategy
CUST113130,0,0.28175765,28.18,Low,Normal,Normal service and loyalty strategy
CUST132016,0,0.28149372,28.15,Low,Normal,Normal service and loyalty strategy
CUST109406,1,0.2815441,28.15,Low,Normal,Normal service and loyalty strategy
CUST102732,0,0.28133023,28.13,Low,Normal,Normal service and loyalty strategy
CUST121184,0,0.28112713,28.11,Low,Normal,Normal service and loyalty strategy
CUST126618,1,0.28085798,28.09,Low,Normal,Normal service and loyalty strategy
CUST116599,1,0.28068304,28.07,Low,Normal,Normal service and loyalty strategy
CUST104234,0,0.28058448,28.06,Low,Normal,Normal service and loyalty strategy
CUST107238,0,0.28048387,28.05,Low,Normal,Normal service and loyalty strategy
CUST120915,0,0.28037935,28.04,Low,Normal,Normal service and loyalty strategy
CUST132640,0,0.28026187,28.03,Low,Normal,Normal service and loyalty strategy
CUST147122,0,0.28017616,28.02,Low,Normal,Normal service and loyalty strategy
CUST127687,0,0.2791231,27.91,Low,Normal,Normal service and loyalty strategy
CUST138103,0,0.27872705,27.87,Low,Normal,Normal service and loyalty strategy
CUST111201,0,0.27795774,27.8,Low,Normal,Normal service and loyalty strategy
CUST145196,0,0.278004,27.8,Low,Normal,Normal service and loyalty strategy
CUST132009,0,0.2778218,27.78,Low,Normal,Normal service and loyalty strategy
CUST142576,1,0.2775417,27.75,Low,Normal,Normal service and loyalty strategy
CUST130905,0,0.27709302,27.71,Low,Normal,Normal service and loyalty strategy
CUST130273,0,0.27685064,27.69,Low,Normal,Normal service and loyalty strategy
CUST104682,0,0.2768265,27.68,Low,Normal,Normal service and loyalty strategy
CUST117704,0,0.27670905,27.67,Low,Normal,Normal service and loyalty strategy
CUST144876,0,0.27630562,27.63,Low,Normal,Normal service and loyalty strategy
CUST103105,0,0.2755649,27.56,Low,Normal,Normal service and loyalty strategy
CUST126480,0,0.2752548,27.53,Low,Normal,Normal service and loyalty strategy
CUST143110,1,0.2752859,27.53,Low,Normal,Normal service and loyalty strategy
CUST145021,0,0.27513987,27.51,Low,Normal,Normal service and loyalty strategy
CUST142438,0,0.27436844,27.44,Low,Normal,Normal service and loyalty strategy
CUST112288,1,0.27435336,27.44,Low,Normal,Normal service and loyalty strategy
CUST109225,1,0.27429006,27.43,Low,Normal,Normal service and loyalty strategy
CUST114545,0,0.27408794,27.41,Low,Normal,Normal service and loyalty strategy
CUST108639,0,0.27398035,27.4,Low,Normal,Normal service and loyalty strategy
CUST110277,1,0.27369526,27.37,Low,Normal,Normal service and loyalty strategy
CUST120453,0,0.27337444,27.34,Low,Normal,Normal service and loyalty strategy
CUST130424,0,0.27333036,27.33,Low,Normal,Normal service and loyalty strategy
CUST137525,0,0.27310726,27.31,Low,Normal,Normal service and loyalty strategy
CUST121387,0,0.2730122,27.3,Low,Normal,Normal service and loyalty strategy
CUST105710,0,0.2725381,27.25,Low,Normal,Normal service and loyalty strategy
CUST100558,0,0.272038,27.2,Low,Normal,Normal service and loyalty strategy
CUST128833,1,0.27145648,27.15,Low,Normal,Normal service and loyalty strategy
CUST102175,0,0.27002075,27.0,Low,Normal,Normal service and loyalty strategy
CUST144308,0,0.26983246,26.98,Low,Normal,Normal service and loyalty strategy
CUST120854,0,0.26974672,26.97,Low,Normal,Normal service and loyalty strategy
CUST130421,0,0.26927936,26.93,Low,Normal,Normal service and loyalty strategy
CUST123595,0,0.2686773,26.87,Low,Normal,Normal service and loyalty strategy
CUST145902,0,0.2686573,26.87,Low,Normal,Normal service and loyalty strategy
CUST109648,0,0.26814932,26.81,Low,Normal,Normal service and loyalty strategy
CUST122058,0,0.26699057,26.7,Low,Normal,Normal service and loyalty strategy
CUST123783,0,0.26643175,26.64,Low,Normal,Normal service and loyalty strategy
CUST137861,0,0.2661447,26.61,Low,Normal,Normal service and loyalty strategy
CUST133380,0,0.26530996,26.53,Low,Normal,Normal service and loyalty strategy
CUST114241,1,0.26515892,26.52,Low,Normal,Normal service and loyalty strategy
CUST103747,0,0.26498464,26.5,Low,Normal,Normal service and loyalty strategy
CUST134726,0,0.26458916,26.46,Low,Normal,Normal service and loyalty strategy
CUST122301,0,0.2644672,26.45,Low,Normal,Normal service and loyalty strategy
CUST112153,0,0.2642852,26.43,Low,Normal,Normal service and loyalty strategy
CUST109235,0,0.2642208,26.42,Low,Normal,Normal service and loyalty strategy
CUST147771,0,0.26417232,26.42,Low,Normal,Normal service and loyalty strategy
CUST117177,0,0.26407254,26.41,Low,Normal,Normal service and loyalty strategy
CUST137834,0,0.2640227,26.4,Low,Normal,Normal service and loyalty strategy
CUST144070,0,0.2640335,26.4,Low,Normal,Normal service and loyalty strategy
CUST106645,0,0.2636651,26.37,Low,Normal,Normal service and loyalty strategy
CUST100371,0,0.26353535,26.35,Low,Normal,Normal service and loyalty strategy
CUST123513,0,0.26336017,26.34,Low,Normal,Normal service and loyalty strategy
CUST112297,1,0.26316434,26.32,Low,Normal,Normal service and loyalty strategy
CUST126539,0,0.2632204,26.32,Low,Normal,Normal service and loyalty strategy
CUST109926,0,0.2630509,26.31,Low,Normal,Normal service and loyalty strategy
CUST116730,0,0.26313707,26.31,Low,Normal,Normal service and loyalty strategy
CUST121625,0,0.26298493,26.3,Low,Normal,Normal service and loyalty strategy
CUST130300,0,0.26287702,26.29,Low,Normal,Normal service and loyalty strategy
CUST115455,1,0.26265058,26.27,Low,Normal,Normal service and loyalty strategy
CUST118252,0,0.26253384,26.25,Low,Normal,Normal service and loyalty strategy
CUST141096,0,0.2624188,26.24,Low,Normal,Normal service and loyalty strategy
CUST128689,0,0.2623994,26.24,Low,Normal,Normal service and loyalty strategy
CUST143341,0,0.26195738,26.2,Low,Normal,Normal service and loyalty strategy
CUST132669,0,0.26154986,26.15,Low,Normal,Normal service and loyalty strategy
CUST143517,0,0.26103187,26.1,Low,Normal,Normal service and loyalty strategy
CUST141054,0,0.26055485,26.06,Low,Normal,Normal service and loyalty strategy
CUST107213,0,0.260453,26.05,Low,Normal,Normal service and loyalty strategy
CUST146924,0,0.2604192,26.04,Low,Normal,Normal service and loyalty strategy
CUST143638,0,0.25954646,25.95,Low,Normal,Normal service and loyalty strategy
CUST113090,0,0.2592546,25.93,Low,Normal,Normal service and loyalty strategy
CUST110418,0,0.25886977,25.89,Low,Normal,Normal service and loyalty strategy
CUST132371,0,0.25871447,25.87,Low,Normal,Normal service and loyalty strategy
CUST102561,0,0.2583349,25.83,Low,Normal,Normal service and loyalty strategy
CUST110292,0,0.25828212,25.83,Low,Normal,Normal service and loyalty strategy
CUST105077,0,0.25823393,25.82,Low,Normal,Normal service and loyalty strategy
CUST132764,0,0.2580879,25.81,Low,Normal,Normal service and loyalty strategy
CUST138717,0,0.2573261,25.73,Low,Normal,Normal service and loyalty strategy
CUST133724,0,0.2571354,25.71,Low,Normal,Normal service and loyalty strategy
CUST126831,0,0.25674942,25.67,Low,Normal,Normal service and loyalty strategy
CUST142552,0,0.25598475,25.6,Low,Normal,Normal service and loyalty strategy
CUST135245,0,0.25602898,25.6,Low,Normal,Normal service and loyalty strategy
CUST127350,0,0.25574106,25.57,Low,Normal,Normal service and loyalty strategy
CUST125509,0,0.255601,25.56,Low,Normal,Normal service and loyalty strategy
CUST101706,0,0.25528938,25.53,Low,Normal,Normal service and loyalty strategy
CUST125642,0,0.25531152,25.53,Low,Normal,Normal service and loyalty strategy
CUST109482,0,0.25530946,25.53,Low,Normal,Normal service and loyalty strategy
CUST101169,1,0.25496963,25.5,Low,Normal,Normal service and loyalty strategy
CUST131446,0,0.2546735,25.47,Low,Normal,Normal service and loyalty strategy
CUST131916,0,0.25455183,25.46,Low,Normal,Normal service and loyalty strategy
CUST109351,0,0.25449198,25.45,Low,Normal,Normal service and loyalty strategy
CUST113930,0,0.2540654,25.41,Low,Normal,Normal service and loyalty strategy
CUST122532,1,0.25396797,25.4,Low,Normal,Normal service and loyalty strategy
CUST117452,0,0.25381002,25.38,Low,Normal,Normal service and loyalty strategy
CUST126493,0,0.25372696,25.37,Low,Normal,Normal service and loyalty strategy
CUST146914,0,0.25247926,25.25,Low,Normal,Normal service and loyalty strategy
CUST100024,0,0.25233594,25.23,Low,Normal,Normal service and loyalty strategy
CUST133964,0,0.25222144,25.22,Low,Normal,Normal service and loyalty strategy
CUST146556,0,0.25212228,25.21,Low,Normal,Normal service and loyalty strategy
CUST134599,1,0.2515231,25.15,Low,Normal,Normal service and loyalty strategy
CUST140301,0,0.25154576,25.15,Low,Normal,Normal service and loyalty strategy
CUST101814,0,0.25065345,25.07,Low,Normal,Normal service and loyalty strategy
CUST141202,0,0.25007653,25.01,Low,Normal,Normal service and loyalty strategy
CUST101580,0,0.24993886,24.99,Low,Normal,Normal service and loyalty strategy
CUST104020,0,0.24975571,24.98,Low,Normal,Normal service and loyalty strategy
CUST123267,0,0.24964258,24.96,Low,Normal,Normal service and loyalty strategy
CUST105105,0,0.24944507,24.94,Low,Normal,Normal service and loyalty strategy
CUST147042,1,0.24929461,24.93,Low,Normal,Normal service and loyalty strategy
CUST135476,0,0.2493288,24.93,Low,Normal,Normal service and loyalty strategy
CUST119609,1,0.2487975,24.88,Low,Normal,Normal service and loyalty strategy
CUST109392,1,0.24861246,24.86,Low,Normal,Normal service and loyalty strategy
CUST101858,0,0.24862012,24.86,Low,Normal,Normal service and loyalty strategy
CUST114927,0,0.2484087,24.84,Low,Normal,Normal service and loyalty strategy
CUST126732,1,0.24837296,24.84,Low,Normal,Normal service and loyalty strategy
CUST139318,1,0.24831596,24.83,Low,Normal,Normal service and loyalty strategy
CUST139666,0,0.24833922,24.83,Low,Normal,Normal service and loyalty strategy
CUST112347,0,0.2482302,24.82,Low,Normal,Normal service and loyalty strategy
CUST130609,0,0.24824554,24.82,Low,Normal,Normal service and loyalty strategy
CUST112347,0,0.2482302,24.82,Low,Normal,Normal service and loyalty strategy
CUST113924,0,0.2479076,24.79,Low,Normal,Normal service and loyalty strategy
CUST138918,0,0.24769926,24.77,Low,Normal,Normal service and loyalty strategy
CUST144470,0,0.24769251,24.77,Low,Normal,Normal service and loyalty strategy
CUST136478,0,0.24769783,24.77,Low,Normal,Normal service and loyalty strategy
CUST145431,0,0.24758168,24.76,Low,Normal,Normal service and loyalty strategy
CUST122531,1,0.24750568,24.75,Low,Normal,Normal service and loyalty strategy
CUST102505,0,0.24658237,24.66,Low,Normal,Normal service and loyalty strategy
CUST147449,0,0.24660788,24.66,Low,Normal,Normal service and loyalty strategy
CUST123514,0,0.24613895,24.61,Low,Normal,Normal service and loyalty strategy
CUST107561,0,0.24568063,24.57,Low,Normal,Normal service and loyalty strategy
CUST117846,1,0.24572583,24.57,Low,Normal,Normal service and loyalty strategy
CUST119753,1,0.24532415,24.53,Low,Normal,Normal service and loyalty strategy
CUST110623,0,0.24486081,24.49,Low,Normal,Normal service and loyalty strategy
CUST141622,0,0.24440241,24.44,Low,Normal,Normal service and loyalty strategy
CUST120323,0,0.24375613,24.38,Low,Normal,Normal service and loyalty strategy
CUST143864,0,0.24339227,24.34,Low,Normal,Normal service and loyalty strategy
CUST127093,1,0.24300724,24.3,Low,Normal,Normal service and loyalty strategy
CUST103481,1,0.24251042,24.25,Low,Normal,Normal service and loyalty strategy
CUST113602,1,0.2423113,24.23,Low,Normal,Normal service and loyalty strategy
CUST146996,0,0.2422241,24.22,Low,Normal,Normal service and loyalty strategy
CUST106524,0,0.242153,24.22,Low,Normal,Normal service and loyalty strategy
CUST121163,0,0.24207737,24.21,Low,Normal,Normal service and loyalty strategy
CUST145048,0,0.24201024,24.2,Low,Normal,Normal service and loyalty strategy
CUST146380,0,0.24193124,24.19,Low,Normal,Normal service and loyalty strategy
CUST101997,0,0.24178907,24.18,Low,Normal,Normal service and loyalty strategy
CUST123705,0,0.24162288,24.16,Low,Normal,Normal service and loyalty strategy
CUST109217,0,0.24144532,24.14,Low,Normal,Normal service and loyalty strategy
CUST136727,0,0.24135889,24.14,Low,Normal,Normal service and loyalty strategy
CUST126801,0,0.24143536,24.14,Low,Normal,Normal service and loyalty strategy
CUST100031,0,0.24117798,24.12,Low,Normal,Normal service and loyalty strategy
CUST121001,0,0.24102353,24.1,Low,Normal,Normal service and loyalty strategy
CUST120313,1,0.2409329,24.09,Low,Normal,Normal service and loyalty strategy
CUST136235,0,0.2407877,24.08,Low,Normal,Normal service and loyalty strategy
CUST145473,1,0.24061453,24.06,Low,Normal,Normal service and loyalty strategy
CUST147972,0,0.24048585,24.05,Low,Normal,Normal service and loyalty strategy
CUST132168,0,0.24052162,24.05,Low,Normal,Normal service and loyalty strategy
CUST118478,0,0.24045852,24.05,Low,Normal,Normal service and loyalty strategy
CUST125770,0,0.24038203,24.04,Low,Normal,Normal service and loyalty strategy
CUST136863,0,0.24032919,24.03,Low,Normal,Normal service and loyalty strategy
CUST124307,0,0.23977661,23.98,Low,Normal,Normal service and loyalty strategy
CUST128412,1,0.23951778,23.95,Low,Normal,Normal service and loyalty strategy
CUST112579,1,0.23952685,23.95,Low,Normal,Normal service and loyalty strategy
CUST106979,0,0.23934138,23.93,Low,Normal,Normal service and loyalty strategy
CUST117571,1,0.23850347,23.85,Low,Normal,Normal service and loyalty strategy
CUST115122,1,0.23811004,23.81,Low,Normal,Normal service and loyalty strategy
CUST122663,0,0.23801556,23.8,Low,Normal,Normal service and loyalty strategy
CUST130994,0,0.23772667,23.77,Low,Normal,Normal service and loyalty strategy
CUST129382,0,0.23761867,23.76,Low,Normal,Normal service and loyalty strategy
CUST103612,0,0.2375271,23.75,Low,Normal,Normal service and loyalty strategy
CUST143682,0,0.23742768,23.74,Low,Normal,Normal service and loyalty strategy
CUST142163,0,0.23736332,23.74,Low,Normal,Normal service and loyalty strategy
CUST142570,0,0.23715852,23.72,Low,Normal,Normal service and loyalty strategy
CUST145353,0,0.23723525,23.72,Low,Normal,Normal service and loyalty strategy
CUST139607,0,0.23705761,23.71,Low,Normal,Normal service and loyalty strategy
CUST106895,1,0.23694871,23.69,Low,Normal,Normal service and loyalty strategy
CUST135522,1,0.23656105,23.66,Low,Normal,Normal service and loyalty strategy
CUST111722,0,0.23620695,23.62,Low,Normal,Normal service and loyalty strategy
CUST115281,0,0.23571979,23.57,Low,Normal,Normal service and loyalty strategy
CUST129668,1,0.23562354,23.56,Low,Normal,Normal service and loyalty strategy
CUST102987,0,0.23552497,23.55,Low,Normal,Normal service and loyalty strategy
CUST130012,1,0.23485933,23.49,Low,Normal,Normal service and loyalty strategy
CUST142273,0,0.23475428,23.48,Low,Normal,Normal service and loyalty strategy
CUST106797,0,0.23441814,23.44,Low,Normal,Normal service and loyalty strategy
CUST140584,0,0.23405378,23.41,Low,Normal,Normal service and loyalty strategy
CUST139030,0,0.23414631,23.41,Low,Normal,Normal service and loyalty strategy
CUST127246,0,0.2339726,23.4,Low,Normal,Normal service and loyalty strategy
CUST143088,0,0.23379454,23.38,Low,Normal,Normal service and loyalty strategy
CUST131160,0,0.23367487,23.37,Low,Normal,Normal service and loyalty strategy
CUST135335,0,0.23307982,23.31,Low,Normal,Normal service and loyalty strategy
CUST110845,0,0.23269422,23.27,Low,Normal,Normal service and loyalty strategy
CUST105070,0,0.23270406,23.27,Low,Normal,Normal service and loyalty strategy
CUST110871,0,0.23220508,23.22,Low,Normal,Normal service and loyalty strategy
CUST127483,0,0.23150966,23.15,Low,Normal,Normal service and loyalty strategy
CUST116192,0,0.23132263,23.13,Low,Normal,Normal service and loyalty strategy
CUST145201,0,0.23115256,23.12,Low,Normal,Normal service and loyalty strategy
CUST115885,1,0.23107931,23.11,Low,Normal,Normal service and loyalty strategy
CUST114955,1,0.23060061,23.06,Low,Normal,Normal service and loyalty strategy
CUST102708,0,0.23052816,23.05,Low,Normal,Normal service and loyalty strategy
CUST121945,0,0.23044127,23.04,Low,Normal,Normal service and loyalty strategy
CUST119238,1,0.23014541,23.01,Low,Normal,Normal service and loyalty strategy
CUST108255,0,0.2299231,22.99,Low,Normal,Normal service and loyalty strategy
CUST103444,0,0.22977218,22.98,Low,Normal,Normal service and loyalty strategy
CUST122853,0,0.22960727,22.96,Low,Normal,Normal service and loyalty strategy
CUST101826,0,0.22955376,22.96,Low,Normal,Normal service and loyalty strategy
CUST102405,0,0.22953005,22.95,Low,Normal,Normal service and loyalty strategy
CUST137417,1,0.22935897,22.94,Low,Normal,Normal service and loyalty strategy
CUST117713,0,0.2294041,22.94,Low,Normal,Normal service and loyalty strategy
CUST127857,0,0.22878857,22.88,Low,Normal,Normal service and loyalty strategy
CUST146158,0,0.22848502,22.85,Low,Normal,Normal service and loyalty strategy
CUST121496,0,0.2277446,22.77,Low,Normal,Normal service and loyalty strategy
CUST134618,0,0.22732684,22.73,Low,Normal,Normal service and loyalty strategy
CUST119159,0,0.22706865,22.71,Low,Normal,Normal service and loyalty strategy
CUST132353,0,0.22713923,22.71,Low,Normal,Normal service and loyalty strategy
CUST105428,1,0.22682369,22.68,Low,Normal,Normal service and loyalty strategy
CUST119161,0,0.22664998,22.66,Low,Normal,Normal service and loyalty strategy
CUST139779,0,0.22605088,22.61,Low,Normal,Normal service and loyalty strategy
CUST134857,0,0.22590753,22.59,Low,Normal,Normal service and loyalty strategy
CUST123601,0,0.2258664,22.59,Low,Normal,Normal service and loyalty strategy
CUST123737,0,0.22538827,22.54,Low,Normal,Normal service and loyalty strategy
CUST104383,0,0.22490081,22.49,Low,Normal,Normal service and loyalty strategy
CUST141324,0,0.22480716,22.48,Low,Normal,Normal service and loyalty strategy
CUST123984,0,0.22473985,22.47,Low,Normal,Normal service and loyalty strategy
CUST144565,0,0.22420506,22.42,Low,Normal,Normal service and loyalty strategy
CUST131418,0,0.22400138,22.4,Low,Normal,Normal service and loyalty strategy
CUST127411,1,0.2238015,22.38,Low,Normal,Normal service and loyalty strategy
CUST147572,0,0.22330667,22.33,Low,Normal,Normal service and loyalty strategy
CUST122655,0,0.22318365,22.32,Low,Normal,Normal service and loyalty strategy
CUST115758,0,0.2229088,22.29,Low,Normal,Normal service and loyalty strategy
CUST109498,0,0.22268446,22.27,Low,Normal,Normal service and loyalty strategy
CUST123790,0,0.22263904,22.26,Low,Normal,Normal service and loyalty strategy
CUST124025,0,0.22255573,22.26,Low,Normal,Normal service and loyalty strategy
CUST117362,0,0.22197261,22.2,Low,Normal,Normal service and loyalty strategy
CUST119025,0,0.22173744,22.17,Low,Normal,Normal service and loyalty strategy
CUST125263,0,0.22135423,22.14,Low,Normal,Normal service and loyalty strategy
CUST139224,0,0.22106656,22.11,Low,Normal,Normal service and loyalty strategy
CUST132683,0,0.22090827,22.09,Low,Normal,Normal service and loyalty strategy
CUST124696,0,0.22054219,22.05,Low,Normal,Normal service and loyalty strategy
CUST138111,0,0.2203187,22.03,Low,Normal,Normal service and loyalty strategy
CUST128777,1,0.22015883,22.02,Low,Normal,Normal service and loyalty strategy
CUST133441,0,0.2199264,21.99,Low,Normal,Normal service and loyalty strategy
CUST108732,0,0.21918955,21.92,Low,Normal,Normal service and loyalty strategy
CUST134002,0,0.21913627,21.91,Low,Normal,Normal service and loyalty strategy
CUST113202,0,0.21900313,21.9,Low,Normal,Normal service and loyalty strategy
CUST111560,0,0.21839714,21.84,Low,Normal,Normal service and loyalty strategy
CUST136769,0,0.21784008,21.78,Low,Normal,Normal service and loyalty strategy
CUST103530,0,0.21761858,21.76,Low,Normal,Normal service and loyalty strategy
CUST102061,0,0.21725157,21.73,Low,Normal,Normal service and loyalty strategy
CUST144176,0,0.21688704,21.69,Low,Normal,Normal service and loyalty strategy
CUST107718,0,0.21685843,21.69,Low,Normal,Normal service and loyalty strategy
CUST120962,0,0.21674812,21.67,Low,Normal,Normal service and loyalty strategy
CUST100504,0,0.21636166,21.64,Low,Normal,Normal service and loyalty strategy
CUST136949,1,0.2163926,21.64,Low,Normal,Normal service and loyalty strategy
CUST130227,0,0.21605232,21.61,Low,Normal,Normal service and loyalty strategy
CUST103397,0,0.21493469,21.49,Low,Normal,Normal service and loyalty strategy
CUST100736,0,0.21439296,21.44,Low,Normal,Normal service and loyalty strategy
CUST127452,1,0.21435314,21.44,Low,Normal,Normal service and loyalty strategy
CUST109773,0,0.21424136,21.42,Low,Normal,Normal service and loyalty strategy
CUST129239,1,0.2138366,21.38,Low,Normal,Normal service and loyalty strategy
CUST125268,0,0.21384704,21.38,Low,Normal,Normal service and loyalty strategy
CUST107361,0,0.21377042,21.38,Low,Normal,Normal service and loyalty strategy
CUST136690,0,0.21337885,21.34,Low,Normal,Normal service and loyalty strategy
CUST141582,0,0.21329696,21.33,Low,Normal,Normal service and loyalty strategy
CUST114185,0,0.21309203,21.31,Low,Normal,Normal service and loyalty strategy
CUST147814,0,0.21279462,21.28,Low,Normal,Normal service and loyalty strategy
CUST122431,0,0.21237038,21.24,Low,Normal,Normal service and loyalty strategy
CUST137435,0,0.21241508,21.24,Low,Normal,Normal service and loyalty strategy
CUST136492,0,0.21180104,21.18,Low,Normal,Normal service and loyalty strategy
CUST101413,0,0.21174529,21.17,Low,Normal,Normal service and loyalty strategy
CUST136451,0,0.21170723,21.17,Low,Normal,Normal service and loyalty strategy
CUST142426,0,0.21108994,21.11,Low,Normal,Normal service and loyalty strategy
CUST146401,0,0.2109373,21.09,Low,Normal,Normal service and loyalty strategy
CUST141961,0,0.21082401,21.08,Low,Normal,Normal service and loyalty strategy
CUST146320,0,0.21055308,21.06,Low,Normal,Normal service and loyalty strategy
CUST139966,0,0.21045266,21.05,Low,Normal,Normal service and loyalty strategy
CUST124374,0,0.21054618,21.05,Low,Normal,Normal service and loyalty strategy
CUST123539,0,0.21041703,21.04,Low,Normal,Normal service and loyalty strategy
CUST147273,0,0.21013924,21.01,Low,Normal,Normal service and loyalty strategy
CUST136702,0,0.21003892,21.0,Low,Normal,Normal service and loyalty strategy
CUST136453,0,0.2099573,21.0,Low,Normal,Normal service and loyalty strategy
CUST136383,0,0.20974375,20.97,Low,Normal,Normal service and loyalty strategy
CUST119351,1,0.20974839,20.97,Low,Normal,Normal service and loyalty strategy
CUST118854,0,0.20937371,20.94,Low,Normal,Normal service and loyalty strategy
CUST142967,0,0.20931603,20.93,Low,Normal,Normal service and loyalty strategy
CUST140757,0,0.20928492,20.93,Low,Normal,Normal service and loyalty strategy
CUST101490,0,0.20918052,20.92,Low,Normal,Normal service and loyalty strategy
CUST134304,0,0.20850997,20.85,Low,Normal,Normal service and loyalty strategy
CUST125641,0,0.20797674,20.8,Low,Normal,Normal service and loyalty strategy
CUST106986,0,0.20770207,20.77,Low,Normal,Normal service and loyalty strategy
CUST114561,0,0.20739494,20.74,Low,Normal,Normal service and loyalty strategy
CUST103140,0,0.20685814,20.69,Low,Normal,Normal service and loyalty strategy
CUST135653,0,0.20676412,20.68,Low,Normal,Normal service and loyalty strategy
CUST100365,0,0.2064845,20.65,Low,Normal,Normal service and loyalty strategy
CUST108836,0,0.20641315,20.64,Low,Normal,Normal service and loyalty strategy
CUST118638,0,0.20587954,20.59,Low,Normal,Normal service and loyalty strategy
CUST128106,0,0.20594425,20.59,Low,Normal,Normal service and loyalty strategy
CUST113417,0,0.20566314,20.57,Low,Normal,Normal service and loyalty strategy
CUST140658,0,0.20557116,20.56,Low,Normal,Normal service and loyalty strategy
CUST108262,1,0.2051818,20.52,Low,Normal,Normal service and loyalty strategy
CUST130699,0,0.20488411,20.49,Low,Normal,Normal service and loyalty strategy
CUST139260,0,0.20430584,20.43,Low,Normal,Normal service and loyalty strategy
CUST122067,0,0.20434546,20.43,Low,Normal,Normal service and loyalty strategy
CUST146333,0,0.204327,20.43,Low,Normal,Normal service and loyalty strategy
CUST109203,1,0.20405397,20.41,Low,Normal,Normal service and loyalty strategy
CUST128280,1,0.2039747,20.4,Low,Normal,Normal service and loyalty strategy
CUST123628,0,0.20396574,20.4,Low,Normal,Normal service and loyalty strategy
CUST105786,1,0.20357296,20.36,Low,Normal,Normal service and loyalty strategy
CUST104584,1,0.20344155,20.34,Low,Normal,Normal service and loyalty strategy
CUST120116,1,0.20309913,20.31,Low,Normal,Normal service and loyalty strategy
CUST142891,0,0.2031399,20.31,Low,Normal,Normal service and loyalty strategy
CUST138749,1,0.20280474,20.28,Low,Normal,Normal service and loyalty strategy
CUST121296,0,0.20235449,20.24,Low,Normal,Normal service and loyalty strategy
CUST120209,0,0.20234166,20.23,Low,Normal,Normal service and loyalty strategy
CUST114132,0,0.20190592,20.19,Low,Normal,Normal service and loyalty strategy
CUST128793,0,0.20145792,20.15,Low,Normal,Normal service and loyalty strategy
CUST111597,0,0.20139714,20.14,Low,Normal,Normal service and loyalty strategy
CUST125254,1,0.2012542,20.13,Low,Normal,Normal service and loyalty strategy
CUST116570,1,0.20103085,20.1,Low,Normal,Normal service and loyalty strategy
CUST142009,0,0.20077701,20.08,Low,Normal,Normal service and loyalty strategy
CUST129664,0,0.20076254,20.08,Low,Normal,Normal service and loyalty strategy
CUST125550,0,0.20057246,20.06,Low,Normal,Normal service and loyalty strategy
CUST143936,0,0.20047763,20.05,Low,Normal,Normal service and loyalty strategy
CUST107889,0,0.20041867,20.04,Low,Normal,Normal service and loyalty strategy
CUST116220,0,0.19956474,19.96,Low,Normal,Normal service and loyalty strategy
CUST115162,0,0.19947283,19.95,Low,Normal,Normal service and loyalty strategy
CUST129846,0,0.19920258,19.92,Low,Normal,Normal service and loyalty strategy
CUST110515,0,0.19883296,19.88,Low,Normal,Normal service and loyalty strategy
CUST115634,0,0.1987201,19.87,Low,Normal,Normal service and loyalty strategy
CUST147755,1,0.19828795,19.83,Low,Normal,Normal service and loyalty strategy
CUST132941,0,0.19823234,19.82,Low,Normal,Normal service and loyalty strategy
CUST141158,0,0.198189,19.82,Low,Normal,Normal service and loyalty strategy
CUST129663,0,0.19805498,19.81,Low,Normal,Normal service and loyalty strategy
CUST113675,0,0.19802578,19.8,Low,Normal,Normal service and loyalty strategy
CUST108860,0,0.19772811,19.77,Low,Normal,Normal service and loyalty strategy
CUST116757,0,0.19774821,19.77,Low,Normal,Normal service and loyalty strategy
CUST145217,1,0.19769388,19.77,Low,Normal,Normal service and loyalty strategy
CUST135274,0,0.19764549,19.76,Low,Normal,Normal service and loyalty strategy
CUST114687,0,0.19727671,19.73,Low,Normal,Normal service and loyalty strategy
CUST130376,0,0.1972781,19.73,Low,Normal,Normal service and loyalty strategy
CUST103215,0,0.19699222,19.7,Low,Normal,Normal service and loyalty strategy
CUST118422,0,0.19662227,19.66,Low,Normal,Normal service and loyalty strategy
CUST102474,0,0.1966155,19.66,Low,Normal,Normal service and loyalty strategy
CUST102474,0,0.1966155,19.66,Low,Normal,Normal service and loyalty strategy
CUST107533,0,0.19652772,19.65,Low,Normal,Normal service and loyalty strategy
CUST106281,0,0.196544,19.65,Low,Normal,Normal service and loyalty strategy
CUST131410,0,0.19652785,19.65,Low,Normal,Normal service and loyalty strategy
CUST142910,0,0.19581373,19.58,Low,Normal,Normal service and loyalty strategy
CUST137743,0,0.19524878,19.52,Low,Normal,Normal service and loyalty strategy
CUST110746,0,0.1947037,19.47,Low,Normal,Normal service and loyalty strategy
CUST146656,0,0.19451582,19.45,Low,Normal,Normal service and loyalty strategy
CUST142752,0,0.19453984,19.45,Low,Normal,Normal service and loyalty strategy
CUST136331,0,0.19427928,19.43,Low,Normal,Normal service and loyalty strategy
CUST114683,0,0.19400503,19.4,Low,Normal,Normal service and loyalty strategy
CUST116464,0,0.19348542,19.35,Low,Normal,Normal service and loyalty strategy
CUST132537,1,0.19345598,19.35,Low,Normal,Normal service and loyalty strategy
CUST143312,0,0.19339502,19.34,Low,Normal,Normal service and loyalty strategy
CUST142025,0,0.1933804,19.34,Low,Normal,Normal service and loyalty strategy
CUST134137,0,0.19332795,19.33,Low,Normal,Normal service and loyalty strategy
CUST135688,1,0.19288668,19.29,Low,Normal,Normal service and loyalty strategy
CUST137700,0,0.1928483,19.28,Low,Normal,Normal service and loyalty strategy
CUST109783,0,0.19269745,19.27,Low,Normal,Normal service and loyalty strategy
CUST143303,1,0.1926899,19.27,Low,Normal,Normal service and loyalty strategy
CUST147041,0,0.19251001,19.25,Low,Normal,Normal service and loyalty strategy
CUST124750,1,0.1922841,19.23,Low,Normal,Normal service and loyalty strategy
CUST100263,0,0.19206917,19.21,Low,Normal,Normal service and loyalty strategy
CUST146071,0,0.19190611,19.19,Low,Normal,Normal service and loyalty strategy
CUST129902,0,0.19171089,19.17,Low,Normal,Normal service and loyalty strategy
CUST123831,1,0.19149159,19.15,Low,Normal,Normal service and loyalty strategy
CUST104056,0,0.19091061,19.09,Low,Normal,Normal service and loyalty strategy
CUST110048,0,0.19089654,19.09,Low,Normal,Normal service and loyalty strategy
CUST134094,0,0.19068772,19.07,Low,Normal,Normal service and loyalty strategy
CUST103302,1,0.19064371,19.06,Low,Normal,Normal service and loyalty strategy
CUST146849,0,0.19045289,19.05,Low,Normal,Normal service and loyalty strategy
CUST128631,0,0.19026358,19.03,Low,Normal,Normal service and loyalty strategy
CUST122165,0,0.18997619,19.0,Low,Normal,Normal service and loyalty strategy
CUST123448,0,0.18991853,18.99,Low,Normal,Normal service and loyalty strategy
CUST140565,0,0.18958186,18.96,Low,Normal,Normal service and loyalty strategy
CUST144282,0,0.18959147,18.96,Low,Normal,Normal service and loyalty strategy
CUST107157,0,0.18958607,18.96,Low,Normal,Normal service and loyalty strategy
CUST112123,0,0.18923552,18.92,Low,Normal,Normal service and loyalty strategy
CUST127936,0,0.18910445,18.91,Low,Normal,Normal service and loyalty strategy
CUST122111,0,0.18879072,18.88,Low,Normal,Normal service and loyalty strategy
CUST147187,0,0.18837494,18.84,Low,Normal,Normal service and loyalty strategy
CUST116146,0,0.18829784,18.83,Low,Normal,Normal service and loyalty strategy
CUST114931,1,0.18824053,18.82,Low,Normal,Normal service and loyalty strategy
CUST109775,0,0.18811901,18.81,Low,Normal,Normal service and loyalty strategy
CUST128661,0,0.1878265,18.78,Low,Normal,Normal service and loyalty strategy
CUST134139,0,0.18775553,18.78,Low,Normal,Normal service and loyalty strategy
CUST135456,0,0.1877403,18.77,Low,Normal,Normal service and loyalty strategy
CUST125563,0,0.18758214,18.76,Low,Normal,Normal service and loyalty strategy
CUST105513,0,0.18744175,18.74,Low,Normal,Normal service and loyalty strategy
CUST131845,0,0.18722767,18.72,Low,Normal,Normal service and loyalty strategy
CUST133385,0,0.1870314,18.7,Low,Normal,Normal service and loyalty strategy
CUST136420,0,0.18701454,18.7,Low,Normal,Normal service and loyalty strategy
CUST118738,0,0.18667692,18.67,Low,Normal,Normal service and loyalty strategy
CUST100706,0,0.18626815,18.63,Low,Normal,Normal service and loyalty strategy
CUST122013,0,0.18618612,18.62,Low,Normal,Normal service and loyalty strategy
CUST107479,0,0.18623717,18.62,Low,Normal,Normal service and loyalty strategy
CUST136049,0,0.18612725,18.61,Low,Normal,Normal service and loyalty strategy
CUST141915,0,0.18602516,18.6,Low,Normal,Normal service and loyalty strategy
CUST134207,0,0.18590385,18.59,Low,Normal,Normal service and loyalty strategy
CUST133186,0,0.1859068,18.59,Low,Normal,Normal service and loyalty strategy
CUST126966,0,0.18571444,18.57,Low,Normal,Normal service and loyalty strategy
CUST118911,0,0.18567666,18.57,Low,Normal,Normal service and loyalty strategy
CUST108256,1,0.18555936,18.56,Low,Normal,Normal service and loyalty strategy
CUST115329,1,0.18547793,18.55,Low,Normal,Normal service and loyalty strategy
CUST104420,1,0.18497035,18.5,Low,Normal,Normal service and loyalty strategy
CUST136603,0,0.1846249,18.46,Low,Normal,Normal service and loyalty strategy
CUST102812,0,0.18394156,18.39,Low,Normal,Normal service and loyalty strategy
CUST123419,0,0.18367092,18.37,Low,Normal,Normal service and loyalty strategy
CUST142755,0,0.18336883,18.34,Low,Normal,Normal service and loyalty strategy
CUST112805,0,0.18322995,18.32,Low,Normal,Normal service and loyalty strategy
CUST111952,0,0.18288425,18.29,Low,Normal,Normal service and loyalty strategy
CUST126729,0,0.182842,18.28,Low,Normal,Normal service and loyalty strategy
CUST127145,0,0.18260837,18.26,Low,Normal,Normal service and loyalty strategy
CUST124439,0,0.18227787,18.23,Low,Normal,Normal service and loyalty strategy
CUST116481,0,0.18206578,18.21,Low,Normal,Normal service and loyalty strategy
CUST139863,0,0.18198293,18.2,Low,Normal,Normal service and loyalty strategy
CUST105365,0,0.18147376,18.15,Low,Normal,Normal service and loyalty strategy
CUST137414,1,0.1811853,18.12,Low,Normal,Normal service and loyalty strategy
CUST138254,0,0.18087354,18.09,Low,Normal,Normal service and loyalty strategy
CUST122556,0,0.18081038,18.08,Low,Normal,Normal service and loyalty strategy
CUST135378,0,0.18062678,18.06,Low,Normal,Normal service and loyalty strategy
CUST123671,0,0.18036827,18.04,Low,Normal,Normal service and loyalty strategy
CUST114542,0,0.18019816,18.02,Low,Normal,Normal service and loyalty strategy
CUST110996,0,0.17991556,17.99,Low,Normal,Normal service and loyalty strategy
CUST104117,0,0.17979798,17.98,Low,Normal,Normal service and loyalty strategy
CUST135555,0,0.17937216,17.94,Low,Normal,Normal service and loyalty strategy
CUST105155,0,0.17942418,17.94,Low,Normal,Normal service and loyalty strategy
CUST115271,0,0.17926204,17.93,Low,Normal,Normal service and loyalty strategy
CUST114346,0,0.17908332,17.91,Low,Normal,Normal service and loyalty strategy
CUST120072,0,0.17906666,17.91,Low,Normal,Normal service and loyalty strategy
CUST116003,0,0.17850485,17.85,Low,Normal,Normal service and loyalty strategy
CUST144724,0,0.17800342,17.8,Low,Normal,Normal service and loyalty strategy
CUST129543,1,0.17784797,17.78,Low,Normal,Normal service and loyalty strategy
CUST111032,0,0.1774483,17.74,Low,Normal,Normal service and loyalty strategy
CUST143306,0,0.17733762,17.73,Low,Normal,Normal service and loyalty strategy
CUST104008,0,0.17726776,17.73,Low,Normal,Normal service and loyalty strategy
CUST127890,1,0.17724726,17.72,Low,Normal,Normal service and loyalty strategy
CUST141120,0,0.17671442,17.67,Low,Normal,Normal service and loyalty strategy
CUST136416,0,0.17645244,17.65,Low,Normal,Normal service and loyalty strategy
CUST109780,0,0.17588364,17.59,Low,Normal,Normal service and loyalty strategy
CUST119104,0,0.17584075,17.58,Low,Normal,Normal service and loyalty strategy
CUST128754,0,0.17545693,17.55,Low,Normal,Normal service and loyalty strategy
CUST123108,0,0.17536816,17.54,Low,Normal,Normal service and loyalty strategy
CUST107346,0,0.17509513,17.51,Low,Normal,Normal service and loyalty strategy
CUST147199,0,0.17505887,17.51,Low,Normal,Normal service and loyalty strategy
CUST113061,0,0.17504898,17.5,Low,Normal,Normal service and loyalty strategy
CUST101023,0,0.17483987,17.48,Low,Normal,Normal service and loyalty strategy
CUST128297,0,0.17423457,17.42,Low,Normal,Normal service and loyalty strategy
CUST133707,0,0.17387885,17.39,Low,Normal,Normal service and loyalty strategy
CUST132587,0,0.17358443,17.36,Low,Normal,Normal service and loyalty strategy
CUST118768,1,0.17336969,17.34,Low,Normal,Normal service and loyalty strategy
CUST147386,0,0.1733581,17.34,Low,Normal,Normal service and loyalty strategy
CUST115315,0,0.17339261,17.34,Low,Normal,Normal service and loyalty strategy
CUST125532,0,0.17342561,17.34,Low,Normal,Normal service and loyalty strategy
CUST108887,0,0.1733721,17.34,Low,Normal,Normal service and loyalty strategy
CUST134576,0,0.17282097,17.28,Low,Normal,Normal service and loyalty strategy
CUST101543,1,0.1723912,17.24,Low,Normal,Normal service and loyalty strategy
CUST107335,1,0.17242193,17.24,Low,Normal,Normal service and loyalty strategy
CUST134378,0,0.17231406,17.23,Low,Normal,Normal service and loyalty strategy
CUST115917,0,0.17225166,17.23,Low,Normal,Normal service and loyalty strategy
CUST129768,0,0.17195427,17.2,Low,Normal,Normal service and loyalty strategy
CUST115277,0,0.17200384,17.2,Low,Normal,Normal service and loyalty strategy
CUST145301,0,0.17189689,17.19,Low,Normal,Normal service and loyalty strategy
CUST121019,0,0.17187092,17.19,Low,Normal,Normal service and loyalty strategy
CUST118172,0,0.1716254,17.16,Low,Normal,Normal service and loyalty strategy
CUST114424,0,0.17092994,17.09,Low,Normal,Normal service and loyalty strategy
CUST143639,0,0.17088827,17.09,Low,Normal,Normal service and loyalty strategy
CUST125117,0,0.17085017,17.09,Low,Normal,Normal service and loyalty strategy
CUST132004,0,0.17052622,17.05,Low,Normal,Normal service and loyalty strategy
CUST121312,0,0.17012516,17.01,Low,Normal,Normal service and loyalty strategy
CUST133100,0,0.16989839,16.99,Low,Normal,Normal service and loyalty strategy
CUST106563,1,0.16888635,16.89,Low,Normal,Normal service and loyalty strategy
CUST126250,1,0.16811836,16.81,Low,Normal,Normal service and loyalty strategy
CUST140701,0,0.16814771,16.81,Low,Normal,Normal service and loyalty strategy
CUST143669,0,0.16782527,16.78,Low,Normal,Normal service and loyalty strategy
CUST107719,0,0.16779889,16.78,Low,Normal,Normal service and loyalty strategy
CUST143840,0,0.16750006,16.75,Low,Normal,Normal service and loyalty strategy
CUST122218,0,0.16729584,16.73,Low,Normal,Normal service and loyalty strategy
CUST142125,0,0.16693272,16.69,Low,Normal,Normal service and loyalty strategy
CUST132111,0,0.1669303,16.69,Low,Normal,Normal service and loyalty strategy
CUST144271,0,0.16655113,16.66,Low,Normal,Normal service and loyalty strategy
CUST106347,0,0.16648538,16.65,Low,Normal,Normal service and loyalty strategy
CUST110935,0,0.16629872,16.63,Low,Normal,Normal service and loyalty strategy
CUST138406,0,0.16625191,16.63,Low,Normal,Normal service and loyalty strategy
CUST113430,0,0.1662778,16.63,Low,Normal,Normal service and loyalty strategy
CUST144944,0,0.1656469,16.56,Low,Normal,Normal service and loyalty strategy
CUST123842,0,0.16558503,16.56,Low,Normal,Normal service and loyalty strategy
CUST124398,0,0.16546698,16.55,Low,Normal,Normal service and loyalty strategy
CUST146159,0,0.16530283,16.53,Low,Normal,Normal service and loyalty strategy
CUST146395,0,0.16517137,16.52,Low,Normal,Normal service and loyalty strategy
CUST138010,0,0.1649516,16.5,Low,Normal,Normal service and loyalty strategy
CUST115468,1,0.16492108,16.49,Low,Normal,Normal service and loyalty strategy
CUST131037,0,0.16491681,16.49,Low,Normal,Normal service and loyalty strategy
CUST127518,0,0.1646889,16.47,Low,Normal,Normal service and loyalty strategy
CUST101228,0,0.164526,16.45,Low,Normal,Normal service and loyalty strategy
CUST117355,0,0.16436881,16.44,Low,Normal,Normal service and loyalty strategy
CUST100711,0,0.16440675,16.44,Low,Normal,Normal service and loyalty strategy
CUST119943,0,0.16439712,16.44,Low,Normal,Normal service and loyalty strategy
CUST130972,0,0.16425993,16.43,Low,Normal,Normal service and loyalty strategy
CUST110838,0,0.16413906,16.41,Low,Normal,Normal service and loyalty strategy
CUST117983,0,0.16396934,16.4,Low,Normal,Normal service and loyalty strategy
CUST108015,1,0.16398492,16.4,Low,Normal,Normal service and loyalty strategy
CUST118024,1,0.16379157,16.38,Low,Normal,Normal service and loyalty strategy
CUST115036,0,0.16376081,16.38,Low,Normal,Normal service and loyalty strategy
CUST112374,0,0.16365752,16.37,Low,Normal,Normal service and loyalty strategy
CUST103493,0,0.16360153,16.36,Low,Normal,Normal service and loyalty strategy
CUST136648,0,0.16315775,16.32,Low,Normal,Normal service and loyalty strategy
CUST116006,0,0.16290884,16.29,Low,Normal,Normal service and loyalty strategy
CUST107160,0,0.16196193,16.2,Low,Normal,Normal service and loyalty strategy
CUST143059,0,0.16185877,16.19,Low,Normal,Normal service and loyalty strategy
CUST139396,0,0.16189513,16.19,Low,Normal,Normal service and loyalty strategy
CUST147259,0,0.16138934,16.14,Low,Normal,Normal service and loyalty strategy
CUST109808,0,0.16134231,16.13,Low,Normal,Normal service and loyalty strategy
CUST111212,0,0.16103844,16.1,Low,Normal,Normal service and loyalty strategy
CUST143001,0,0.16098583,16.1,Low,Normal,Normal service and loyalty strategy
CUST111212,0,0.16103844,16.1,Low,Normal,Normal service and loyalty strategy
CUST123114,0,0.16084439,16.08,Low,Normal,Normal service and loyalty strategy
CUST135660,0,0.1602667,16.03,Low,Normal,Normal service and loyalty strategy
CUST118308,0,0.16029637,16.03,Low,Normal,Normal service and loyalty strategy
CUST100210,1,0.16016906,16.02,Low,Normal,Normal service and loyalty strategy
CUST118302,0,0.16008605,16.01,Low,Normal,Normal service and loyalty strategy
CUST119671,0,0.15981756,15.98,Low,Normal,Normal service and loyalty strategy
CUST145986,1,0.15980358,15.98,Low,Normal,Normal service and loyalty strategy
CUST124555,0,0.15967774,15.97,Low,Normal,Normal service and loyalty strategy
CUST147317,0,0.1594685,15.95,Low,Normal,Normal service and loyalty strategy
CUST145389,0,0.15925518,15.93,Low,Normal,Normal service and loyalty strategy
CUST125381,0,0.15934093,15.93,Low,Normal,Normal service and loyalty strategy
CUST112102,1,0.15923612,15.92,Low,Normal,Normal service and loyalty strategy
CUST111510,0,0.15892515,15.89,Low,Normal,Normal service and loyalty strategy
CUST119357,0,0.1587999,15.88,Low,Normal,Normal service and loyalty strategy
CUST122675,0,0.15846244,15.85,Low,Normal,Normal service and loyalty strategy
CUST146629,0,0.15830834,15.83,Low,Normal,Normal service and loyalty strategy
CUST121722,0,0.15818931,15.82,Low,Normal,Normal service and loyalty strategy
CUST108819,1,0.1581746,15.82,Low,Normal,Normal service and loyalty strategy
CUST122411,0,0.15808405,15.81,Low,Normal,Normal service and loyalty strategy
CUST131151,0,0.15804517,15.8,Low,Normal,Normal service and loyalty strategy
CUST114489,1,0.15803936,15.8,Low,Normal,Normal service and loyalty strategy
CUST103686,1,0.15804099,15.8,Low,Normal,Normal service and loyalty strategy
CUST130536,0,0.15787157,15.79,Low,Normal,Normal service and loyalty strategy
CUST140450,0,0.157821,15.78,Low,Normal,Normal service and loyalty strategy
CUST129645,0,0.15771443,15.77,Low,Normal,Normal service and loyalty strategy
CUST129233,0,0.15764993,15.76,Low,Normal,Normal service and loyalty strategy
CUST100316,0,0.15757875,15.76,Low,Normal,Normal service and loyalty strategy
CUST133883,1,0.15735222,15.74,Low,Normal,Normal service and loyalty strategy
CUST102510,1,0.15694645,15.69,Low,Normal,Normal service and loyalty strategy
CUST139541,0,0.15689255,15.69,Low,Normal,Normal service and loyalty strategy
CUST135276,0,0.15678588,15.68,Low,Normal,Normal service and loyalty strategy
CUST111895,0,0.15558988,15.56,Low,Normal,Normal service and loyalty strategy
CUST109412,0,0.1554026,15.54,Low,Normal,Normal service and loyalty strategy
CUST114537,0,0.1553459,15.53,Low,Normal,Normal service and loyalty strategy
CUST134716,0,0.15523885,15.52,Low,Normal,Normal service and loyalty strategy
CUST115755,0,0.15521547,15.52,Low,Normal,Normal service and loyalty strategy
CUST136888,0,0.15511489,15.51,Low,Normal,Normal service and loyalty strategy
CUST103098,1,0.15504418,15.5,Low,Normal,Normal service and loyalty strategy
CUST139916,0,0.15485626,15.49,Low,Normal,Normal service and loyalty strategy
CUST132492,0,0.15477067,15.48,Low,Normal,Normal service and loyalty strategy
CUST136907,0,0.15484309,15.48,Low,Normal,Normal service and loyalty strategy
CUST105194,0,0.15462577,15.46,Low,Normal,Normal service and loyalty strategy
CUST102662,0,0.15399271,15.4,Low,Normal,Normal service and loyalty strategy
CUST104392,0,0.15349823,15.35,Low,Normal,Normal service and loyalty strategy
CUST113206,0,0.15335253,15.34,Low,Normal,Normal service and loyalty strategy
CUST127972,1,0.15327568,15.33,Low,Normal,Normal service and loyalty strategy
CUST123416,0,0.15301725,15.3,Low,Normal,Normal service and loyalty strategy
CUST116129,0,0.1529325,15.29,Low,Normal,Normal service and loyalty strategy
CUST146550,1,0.15247753,15.25,Low,Normal,Normal service and loyalty strategy
CUST134113,1,0.15242568,15.24,Low,Normal,Normal service and loyalty strategy
CUST101426,1,0.15240102,15.24,Low,Normal,Normal service and loyalty strategy
CUST125851,0,0.15221618,15.22,Low,Normal,Normal service and loyalty strategy
CUST129702,0,0.15148117,15.15,Low,Normal,Normal service and loyalty strategy
CUST141846,0,0.15141235,15.14,Low,Normal,Normal service and loyalty strategy
CUST133676,0,0.1513498,15.13,Low,Normal,Normal service and loyalty strategy
CUST111630,0,0.15097712,15.1,Low,Normal,Normal service and loyalty strategy
CUST146431,0,0.15075529,15.08,Low,Normal,Normal service and loyalty strategy
CUST112643,0,0.15054515,15.05,Low,Normal,Normal service and loyalty strategy
CUST138910,0,0.15035032,15.04,Low,Normal,Normal service and loyalty strategy
CUST101456,0,0.15036479,15.04,Low,Normal,Normal service and loyalty strategy
CUST119459,1,0.15030098,15.03,Low,Normal,Normal service and loyalty strategy
CUST105761,0,0.15023994,15.02,Low,Normal,Normal service and loyalty strategy
CUST146667,0,0.14998688,15.0,Low,Normal,Normal service and loyalty strategy
CUST136028,0,0.14997295,15.0,Low,Normal,Normal service and loyalty strategy
CUST123775,1,0.14990085,14.99,Low,Normal,Normal service and loyalty strategy
CUST135966,0,0.14953496,14.95,Low,Normal,Normal service and loyalty strategy
CUST105547,0,0.1493703,14.94,Low,Normal,Normal service and loyalty strategy
CUST129136,0,0.14933796,14.93,Low,Normal,Normal service and loyalty strategy
CUST104379,0,0.14911446,14.91,Low,Normal,Normal service and loyalty strategy
CUST124478,1,0.14895442,14.9,Low,Normal,Normal service and loyalty strategy
CUST108848,0,0.14887515,14.89,Low,Normal,Normal service and loyalty strategy
CUST133656,0,0.14863461,14.86,Low,Normal,Normal service and loyalty strategy
CUST144086,0,0.14858383,14.86,Low,Normal,Normal service and loyalty strategy
CUST112265,0,0.14844462,14.84,Low,Normal,Normal service and loyalty strategy
CUST122205,0,0.14815328,14.82,Low,Normal,Normal service and loyalty strategy
CUST108354,0,0.14803584,14.8,Low,Normal,Normal service and loyalty strategy
CUST109000,0,0.14785375,14.79,Low,Normal,Normal service and loyalty strategy
CUST103763,0,0.1477619,14.78,Low,Normal,Normal service and loyalty strategy
CUST140880,0,0.14770907,14.77,Low,Normal,Normal service and loyalty strategy
CUST112873,0,0.1473079,14.73,Low,Normal,Normal service and loyalty strategy
CUST145348,0,0.14697304,14.7,Low,Normal,Normal service and loyalty strategy
CUST127274,0,0.14651516,14.65,Low,Normal,Normal service and loyalty strategy
CUST105822,0,0.14620206,14.62,Low,Normal,Normal service and loyalty strategy
CUST105739,0,0.14610918,14.61,Low,Normal,Normal service and loyalty strategy
CUST100497,0,0.14567655,14.57,Low,Normal,Normal service and loyalty strategy
CUST115435,0,0.14541541,14.54,Low,Normal,Normal service and loyalty strategy
CUST131354,0,0.14540192,14.54,Low,Normal,Normal service and loyalty strategy
CUST120782,0,0.14473492,14.47,Low,Normal,Normal service and loyalty strategy
CUST102387,1,0.1446568,14.47,Low,Normal,Normal service and loyalty strategy
CUST118164,0,0.144748,14.47,Low,Normal,Normal service and loyalty strategy
CUST145251,0,0.14464222,14.46,Low,Normal,Normal service and loyalty strategy
CUST121314,0,0.14439163,14.44,Low,Normal,Normal service and loyalty strategy
CUST105807,1,0.14420676,14.42,Low,Normal,Normal service and loyalty strategy
CUST106883,0,0.14388916,14.39,Low,Normal,Normal service and loyalty strategy
CUST142747,0,0.1436385,14.36,Low,Normal,Normal service and loyalty strategy
CUST146307,0,0.14354746,14.35,Low,Normal,Normal service and loyalty strategy
CUST137814,0,0.1430613,14.31,Low,Normal,Normal service and loyalty strategy
CUST136496,0,0.14249396,14.25,Low,Normal,Normal service and loyalty strategy
CUST124957,0,0.14240612,14.24,Low,Normal,Normal service and loyalty strategy
CUST143764,0,0.14244752,14.24,Low,Normal,Normal service and loyalty strategy
CUST142434,0,0.14227802,14.23,Low,Normal,Normal service and loyalty strategy
CUST135257,0,0.14222595,14.22,Low,Normal,Normal service and loyalty strategy
CUST109465,0,0.14197433,14.2,Low,Normal,Normal service and loyalty strategy
CUST124064,0,0.14195569,14.2,Low,Normal,Normal service and loyalty strategy
CUST120820,0,0.14181088,14.18,Low,Normal,Normal service and loyalty strategy
CUST147487,0,0.1416456,14.16,Low,Normal,Normal service and loyalty strategy
CUST114313,1,0.141575,14.16,Low,Normal,Normal service and loyalty strategy
CUST130628,0,0.14116111,14.12,Low,Normal,Normal service and loyalty strategy
CUST128696,0,0.14099215,14.1,Low,Normal,Normal service and loyalty strategy
CUST130090,0,0.14100799,14.1,Low,Normal,Normal service and loyalty strategy
CUST135557,0,0.14094701,14.09,Low,Normal,Normal service and loyalty strategy
CUST128065,0,0.14060722,14.06,Low,Normal,Normal service and loyalty strategy
CUST117869,0,0.14057824,14.06,Low,Normal,Normal service and loyalty strategy
CUST124838,0,0.14053749,14.05,Low,Normal,Normal service and loyalty strategy
CUST115537,0,0.1404398,14.04,Low,Normal,Normal service and loyalty strategy
CUST128389,0,0.14033958,14.03,Low,Normal,Normal service and loyalty strategy
CUST111798,0,0.14006327,14.01,Low,Normal,Normal service and loyalty strategy
CUST105510,1,0.13999827,14.0,Low,Normal,Normal service and loyalty strategy
CUST133147,0,0.13997948,14.0,Low,Normal,Normal service and loyalty strategy
CUST100245,0,0.13990773,13.99,Low,Normal,Normal service and loyalty strategy
CUST139041,0,0.13991986,13.99,Low,Normal,Normal service and loyalty strategy
CUST103966,0,0.13981912,13.98,Low,Normal,Normal service and loyalty strategy
CUST101883,0,0.13930024,13.93,Low,Normal,Normal service and loyalty strategy
CUST120011,0,0.13888168,13.89,Low,Normal,Normal service and loyalty strategy
CUST122703,0,0.13887362,13.89,Low,Normal,Normal service and loyalty strategy
CUST137253,0,0.13850775,13.85,Low,Normal,Normal service and loyalty strategy
CUST145571,0,0.13844919,13.84,Low,Normal,Normal service and loyalty strategy
CUST142290,0,0.13818683,13.82,Low,Normal,Normal service and loyalty strategy
CUST112937,0,0.1382321,13.82,Low,Normal,Normal service and loyalty strategy
CUST106880,1,0.13801834,13.8,Low,Normal,Normal service and loyalty strategy
CUST139641,0,0.13793941,13.79,Low,Normal,Normal service and loyalty strategy
CUST130381,0,0.13769482,13.77,Low,Normal,Normal service and loyalty strategy
CUST121969,0,0.13754627,13.75,Low,Normal,Normal service and loyalty strategy
CUST130056,0,0.13750237,13.75,Low,Normal,Normal service and loyalty strategy
CUST129850,0,0.13735932,13.74,Low,Normal,Normal service and loyalty strategy
CUST118688,0,0.13709529,13.71,Low,Normal,Normal service and loyalty strategy
CUST122191,0,0.13710311,13.71,Low,Normal,Normal service and loyalty strategy
CUST137798,0,0.1370757,13.71,Low,Normal,Normal service and loyalty strategy
CUST135978,0,0.13659061,13.66,Low,Normal,Normal service and loyalty strategy
CUST124066,0,0.13627815,13.63,Low,Normal,Normal service and loyalty strategy
CUST112718,0,0.13628674,13.63,Low,Normal,Normal service and loyalty strategy
CUST126293,0,0.13622199,13.62,Low,Normal,Normal service and loyalty strategy
CUST102631,0,0.13619417,13.62,Low,Normal,Normal service and loyalty strategy
CUST131805,0,0.13618468,13.62,Low,Normal,Normal service and loyalty strategy
CUST129546,0,0.13610706,13.61,Low,Normal,Normal service and loyalty strategy
CUST140423,0,0.13589811,13.59,Low,Normal,Normal service and loyalty strategy
CUST127729,0,0.13591722,13.59,Low,Normal,Normal service and loyalty strategy
CUST104486,0,0.1359206,13.59,Low,Normal,Normal service and loyalty strategy
CUST122194,1,0.13581379,13.58,Low,Normal,Normal service and loyalty strategy
CUST113078,1,0.13565946,13.57,Low,Normal,Normal service and loyalty strategy
CUST136874,0,0.13563603,13.56,Low,Normal,Normal service and loyalty strategy
CUST143578,0,0.13543469,13.54,Low,Normal,Normal service and loyalty strategy
CUST122211,0,0.13514906,13.51,Low,Normal,Normal service and loyalty strategy
CUST139600,0,0.13511808,13.51,Low,Normal,Normal service and loyalty strategy
CUST146863,0,0.13496774,13.5,Low,Normal,Normal service and loyalty strategy
CUST135832,0,0.13466881,13.47,Low,Normal,Normal service and loyalty strategy
CUST145272,0,0.13455835,13.46,Low,Normal,Normal service and loyalty strategy
CUST143111,0,0.13429756,13.43,Low,Normal,Normal service and loyalty strategy
CUST112295,0,0.1343335,13.43,Low,Normal,Normal service and loyalty strategy
CUST143197,0,0.1340566,13.41,Low,Normal,Normal service and loyalty strategy
CUST134170,0,0.13413517,13.41,Low,Normal,Normal service and loyalty strategy
CUST118643,0,0.13385326,13.39,Low,Normal,Normal service and loyalty strategy
CUST101926,0,0.1336544,13.37,Low,Normal,Normal service and loyalty strategy
CUST144809,0,0.1334084,13.34,Low,Normal,Normal service and loyalty strategy
CUST121831,1,0.13336469,13.34,Low,Normal,Normal service and loyalty strategy
CUST112782,0,0.13321494,13.32,Low,Normal,Normal service and loyalty strategy
CUST146167,0,0.13275085,13.28,Low,Normal,Normal service and loyalty strategy
CUST129536,0,0.13271935,13.27,Low,Normal,Normal service and loyalty strategy
CUST138891,0,0.13252814,13.25,Low,Normal,Normal service and loyalty strategy
CUST143085,1,0.13250923,13.25,Low,Normal,Normal service and loyalty strategy
CUST131384,0,0.132189,13.22,Low,Normal,Normal service and loyalty strategy
CUST106787,0,0.13200065,13.2,Low,Normal,Normal service and loyalty strategy
CUST111805,0,0.131516,13.15,Low,Normal,Normal service and loyalty strategy
CUST127976,0,0.13119799,13.12,Low,Normal,Normal service and loyalty strategy
CUST134922,0,0.13118139,13.12,Low,Normal,Normal service and loyalty strategy
CUST125304,0,0.13107392,13.11,Low,Normal,Normal service and loyalty strategy
CUST128971,0,0.13062644,13.06,Low,Normal,Normal service and loyalty strategy
CUST107295,0,0.13024767,13.02,Low,Normal,Normal service and loyalty strategy
CUST102211,0,0.1300502,13.01,Low,Normal,Normal service and loyalty strategy
CUST104941,0,0.1300475,13.0,Low,Normal,Normal service and loyalty strategy
CUST134481,0,0.12966906,12.97,Low,Normal,Normal service and loyalty strategy
CUST139962,0,0.12966007,12.97,Low,Normal,Normal service and loyalty strategy
CUST129826,0,0.1296112,12.96,Low,Normal,Normal service and loyalty strategy
CUST139576,0,0.12947519,12.95,Low,Normal,Normal service and loyalty strategy
CUST115895,0,0.1293277,12.93,Low,Normal,Normal service and loyalty strategy
CUST110022,1,0.12934533,12.93,Low,Normal,Normal service and loyalty strategy
CUST131291,0,0.12907809,12.91,Low,Normal,Normal service and loyalty strategy
CUST136139,0,0.12810352,12.81,Low,Normal,Normal service and loyalty strategy
CUST105234,0,0.12801239,12.8,Low,Normal,Normal service and loyalty strategy
CUST115946,0,0.12776048,12.78,Low,Normal,Normal service and loyalty strategy
CUST114593,0,0.12777488,12.78,Low,Normal,Normal service and loyalty strategy
CUST113571,0,0.12776369,12.78,Low,Normal,Normal service and loyalty strategy
CUST141668,0,0.12767914,12.77,Low,Normal,Normal service and loyalty strategy
CUST132746,0,0.12765142,12.77,Low,Normal,Normal service and loyalty strategy
CUST119906,0,0.12741989,12.74,Low,Normal,Normal service and loyalty strategy
CUST120241,0,0.12713848,12.71,Low,Normal,Normal service and loyalty strategy
CUST113817,0,0.12710463,12.71,Low,Normal,Normal service and loyalty strategy
CUST104785,0,0.12707041,12.71,Low,Normal,Normal service and loyalty strategy
CUST131204,0,0.12675929,12.68,Low,Normal,Normal service and loyalty strategy
CUST133687,0,0.12659092,12.66,Low,Normal,Normal service and loyalty strategy
CUST144983,0,0.12603998,12.6,Low,Normal,Normal service and loyalty strategy
CUST124241,0,0.12581486,12.58,Low,Normal,Normal service and loyalty strategy
CUST144507,0,0.12580167,12.58,Low,Normal,Normal service and loyalty strategy
CUST120167,1,0.12553906,12.55,Low,Normal,Normal service and loyalty strategy
CUST125806,0,0.12527156,12.53,Low,Normal,Normal service and loyalty strategy
CUST143696,0,0.12511365,12.51,Low,Normal,Normal service and loyalty strategy
CUST132700,0,0.12488908,12.49,Low,Normal,Normal service and loyalty strategy
CUST109019,0,0.12484757,12.48,Low,Normal,Normal service and loyalty strategy
CUST136326,0,0.124822184,12.48,Low,Normal,Normal service and loyalty strategy
CUST146782,0,0.12466037,12.47,Low,Normal,Normal service and loyalty strategy
CUST141770,1,0.12435659,12.44,Low,Normal,Normal service and loyalty strategy
CUST102632,0,0.12421864,12.42,Low,Normal,Normal service and loyalty strategy
CUST115173,0,0.12414775,12.41,Low,Normal,Normal service and loyalty strategy
CUST133484,0,0.12400722,12.4,Low,Normal,Normal service and loyalty strategy
CUST105783,0,0.12401848,12.4,Low,Normal,Normal service and loyalty strategy
CUST114815,1,0.12380687,12.38,Low,Normal,Normal service and loyalty strategy
CUST136816,0,0.1235821,12.36,Low,Normal,Normal service and loyalty strategy
CUST137584,0,0.12350291,12.35,Low,Normal,Normal service and loyalty strategy
CUST101448,0,0.12353043,12.35,Low,Normal,Normal service and loyalty strategy
CUST105927,0,0.123511784,12.35,Low,Normal,Normal service and loyalty strategy
CUST132852,0,0.123282224,12.33,Low,Normal,Normal service and loyalty strategy
CUST111330,0,0.12327166,12.33,Low,Normal,Normal service and loyalty strategy
CUST129553,0,0.12314598,12.31,Low,Normal,Normal service and loyalty strategy
CUST130190,1,0.1229637,12.3,Low,Normal,Normal service and loyalty strategy
CUST107252,0,0.12279259,12.28,Low,Normal,Normal service and loyalty strategy
CUST130911,0,0.12280526,12.28,Low,Normal,Normal service and loyalty strategy
CUST127079,0,0.12202432,12.2,Low,Normal,Normal service and loyalty strategy
CUST131830,0,0.12181551,12.18,Low,Normal,Normal service and loyalty strategy
CUST118425,0,0.1217044,12.17,Low,Normal,Normal service and loyalty strategy
CUST133588,0,0.12163546,12.16,Low,Normal,Normal service and loyalty strategy
CUST117612,0,0.12146158,12.15,Low,Normal,Normal service and loyalty strategy
CUST143163,0,0.121259615,12.13,Low,Normal,Normal service and loyalty strategy
CUST147257,1,0.12107843,12.11,Low,Normal,Normal service and loyalty strategy
CUST125080,0,0.12107225,12.11,Low,Normal,Normal service and loyalty strategy
CUST129089,0,0.12091036,12.09,Low,Normal,Normal service and loyalty strategy
CUST132044,0,0.1208925,12.09,Low,Normal,Normal service and loyalty strategy
CUST129190,0,0.1207348,12.07,Low,Normal,Normal service and loyalty strategy
CUST111706,0,0.12051171,12.05,Low,Normal,Normal service and loyalty strategy
CUST104837,0,0.12047063,12.05,Low,Normal,Normal service and loyalty strategy
CUST125091,1,0.12033692,12.03,Low,Normal,Normal service and loyalty strategy
CUST107857,0,0.12019526,12.02,Low,Normal,Normal service and loyalty strategy
CUST131765,0,0.12024306,12.02,Low,Normal,Normal service and loyalty strategy
CUST146303,0,0.120232224,12.02,Low,Normal,Normal service and loyalty strategy
CUST129042,0,0.12008822,12.01,Low,Normal,Normal service and loyalty strategy
CUST132916,0,0.12012539,12.01,Low,Normal,Normal service and loyalty strategy
CUST143072,0,0.119983815,12.0,Low,Normal,Normal service and loyalty strategy
CUST117978,0,0.11995288,12.0,Low,Normal,Normal service and loyalty strategy
CUST115599,0,0.11994843,11.99,Low,Normal,Normal service and loyalty strategy
CUST144303,0,0.11989379,11.99,Low,Normal,Normal service and loyalty strategy
CUST124772,0,0.11983717,11.98,Low,Normal,Normal service and loyalty strategy
CUST132057,0,0.119446576,11.94,Low,Normal,Normal service and loyalty strategy
CUST144469,0,0.11919506,11.92,Low,Normal,Normal service and loyalty strategy
CUST104825,0,0.119085915,11.91,Low,Normal,Normal service and loyalty strategy
CUST112481,0,0.11909978,11.91,Low,Normal,Normal service and loyalty strategy
CUST143379,0,0.11885062,11.89,Low,Normal,Normal service and loyalty strategy
CUST137451,0,0.11879714,11.88,Low,Normal,Normal service and loyalty strategy
CUST127897,0,0.11862439,11.86,Low,Normal,Normal service and loyalty strategy
CUST110152,0,0.11729113,11.73,Low,Normal,Normal service and loyalty strategy
CUST117458,0,0.117327675,11.73,Low,Normal,Normal service and loyalty strategy
CUST123473,0,0.11706181,11.71,Low,Normal,Normal service and loyalty strategy
CUST125627,0,0.116936535,11.69,Low,Normal,Normal service and loyalty strategy
CUST111274,0,0.11656134,11.66,Low,Normal,Normal service and loyalty strategy
CUST117559,0,0.116494596,11.65,Low,Normal,Normal service and loyalty strategy
CUST104619,0,0.11641203,11.64,Low,Normal,Normal service and loyalty strategy
CUST135248,0,0.116419874,11.64,Low,Normal,Normal service and loyalty strategy
CUST143511,0,0.11620009,11.62,Low,Normal,Normal service and loyalty strategy
CUST105608,0,0.116087675,11.61,Low,Normal,Normal service and loyalty strategy
CUST126257,0,0.11600157,11.6,Low,Normal,Normal service and loyalty strategy
CUST134423,0,0.11595676,11.6,Low,Normal,Normal service and loyalty strategy
CUST108862,0,0.11604396,11.6,Low,Normal,Normal service and loyalty strategy
CUST138752,0,0.11603463,11.6,Low,Normal,Normal service and loyalty strategy
CUST116657,0,0.11580164,11.58,Low,Normal,Normal service and loyalty strategy
CUST103508,0,0.115727745,11.57,Low,Normal,Normal service and loyalty strategy
CUST141422,0,0.115471944,11.55,Low,Normal,Normal service and loyalty strategy
CUST121857,0,0.115257494,11.53,Low,Normal,Normal service and loyalty strategy
CUST132620,0,0.11516485,11.52,Low,Normal,Normal service and loyalty strategy
CUST103836,0,0.11521265,11.52,Low,Normal,Normal service and loyalty strategy
CUST103981,0,0.11507969,11.51,Low,Normal,Normal service and loyalty strategy
CUST108008,0,0.11505661,11.51,Low,Normal,Normal service and loyalty strategy
CUST145660,0,0.11512831,11.51,Low,Normal,Normal service and loyalty strategy
CUST110873,0,0.11500453,11.5,Low,Normal,Normal service and loyalty strategy
CUST121581,0,0.11478588,11.48,Low,Normal,Normal service and loyalty strategy
CUST143468,0,0.11484605,11.48,Low,Normal,Normal service and loyalty strategy
CUST113353,0,0.11464177,11.46,Low,Normal,Normal service and loyalty strategy
CUST143809,0,0.11404229,11.4,Low,Normal,Normal service and loyalty strategy
CUST131687,0,0.11385311,11.39,Low,Normal,Normal service and loyalty strategy
CUST147861,0,0.113608755,11.36,Low,Normal,Normal service and loyalty strategy
CUST137805,1,0.11330334,11.33,Low,Normal,Normal service and loyalty strategy
CUST121062,0,0.11318437,11.32,Low,Normal,Normal service and loyalty strategy
CUST146561,0,0.11253513,11.25,Low,Normal,Normal service and loyalty strategy
CUST102882,1,0.11247825,11.25,Low,Normal,Normal service and loyalty strategy
CUST113342,0,0.1121828,11.22,Low,Normal,Normal service and loyalty strategy
CUST140933,1,0.11201915,11.2,Low,Normal,Normal service and loyalty strategy
CUST106091,0,0.11193981,11.19,Low,Normal,Normal service and loyalty strategy
CUST131880,0,0.11172743,11.17,Low,Normal,Normal service and loyalty strategy
CUST134143,0,0.111557156,11.16,Low,Normal,Normal service and loyalty strategy
CUST120527,0,0.111641094,11.16,Low,Normal,Normal service and loyalty strategy
CUST134891,0,0.11120741,11.12,Low,Normal,Normal service and loyalty strategy
CUST126822,0,0.11119814,11.12,Low,Normal,Normal service and loyalty strategy
CUST119306,0,0.11109717,11.11,Low,Normal,Normal service and loyalty strategy
CUST117380,0,0.11097979,11.1,Low,Normal,Normal service and loyalty strategy
CUST133200,0,0.11104296,11.1,Low,Normal,Normal service and loyalty strategy
CUST137551,1,0.110664286,11.07,Low,Normal,Normal service and loyalty strategy
CUST119098,0,0.11062644,11.06,Low,Normal,Normal service and loyalty strategy
CUST109917,0,0.1105436,11.05,Low,Normal,Normal service and loyalty strategy
CUST107000,0,0.11028387,11.03,Low,Normal,Normal service and loyalty strategy
CUST144389,0,0.110346906,11.03,Low,Normal,Normal service and loyalty strategy
CUST141659,0,0.1102244,11.02,Low,Normal,Normal service and loyalty strategy
CUST130384,0,0.11022734,11.02,Low,Normal,Normal service and loyalty strategy
CUST127413,0,0.11006467,11.01,Low,Normal,Normal service and loyalty strategy
CUST109673,0,0.11002862,11.0,Low,Normal,Normal service and loyalty strategy
CUST144152,0,0.1099992,11.0,Low,Normal,Normal service and loyalty strategy
CUST144910,0,0.10982357,10.98,Low,Normal,Normal service and loyalty strategy
CUST142440,0,0.109826505,10.98,Low,Normal,Normal service and loyalty strategy
CUST106280,0,0.10959626,10.96,Low,Normal,Normal service and loyalty strategy
CUST144514,0,0.109622665,10.96,Low,Normal,Normal service and loyalty strategy
CUST112306,0,0.109631725,10.96,Low,Normal,Normal service and loyalty strategy
CUST102703,0,0.109351695,10.94,Low,Normal,Normal service and loyalty strategy
CUST137460,0,0.10935738,10.94,Low,Normal,Normal service and loyalty strategy
CUST134243,0,0.10900823,10.9,Low,Normal,Normal service and loyalty strategy
CUST139457,0,0.10887594,10.89,Low,Normal,Normal service and loyalty strategy
CUST123085,1,0.108779624,10.88,Low,Normal,Normal service and loyalty strategy
CUST112797,0,0.108778305,10.88,Low,Normal,Normal service and loyalty strategy
CUST145788,0,0.10858043,10.86,Low,Normal,Normal service and loyalty strategy
CUST110751,1,0.10858949,10.86,Low,Normal,Normal service and loyalty strategy
CUST123102,0,0.10851747,10.85,Low,Normal,Normal service and loyalty strategy
CUST111703,0,0.10830997,10.83,Low,Normal,Normal service and loyalty strategy
CUST101269,0,0.108127505,10.81,Low,Normal,Normal service and loyalty strategy
CUST102021,0,0.10813183,10.81,Low,Normal,Normal service and loyalty strategy
CUST112196,0,0.10789867,10.79,Low,Normal,Normal service and loyalty strategy
CUST145598,0,0.1078319,10.78,Low,Normal,Normal service and loyalty strategy
CUST146703,0,0.10777547,10.78,Low,Normal,Normal service and loyalty strategy
CUST116972,0,0.107605055,10.76,Low,Normal,Normal service and loyalty strategy
CUST143954,0,0.10751704,10.75,Low,Normal,Normal service and loyalty strategy
CUST119053,0,0.10753466,10.75,Low,Normal,Normal service and loyalty strategy
CUST137826,0,0.10750899,10.75,Low,Normal,Normal service and loyalty strategy
CUST126571,0,0.10738389,10.74,Low,Normal,Normal service and loyalty strategy
CUST127932,0,0.10724578,10.72,Low,Normal,Normal service and loyalty strategy
CUST145656,0,0.107091025,10.71,Low,Normal,Normal service and loyalty strategy
CUST113579,0,0.1068461,10.68,Low,Normal,Normal service and loyalty strategy
CUST110924,0,0.10666147,10.67,Low,Normal,Normal service and loyalty strategy
CUST100437,1,0.10670752,10.67,Low,Normal,Normal service and loyalty strategy
CUST108798,0,0.10636398,10.64,Low,Normal,Normal service and loyalty strategy
CUST106689,0,0.106172346,10.62,Low,Normal,Normal service and loyalty strategy
CUST111408,0,0.10614029,10.61,Low,Normal,Normal service and loyalty strategy
CUST116432,0,0.10605803,10.61,Low,Normal,Normal service and loyalty strategy
CUST104794,0,0.106101006,10.61,Low,Normal,Normal service and loyalty strategy
CUST128604,0,0.10601278,10.6,Low,Normal,Normal service and loyalty strategy
CUST110144,0,0.1056144,10.56,Low,Normal,Normal service and loyalty strategy
CUST132658,0,0.10551078,10.55,Low,Normal,Normal service and loyalty strategy
CUST128107,0,0.10543744,10.54,Low,Normal,Normal service and loyalty strategy
CUST139370,0,0.10524488,10.52,Low,Normal,Normal service and loyalty strategy
CUST106251,0,0.10514026,10.51,Low,Normal,Normal service and loyalty strategy
CUST146687,0,0.10511769,10.51,Low,Normal,Normal service and loyalty strategy
CUST123958,0,0.105027564,10.5,Low,Normal,Normal service and loyalty strategy
CUST146514,0,0.10500308,10.5,Low,Normal,Normal service and loyalty strategy
CUST119424,0,0.10483005,10.48,Low,Normal,Normal service and loyalty strategy
CUST140351,0,0.10454958,10.45,Low,Normal,Normal service and loyalty strategy
CUST114975,0,0.10415788,10.42,Low,Normal,Normal service and loyalty strategy
CUST102102,0,0.10401865,10.4,Low,Normal,Normal service and loyalty strategy
CUST101881,0,0.103757754,10.38,Low,Normal,Normal service and loyalty strategy
CUST128258,0,0.10368741,10.37,Low,Normal,Normal service and loyalty strategy
CUST139231,0,0.10366067,10.37,Low,Normal,Normal service and loyalty strategy
CUST132164,0,0.103396595,10.34,Low,Normal,Normal service and loyalty strategy
CUST112103,0,0.103358634,10.34,Low,Normal,Normal service and loyalty strategy
CUST100256,0,0.10305964,10.31,Low,Normal,Normal service and loyalty strategy
CUST138304,0,0.10305048,10.31,Low,Normal,Normal service and loyalty strategy
CUST144533,0,0.10288753,10.29,Low,Normal,Normal service and loyalty strategy
CUST116234,0,0.102785096,10.28,Low,Normal,Normal service and loyalty strategy
CUST146844,0,0.10255023,10.26,Low,Normal,Normal service and loyalty strategy
CUST114310,0,0.102646224,10.26,Low,Normal,Normal service and loyalty strategy
CUST135278,0,0.10236421,10.24,Low,Normal,Normal service and loyalty strategy
CUST147047,1,0.102415666,10.24,Low,Normal,Normal service and loyalty strategy
CUST134470,0,0.10232308,10.23,Low,Normal,Normal service and loyalty strategy
CUST114181,0,0.102241375,10.22,Low,Normal,Normal service and loyalty strategy
CUST130805,0,0.1022381,10.22,Low,Normal,Normal service and loyalty strategy
CUST117336,0,0.1021205,10.21,Low,Normal,Normal service and loyalty strategy
CUST133191,0,0.10193103,10.19,Low,Normal,Normal service and loyalty strategy
CUST142722,0,0.10193061,10.19,Low,Normal,Normal service and loyalty strategy
CUST114301,0,0.10181567,10.18,Low,Normal,Normal service and loyalty strategy
CUST109003,0,0.10133832,10.13,Low,Normal,Normal service and loyalty strategy
CUST110690,0,0.10124702,10.12,Low,Normal,Normal service and loyalty strategy
CUST111574,0,0.100984424,10.1,Low,Normal,Normal service and loyalty strategy
CUST104541,0,0.10082472,10.08,Low,Normal,Normal service and loyalty strategy
CUST106148,0,0.10063234,10.06,Low,Normal,Normal service and loyalty strategy
CUST109776,0,0.10061189,10.06,Low,Normal,Normal service and loyalty strategy
CUST132334,1,0.100401536,10.04,Low,Normal,Normal service and loyalty strategy
CUST130960,0,0.10028116,10.03,Low,Normal,Normal service and loyalty strategy
CUST130764,0,0.100203834,10.02,Low,Normal,Normal service and loyalty strategy
CUST107731,0,0.10020609,10.02,Low,Normal,Normal service and loyalty strategy
CUST113213,0,0.100084856,10.01,Low,Normal,Normal service and loyalty strategy
CUST120447,0,0.10009542,10.01,Low,Normal,Normal service and loyalty strategy
CUST146208,0,0.099831425,9.98,Low,Normal,Normal service and loyalty strategy
CUST122847,0,0.09950277,9.95,Low,Normal,Normal service and loyalty strategy
CUST122847,0,0.09950277,9.95,Low,Normal,Normal service and loyalty strategy
CUST113433,0,0.0992748,9.93,Low,Normal,Normal service and loyalty strategy
CUST128260,1,0.099259876,9.93,Low,Normal,Normal service and loyalty strategy
CUST129519,0,0.09934037,9.93,Low,Normal,Normal service and loyalty strategy
CUST101440,1,0.09898549,9.9,Low,Normal,Normal service and loyalty strategy
CUST133405,0,0.098936535,9.89,Low,Normal,Normal service and loyalty strategy
CUST119866,0,0.09889731,9.89,Low,Normal,Normal service and loyalty strategy
CUST104828,0,0.09879341,9.88,Low,Normal,Normal service and loyalty strategy
CUST143647,0,0.09878087,9.88,Low,Normal,Normal service and loyalty strategy
CUST145888,0,0.09884054,9.88,Low,Normal,Normal service and loyalty strategy
CUST110767,0,0.09857854,9.86,Low,Normal,Normal service and loyalty strategy
CUST113142,0,0.098279424,9.83,Low,Normal,Normal service and loyalty strategy
CUST105397,0,0.09817269,9.82,Low,Normal,Normal service and loyalty strategy
CUST111716,0,0.0981527,9.82,Low,Normal,Normal service and loyalty strategy
CUST147083,0,0.09809884,9.81,Low,Normal,Normal service and loyalty strategy
CUST108503,0,0.09761209,9.76,Low,Normal,Normal service and loyalty strategy
CUST142995,0,0.09747594,9.75,Low,Normal,Normal service and loyalty strategy
CUST125145,0,0.0974045,9.74,Low,Normal,Normal service and loyalty strategy
CUST104527,0,0.09734464,9.73,Low,Normal,Normal service and loyalty strategy
CUST146796,0,0.09727104,9.73,Low,Normal,Normal service and loyalty strategy
CUST101655,0,0.09649224,9.65,Low,Normal,Normal service and loyalty strategy
CUST116929,0,0.09634121,9.63,Low,Normal,Normal service and loyalty strategy
CUST128977,0,0.09626182,9.63,Low,Normal,Normal service and loyalty strategy
CUST118121,0,0.096130475,9.61,Low,Normal,Normal service and loyalty strategy
CUST120200,0,0.096130386,9.61,Low,Normal,Normal service and loyalty strategy
CUST110811,0,0.09597231,9.6,Low,Normal,Normal service and loyalty strategy
CUST131198,0,0.09601278,9.6,Low,Normal,Normal service and loyalty strategy
CUST137105,0,0.095870525,9.59,Low,Normal,Normal service and loyalty strategy
CUST130369,0,0.095873095,9.59,Low,Normal,Normal service and loyalty strategy
CUST103536,0,0.09589636,9.59,Low,Normal,Normal service and loyalty strategy
CUST126963,0,0.0955164,9.55,Low,Normal,Normal service and loyalty strategy
CUST135718,0,0.0955232,9.55,Low,Normal,Normal service and loyalty strategy
CUST144518,0,0.09547756,9.55,Low,Normal,Normal service and loyalty strategy
CUST110491,0,0.09525326,9.53,Low,Normal,Normal service and loyalty strategy
CUST145497,0,0.095299795,9.53,Low,Normal,Normal service and loyalty strategy
CUST136802,1,0.094861865,9.49,Low,Normal,Normal service and loyalty strategy
CUST121356,0,0.09459458,9.46,Low,Normal,Normal service and loyalty strategy
CUST105999,0,0.094469994,9.45,Low,Normal,Normal service and loyalty strategy
CUST105929,0,0.09449218,9.45,Low,Normal,Normal service and loyalty strategy
CUST100664,0,0.09442489,9.44,Low,Normal,Normal service and loyalty strategy
CUST129832,0,0.09433134,9.43,Low,Normal,Normal service and loyalty strategy
CUST119916,0,0.094240546,9.42,Low,Normal,Normal service and loyalty strategy
CUST140410,1,0.09391639,9.39,Low,Normal,Normal service and loyalty strategy
CUST122285,0,0.09381849,9.38,Low,Normal,Normal service and loyalty strategy
CUST127126,0,0.09369177,9.37,Low,Normal,Normal service and loyalty strategy
CUST121211,1,0.09369126,9.37,Low,Normal,Normal service and loyalty strategy
CUST117201,0,0.09355134,9.36,Low,Normal,Normal service and loyalty strategy
CUST138919,0,0.093380116,9.34,Low,Normal,Normal service and loyalty strategy
CUST134297,0,0.09337364,9.34,Low,Normal,Normal service and loyalty strategy
CUST114792,0,0.093263134,9.33,Low,Normal,Normal service and loyalty strategy
CUST146836,0,0.09307612,9.31,Low,Normal,Normal service and loyalty strategy
CUST101231,0,0.09304957,9.3,Low,Normal,Normal service and loyalty strategy
CUST144129,0,0.09304831,9.3,Low,Normal,Normal service and loyalty strategy
CUST131517,0,0.09287032,9.29,Low,Normal,Normal service and loyalty strategy
CUST118530,0,0.092336714,9.23,Low,Normal,Normal service and loyalty strategy
CUST138755,0,0.09230323,9.23,Low,Normal,Normal service and loyalty strategy
CUST135503,0,0.09227856,9.23,Low,Normal,Normal service and loyalty strategy
CUST142589,0,0.09205817,9.21,Low,Normal,Normal service and loyalty strategy
CUST108269,0,0.09208557,9.21,Low,Normal,Normal service and loyalty strategy
CUST118145,1,0.091853395,9.19,Low,Normal,Normal service and loyalty strategy
CUST132911,0,0.09186077,9.19,Low,Normal,Normal service and loyalty strategy
CUST134960,0,0.09176509,9.18,Low,Normal,Normal service and loyalty strategy
CUST144242,0,0.09171533,9.17,Low,Normal,Normal service and loyalty strategy
CUST105491,0,0.09166651,9.17,Low,Normal,Normal service and loyalty strategy
CUST117073,0,0.09165504,9.17,Low,Normal,Normal service and loyalty strategy
CUST107124,0,0.09152501,9.15,Low,Normal,Normal service and loyalty strategy
CUST140439,0,0.091408476,9.14,Low,Normal,Normal service and loyalty strategy
CUST143905,0,0.091260344,9.13,Low,Normal,Normal service and loyalty strategy
CUST103936,0,0.09120587,9.12,Low,Normal,Normal service and loyalty strategy
CUST121798,0,0.091067,9.11,Low,Normal,Normal service and loyalty strategy
CUST143201,0,0.09104452,9.1,Low,Normal,Normal service and loyalty strategy
CUST110538,0,0.09096874,9.1,Low,Normal,Normal service and loyalty strategy
CUST100667,0,0.09090373,9.09,Low,Normal,Normal service and loyalty strategy
CUST136563,0,0.09073135,9.07,Low,Normal,Normal service and loyalty strategy
CUST125896,0,0.090501785,9.05,Low,Normal,Normal service and loyalty strategy
CUST109496,0,0.09045345,9.05,Low,Normal,Normal service and loyalty strategy
CUST123540,0,0.09039696,9.04,Low,Normal,Normal service and loyalty strategy
CUST146099,0,0.09026673,9.03,Low,Normal,Normal service and loyalty strategy
CUST130566,0,0.09028043,9.03,Low,Normal,Normal service and loyalty strategy
CUST106872,0,0.09010978,9.01,Low,Normal,Normal service and loyalty strategy
CUST142081,0,0.0898044,8.98,Low,Normal,Normal service and loyalty strategy
CUST103030,0,0.08958245,8.96,Low,Normal,Normal service and loyalty strategy
CUST104318,0,0.08944198,8.94,Low,Normal,Normal service and loyalty strategy
CUST128629,0,0.08934736,8.93,Low,Normal,Normal service and loyalty strategy
CUST140360,0,0.08905639,8.91,Low,Normal,Normal service and loyalty strategy
CUST142205,0,0.08908277,8.91,Low,Normal,Normal service and loyalty strategy
CUST126733,0,0.08895601,8.9,Low,Normal,Normal service and loyalty strategy
CUST129283,0,0.08895851,8.9,Low,Normal,Normal service and loyalty strategy
CUST125517,0,0.08899557,8.9,Low,Normal,Normal service and loyalty strategy
CUST140249,0,0.08890044,8.89,Low,Normal,Normal service and loyalty strategy
CUST124785,0,0.08888263,8.89,Low,Normal,Normal service and loyalty strategy
CUST135279,0,0.08882614,8.88,Low,Normal,Normal service and loyalty strategy
CUST103854,0,0.088754535,8.88,Low,Normal,Normal service and loyalty strategy
CUST125015,0,0.088825025,8.88,Low,Normal,Normal service and loyalty strategy
CUST136050,0,0.08858395,8.86,Low,Normal,Normal service and loyalty strategy
CUST135457,0,0.088631995,8.86,Low,Normal,Normal service and loyalty strategy
CUST126166,0,0.088388175,8.84,Low,Normal,Normal service and loyalty strategy
CUST128215,0,0.08825243,8.83,Low,Normal,Normal service and loyalty strategy
CUST147885,0,0.08822364,8.82,Low,Normal,Normal service and loyalty strategy
CUST129750,0,0.088121764,8.81,Low,Normal,Normal service and loyalty strategy
CUST122075,0,0.08809442,8.81,Low,Normal,Normal service and loyalty strategy
CUST122827,0,0.08803467,8.8,Low,Normal,Normal service and loyalty strategy
CUST140718,1,0.087840244,8.78,Low,Normal,Normal service and loyalty strategy
CUST143650,0,0.08770345,8.77,Low,Normal,Normal service and loyalty strategy
CUST146690,0,0.08755348,8.76,Low,Normal,Normal service and loyalty strategy
CUST136016,0,0.087488264,8.75,Low,Normal,Normal service and loyalty strategy
CUST107945,0,0.08728894,8.73,Low,Normal,Normal service and loyalty strategy
CUST145605,1,0.087047584,8.7,Low,Normal,Normal service and loyalty strategy
CUST130020,0,0.086280026,8.63,Low,Normal,Normal service and loyalty strategy
CUST117195,0,0.08633602,8.63,Low,Normal,Normal service and loyalty strategy
CUST122414,0,0.086210735,8.62,Low,Normal,Normal service and loyalty strategy
CUST109161,0,0.08616706,8.62,Low,Normal,Normal service and loyalty strategy
CUST143421,0,0.08586216,8.59,Low,Normal,Normal service and loyalty strategy
CUST107676,0,0.08549967,8.55,Low,Normal,Normal service and loyalty strategy
CUST147879,0,0.08552686,8.55,Low,Normal,Normal service and loyalty strategy
CUST146383,0,0.085310094,8.53,Low,Normal,Normal service and loyalty strategy
CUST129519,0,0.08513799,8.51,Low,Normal,Normal service and loyalty strategy
CUST112568,0,0.08507751,8.51,Low,Normal,Normal service and loyalty strategy
CUST128998,0,0.084859855,8.49,Low,Normal,Normal service and loyalty strategy
CUST144905,0,0.08485469,8.49,Low,Normal,Normal service and loyalty strategy
CUST143144,0,0.08473721,8.47,Low,Normal,Normal service and loyalty strategy
CUST125665,0,0.0847276,8.47,Low,Normal,Normal service and loyalty strategy
CUST103497,0,0.08457279,8.46,Low,Normal,Normal service and loyalty strategy
CUST112982,0,0.08462209,8.46,Low,Normal,Normal service and loyalty strategy
CUST103497,0,0.08457279,8.46,Low,Normal,Normal service and loyalty strategy
CUST110926,0,0.08443302,8.44,Low,Normal,Normal service and loyalty strategy
CUST108808,0,0.08386807,8.39,Low,Normal,Normal service and loyalty strategy
CUST111015,0,0.08381767,8.38,Low,Normal,Normal service and loyalty strategy
CUST136999,0,0.08375378,8.38,Low,Normal,Normal service and loyalty strategy
CUST103796,0,0.08374458,8.37,Low,Normal,Normal service and loyalty strategy
CUST135195,0,0.08365611,8.37,Low,Normal,Normal service and loyalty strategy
CUST106719,0,0.08349144,8.35,Low,Normal,Normal service and loyalty strategy
CUST117036,0,0.083526656,8.35,Low,Normal,Normal service and loyalty strategy
CUST135716,0,0.08340198,8.34,Low,Normal,Normal service and loyalty strategy
CUST113698,0,0.083422706,8.34,Low,Normal,Normal service and loyalty strategy
CUST132920,0,0.082990825,8.3,Low,Normal,Normal service and loyalty strategy
CUST144029,0,0.082879215,8.29,Low,Normal,Normal service and loyalty strategy
CUST115862,0,0.08293574,8.29,Low,Normal,Normal service and loyalty strategy
CUST103356,0,0.08282472,8.28,Low,Normal,Normal service and loyalty strategy
CUST110456,0,0.08271221,8.27,Low,Normal,Normal service and loyalty strategy
CUST106280,0,0.08247909,8.25,Low,Normal,Normal service and loyalty strategy
CUST114335,0,0.08249863,8.25,Low,Normal,Normal service and loyalty strategy
CUST147516,0,0.0825198,8.25,Low,Normal,Normal service and loyalty strategy
CUST132216,0,0.08242164,8.24,Low,Normal,Normal service and loyalty strategy
CUST146245,1,0.08211545,8.21,Low,Normal,Normal service and loyalty strategy
CUST128869,0,0.082113706,8.21,Low,Normal,Normal service and loyalty strategy
CUST104645,0,0.082122795,8.21,Low,Normal,Normal service and loyalty strategy
CUST125401,0,0.0820401,8.2,Low,Normal,Normal service and loyalty strategy
CUST116096,0,0.08192628,8.19,Low,Normal,Normal service and loyalty strategy
CUST112786,0,0.081572324,8.16,Low,Normal,Normal service and loyalty strategy
CUST116949,0,0.081481524,8.15,Low,Normal,Normal service and loyalty strategy
CUST135778,0,0.0814604,8.15,Low,Normal,Normal service and loyalty strategy
CUST147583,0,0.08140494,8.14,Low,Normal,Normal service and loyalty strategy
CUST121785,0,0.08140306,8.14,Low,Normal,Normal service and loyalty strategy
CUST122983,0,0.08130449,8.13,Low,Normal,Normal service and loyalty strategy
CUST126876,0,0.08102273,8.1,Low,Normal,Normal service and loyalty strategy
CUST133946,0,0.08104348,8.1,Low,Normal,Normal service and loyalty strategy
CUST140593,0,0.08087138,8.09,Low,Normal,Normal service and loyalty strategy
CUST101119,0,0.08078418,8.08,Low,Normal,Normal service and loyalty strategy
CUST141359,0,0.080399305,8.04,Low,Normal,Normal service and loyalty strategy
CUST132709,0,0.08023368,8.02,Low,Normal,Normal service and loyalty strategy
CUST132205,0,0.080168776,8.02,Low,Normal,Normal service and loyalty strategy
CUST116483,1,0.08017612,8.02,Low,Normal,Normal service and loyalty strategy
CUST120879,0,0.08013,8.01,Low,Normal,Normal service and loyalty strategy
CUST106728,1,0.07987569,7.99,Low,Normal,Normal service and loyalty strategy
CUST118644,0,0.07986623,7.99,Low,Normal,Normal service and loyalty strategy
CUST105666,0,0.0798261,7.98,Low,Normal,Normal service and loyalty strategy
CUST134074,0,0.07961573,7.96,Low,Normal,Normal service and loyalty strategy
CUST136747,0,0.079424426,7.94,Low,Normal,Normal service and loyalty strategy
CUST123217,0,0.07940782,7.94,Low,Normal,Normal service and loyalty strategy
CUST121402,0,0.07941221,7.94,Low,Normal,Normal service and loyalty strategy
CUST139204,0,0.07927963,7.93,Low,Normal,Normal service and loyalty strategy
CUST113135,0,0.07928135,7.93,Low,Normal,Normal service and loyalty strategy
CUST138195,0,0.07899062,7.9,Low,Normal,Normal service and loyalty strategy
CUST129569,0,0.07899984,7.9,Low,Normal,Normal service and loyalty strategy
CUST111340,1,0.07897421,7.9,Low,Normal,Normal service and loyalty strategy
CUST126549,0,0.07882215,7.88,Low,Normal,Normal service and loyalty strategy
CUST122184,0,0.07884924,7.88,Low,Normal,Normal service and loyalty strategy
CUST104224,0,0.078653626,7.87,Low,Normal,Normal service and loyalty strategy
CUST122967,0,0.07862867,7.86,Low,Normal,Normal service and loyalty strategy
CUST145787,0,0.0786424,7.86,Low,Normal,Normal service and loyalty strategy
CUST120190,0,0.07847928,7.85,Low,Normal,Normal service and loyalty strategy
CUST102057,0,0.078495234,7.85,Low,Normal,Normal service and loyalty strategy
CUST113893,0,0.07836907,7.84,Low,Normal,Normal service and loyalty strategy
CUST133587,0,0.07825436,7.83,Low,Normal,Normal service and loyalty strategy
CUST106558,0,0.078059345,7.81,Low,Normal,Normal service and loyalty strategy
CUST133811,0,0.07785281,7.79,Low,Normal,Normal service and loyalty strategy
CUST105790,0,0.07794629,7.79,Low,Normal,Normal service and loyalty strategy
CUST123213,0,0.07787511,7.79,Low,Normal,Normal service and loyalty strategy
CUST139524,0,0.07750768,7.75,Low,Normal,Normal service and loyalty strategy
CUST109733,0,0.07726149,7.73,Low,Normal,Normal service and loyalty strategy
CUST140909,0,0.077126995,7.71,Low,Normal,Normal service and loyalty strategy
CUST100003,0,0.0769958,7.7,Low,Normal,Normal service and loyalty strategy
CUST119886,0,0.07698743,7.7,Low,Normal,Normal service and loyalty strategy
CUST100191,0,0.07691727,7.69,Low,Normal,Normal service and loyalty strategy
CUST139712,0,0.076875806,7.69,Low,Normal,Normal service and loyalty strategy
CUST147971,0,0.07677678,7.68,Low,Normal,Normal service and loyalty strategy
CUST135366,0,0.076751485,7.68,Low,Normal,Normal service and loyalty strategy
CUST133361,0,0.07679194,7.68,Low,Normal,Normal service and loyalty strategy
CUST142441,0,0.0767251,7.67,Low,Normal,Normal service and loyalty strategy
CUST127005,0,0.076609604,7.66,Low,Normal,Normal service and loyalty strategy
CUST125197,0,0.07649476,7.65,Low,Normal,Normal service and loyalty strategy
CUST127585,0,0.07641313,7.64,Low,Normal,Normal service and loyalty strategy
CUST138069,0,0.07642321,7.64,Low,Normal,Normal service and loyalty strategy
CUST104014,0,0.07635016,7.64,Low,Normal,Normal service and loyalty strategy
CUST134324,0,0.07617745,7.62,Low,Normal,Normal service and loyalty strategy
CUST126569,0,0.07606264,7.61,Low,Normal,Normal service and loyalty strategy
CUST126373,0,0.07602536,7.6,Low,Normal,Normal service and loyalty strategy
CUST146184,0,0.07599314,7.6,Low,Normal,Normal service and loyalty strategy
CUST115837,1,0.0760123,7.6,Low,Normal,Normal service and loyalty strategy
CUST145385,0,0.07586691,7.59,Low,Normal,Normal service and loyalty strategy
CUST146112,0,0.075905666,7.59,Low,Normal,Normal service and loyalty strategy
CUST100159,0,0.075815186,7.58,Low,Normal,Normal service and loyalty strategy
CUST107707,0,0.07574672,7.57,Low,Normal,Normal service and loyalty strategy
CUST126609,0,0.075549394,7.55,Low,Normal,Normal service and loyalty strategy
CUST103504,0,0.07536455,7.54,Low,Normal,Normal service and loyalty strategy
CUST128714,0,0.07539406,7.54,Low,Normal,Normal service and loyalty strategy
CUST114775,0,0.07537202,7.54,Low,Normal,Normal service and loyalty strategy
CUST128285,0,0.075276434,7.53,Low,Normal,Normal service and loyalty strategy
CUST142296,0,0.07529172,7.53,Low,Normal,Normal service and loyalty strategy
CUST117673,0,0.07523791,7.52,Low,Normal,Normal service and loyalty strategy
CUST131849,0,0.075072505,7.51,Low,Normal,Normal service and loyalty strategy
CUST112397,0,0.075074606,7.51,Low,Normal,Normal service and loyalty strategy
CUST108295,0,0.07509222,7.51,Low,Normal,Normal service and loyalty strategy
CUST131253,0,0.074960485,7.5,Low,Normal,Normal service and loyalty strategy
CUST120542,0,0.07493638,7.49,Low,Normal,Normal service and loyalty strategy
CUST109332,0,0.07474092,7.47,Low,Normal,Normal service and loyalty strategy
CUST120380,0,0.07454077,7.45,Low,Normal,Normal service and loyalty strategy
CUST110589,0,0.07449464,7.45,Low,Normal,Normal service and loyalty strategy
CUST141190,0,0.07442987,7.44,Low,Normal,Normal service and loyalty strategy
CUST144693,0,0.07431112,7.43,Low,Normal,Normal service and loyalty strategy
CUST105022,0,0.07417408,7.42,Low,Normal,Normal service and loyalty strategy
CUST110435,0,0.07414828,7.41,Low,Normal,Normal service and loyalty strategy
CUST138733,0,0.07407471,7.41,Low,Normal,Normal service and loyalty strategy
CUST115699,0,0.074135564,7.41,Low,Normal,Normal service and loyalty strategy
CUST119967,0,0.07391226,7.39,Low,Normal,Normal service and loyalty strategy
CUST130200,0,0.073870055,7.39,Low,Normal,Normal service and loyalty strategy
CUST120437,0,0.07375998,7.38,Low,Normal,Normal service and loyalty strategy
CUST123024,0,0.0736503,7.37,Low,Normal,Normal service and loyalty strategy
CUST135436,0,0.073732734,7.37,Low,Normal,Normal service and loyalty strategy
CUST135432,0,0.073703706,7.37,Low,Normal,Normal service and loyalty strategy
CUST127538,0,0.073572636,7.36,Low,Normal,Normal service and loyalty strategy
CUST101281,0,0.07361918,7.36,Low,Normal,Normal service and loyalty strategy
CUST111823,0,0.073313005,7.33,Low,Normal,Normal service and loyalty strategy
CUST103993,0,0.0731801,7.32,Low,Normal,Normal service and loyalty strategy
CUST139704,0,0.073174745,7.32,Low,Normal,Normal service and loyalty strategy
CUST136862,0,0.072904654,7.29,Low,Normal,Normal service and loyalty strategy
CUST101296,0,0.07285543,7.29,Low,Normal,Normal service and loyalty strategy
CUST135693,1,0.07287164,7.29,Low,Normal,Normal service and loyalty strategy
CUST125442,0,0.07282126,7.28,Low,Normal,Normal service and loyalty strategy
CUST117332,0,0.072687425,7.27,Low,Normal,Normal service and loyalty strategy
CUST118542,0,0.0725538,7.26,Low,Normal,Normal service and loyalty strategy
CUST128860,0,0.07257541,7.26,Low,Normal,Normal service and loyalty strategy
CUST106198,0,0.07246585,7.25,Low,Normal,Normal service and loyalty strategy
CUST145421,0,0.07240644,7.24,Low,Normal,Normal service and loyalty strategy
CUST130576,1,0.07237801,7.24,Low,Normal,Normal service and loyalty strategy
CUST104617,0,0.07235971,7.24,Low,Normal,Normal service and loyalty strategy
CUST109529,0,0.07229167,7.23,Low,Normal,Normal service and loyalty strategy
CUST112402,0,0.07229433,7.23,Low,Normal,Normal service and loyalty strategy
CUST140510,0,0.07229756,7.23,Low,Normal,Normal service and loyalty strategy
CUST115266,1,0.0721626,7.22,Low,Normal,Normal service and loyalty strategy
CUST128451,0,0.072166175,7.22,Low,Normal,Normal service and loyalty strategy
CUST123508,0,0.07224505,7.22,Low,Normal,Normal service and loyalty strategy
CUST110041,1,0.072112985,7.21,Low,Normal,Normal service and loyalty strategy
CUST122346,0,0.071809426,7.18,Low,Normal,Normal service and loyalty strategy
CUST118371,0,0.07170371,7.17,Low,Normal,Normal service and loyalty strategy
CUST145164,0,0.07173422,7.17,Low,Normal,Normal service and loyalty strategy
CUST147037,1,0.0714795,7.15,Low,Normal,Normal service and loyalty strategy
CUST103990,0,0.07153703,7.15,Low,Normal,Normal service and loyalty strategy
CUST144502,0,0.07147231,7.15,Low,Normal,Normal service and loyalty strategy
CUST115368,0,0.07129335,7.13,Low,Normal,Normal service and loyalty strategy
CUST110698,0,0.07131188,7.13,Low,Normal,Normal service and loyalty strategy
CUST102001,0,0.071297534,7.13,Low,Normal,Normal service and loyalty strategy
CUST137796,0,0.071185894,7.12,Low,Normal,Normal service and loyalty strategy
CUST120420,0,0.07101608,7.1,Low,Normal,Normal service and loyalty strategy
CUST130853,0,0.07092192,7.09,Low,Normal,Normal service and loyalty strategy
CUST114649,1,0.070664525,7.07,Low,Normal,Normal service and loyalty strategy
CUST144517,0,0.07040566,7.04,Low,Normal,Normal service and loyalty strategy
CUST129047,0,0.070338376,7.03,Low,Normal,Normal service and loyalty strategy
CUST137220,0,0.070091076,7.01,Low,Normal,Normal service and loyalty strategy
CUST133089,0,0.07008482,7.01,Low,Normal,Normal service and loyalty strategy
CUST115312,1,0.070066825,7.01,Low,Normal,Normal service and loyalty strategy
CUST142498,0,0.07012104,7.01,Low,Normal,Normal service and loyalty strategy
CUST102365,0,0.07004105,7.0,Low,Normal,Normal service and loyalty strategy
CUST108693,1,0.069860354,6.99,Low,Normal,Normal service and loyalty strategy
CUST141679,0,0.0698489,6.98,Low,Normal,Normal service and loyalty strategy
CUST102475,0,0.06974108,6.97,Low,Normal,Normal service and loyalty strategy
CUST136525,0,0.06974586,6.97,Low,Normal,Normal service and loyalty strategy
CUST146659,0,0.06967241,6.97,Low,Normal,Normal service and loyalty strategy
CUST128564,0,0.06968441,6.97,Low,Normal,Normal service and loyalty strategy
CUST100936,0,0.06972065,6.97,Low,Normal,Normal service and loyalty strategy
CUST142417,0,0.06961016,6.96,Low,Normal,Normal service and loyalty strategy
CUST139272,0,0.06954562,6.95,Low,Normal,Normal service and loyalty strategy
CUST141914,0,0.06945987,6.95,Low,Normal,Normal service and loyalty strategy
CUST105059,0,0.06937609,6.94,Low,Normal,Normal service and loyalty strategy
CUST129501,0,0.06941644,6.94,Low,Normal,Normal service and loyalty strategy
CUST122979,0,0.06942023,6.94,Low,Normal,Normal service and loyalty strategy
CUST126945,0,0.0692916,6.93,Low,Normal,Normal service and loyalty strategy
CUST127416,0,0.06929744,6.93,Low,Normal,Normal service and loyalty strategy
CUST101733,0,0.069219336,6.92,Low,Normal,Normal service and loyalty strategy
CUST110330,0,0.06921809,6.92,Low,Normal,Normal service and loyalty strategy
CUST132864,0,0.06908897,6.91,Low,Normal,Normal service and loyalty strategy
CUST117376,0,0.06907467,6.91,Low,Normal,Normal service and loyalty strategy
CUST101581,0,0.06899349,6.9,Low,Normal,Normal service and loyalty strategy
CUST124421,0,0.06890957,6.89,Low,Normal,Normal service and loyalty strategy
CUST131863,1,0.068730086,6.87,Low,Normal,Normal service and loyalty strategy
CUST115629,0,0.068643615,6.86,Low,Normal,Normal service and loyalty strategy
CUST105853,0,0.06862048,6.86,Low,Normal,Normal service and loyalty strategy
CUST104372,0,0.068625,6.86,Low,Normal,Normal service and loyalty strategy
CUST113114,0,0.06850811,6.85,Low,Normal,Normal service and loyalty strategy
CUST111101,0,0.0683621,6.84,Low,Normal,Normal service and loyalty strategy
CUST114026,0,0.06834525,6.83,Low,Normal,Normal service and loyalty strategy
CUST126988,0,0.068082,6.81,Low,Normal,Normal service and loyalty strategy
CUST126798,0,0.06795779,6.8,Low,Normal,Normal service and loyalty strategy
CUST126649,0,0.06801573,6.8,Low,Normal,Normal service and loyalty strategy
CUST129579,0,0.06800691,6.8,Low,Normal,Normal service and loyalty strategy
CUST131586,0,0.06779731,6.78,Low,Normal,Normal service and loyalty strategy
CUST141554,0,0.067690454,6.77,Low,Normal,Normal service and loyalty strategy
CUST119128,1,0.067717254,6.77,Low,Normal,Normal service and loyalty strategy
CUST138915,0,0.06755854,6.76,Low,Normal,Normal service and loyalty strategy
CUST139349,0,0.06759519,6.76,Low,Normal,Normal service and loyalty strategy
CUST145178,0,0.067477286,6.75,Low,Normal,Normal service and loyalty strategy
CUST114953,0,0.06749003,6.75,Low,Normal,Normal service and loyalty strategy
CUST108749,0,0.06740545,6.74,Low,Normal,Normal service and loyalty strategy
CUST146076,0,0.06738039,6.74,Low,Normal,Normal service and loyalty strategy
CUST108071,0,0.067375235,6.74,Low,Normal,Normal service and loyalty strategy
CUST116902,0,0.06726051,6.73,Low,Normal,Normal service and loyalty strategy
CUST107668,0,0.06726205,6.73,Low,Normal,Normal service and loyalty strategy
CUST107567,0,0.06727832,6.73,Low,Normal,Normal service and loyalty strategy
CUST147545,0,0.067305416,6.73,Low,Normal,Normal service and loyalty strategy
CUST146422,0,0.06733612,6.73,Low,Normal,Normal service and loyalty strategy
CUST132893,0,0.06728699,6.73,Low,Normal,Normal service and loyalty strategy
CUST129325,0,0.06706822,6.71,Low,Normal,Normal service and loyalty strategy
CUST136505,0,0.06706415,6.71,Low,Normal,Normal service and loyalty strategy
CUST116390,0,0.067132756,6.71,Low,Normal,Normal service and loyalty strategy
CUST112037,0,0.067117766,6.71,Low,Normal,Normal service and loyalty strategy
CUST123453,1,0.06708599,6.71,Low,Normal,Normal service and loyalty strategy
CUST146085,0,0.06696117,6.7,Low,Normal,Normal service and loyalty strategy
CUST130893,0,0.066993326,6.7,Low,Normal,Normal service and loyalty strategy
CUST128639,0,0.06679611,6.68,Low,Normal,Normal service and loyalty strategy
CUST134893,1,0.06676813,6.68,Low,Normal,Normal service and loyalty strategy
CUST120634,0,0.06668711,6.67,Low,Normal,Normal service and loyalty strategy
CUST137372,0,0.066745594,6.67,Low,Normal,Normal service and loyalty strategy
CUST123135,0,0.066618465,6.66,Low,Normal,Normal service and loyalty strategy
CUST131258,0,0.06637567,6.64,Low,Normal,Normal service and loyalty strategy
CUST130510,0,0.06638442,6.64,Low,Normal,Normal service and loyalty strategy
CUST104719,0,0.06640003,6.64,Low,Normal,Normal service and loyalty strategy
CUST113757,0,0.06625849,6.63,Low,Normal,Normal service and loyalty strategy
CUST135390,0,0.06625968,6.63,Low,Normal,Normal service and loyalty strategy
CUST111818,0,0.06616631,6.62,Low,Normal,Normal service and loyalty strategy
CUST132555,0,0.0661516,6.62,Low,Normal,Normal service and loyalty strategy
CUST108914,0,0.066223584,6.62,Low,Normal,Normal service and loyalty strategy
CUST144101,0,0.06620108,6.62,Low,Normal,Normal service and loyalty strategy
CUST117373,0,0.06610632,6.61,Low,Normal,Normal service and loyalty strategy
CUST127340,0,0.066141844,6.61,Low,Normal,Normal service and loyalty strategy
CUST108527,0,0.06605189,6.61,Low,Normal,Normal service and loyalty strategy
CUST124287,0,0.066014975,6.6,Low,Normal,Normal service and loyalty strategy
CUST102349,0,0.06594933,6.59,Low,Normal,Normal service and loyalty strategy
CUST118352,0,0.06588036,6.59,Low,Normal,Normal service and loyalty strategy
CUST140238,0,0.06577023,6.58,Low,Normal,Normal service and loyalty strategy
CUST143761,0,0.06569294,6.57,Low,Normal,Normal service and loyalty strategy
CUST135673,0,0.065640196,6.56,Low,Normal,Normal service and loyalty strategy
CUST117144,0,0.06554523,6.55,Low,Normal,Normal service and loyalty strategy
CUST127681,0,0.06549463,6.55,Low,Normal,Normal service and loyalty strategy
CUST125916,0,0.065512635,6.55,Low,Normal,Normal service and loyalty strategy
CUST130593,0,0.06542821,6.54,Low,Normal,Normal service and loyalty strategy
CUST118968,0,0.06541821,6.54,Low,Normal,Normal service and loyalty strategy
CUST136730,0,0.06535814,6.54,Low,Normal,Normal service and loyalty strategy
CUST146696,0,0.06532459,6.53,Low,Normal,Normal service and loyalty strategy
CUST136797,0,0.06519414,6.52,Low,Normal,Normal service and loyalty strategy
CUST108902,0,0.065230295,6.52,Low,Normal,Normal service and loyalty strategy
CUST132940,0,0.06514058,6.51,Low,Normal,Normal service and loyalty strategy
CUST111216,0,0.06496414,6.5,Low,Normal,Normal service and loyalty strategy
CUST115170,0,0.06477177,6.48,Low,Normal,Normal service and loyalty strategy
CUST116680,0,0.06479934,6.48,Low,Normal,Normal service and loyalty strategy
CUST141941,0,0.0647246,6.47,Low,Normal,Normal service and loyalty strategy
CUST120777,0,0.06472546,6.47,Low,Normal,Normal service and loyalty strategy
CUST110273,0,0.064686775,6.47,Low,Normal,Normal service and loyalty strategy
CUST128997,0,0.064742476,6.47,Low,Normal,Normal service and loyalty strategy
CUST129853,0,0.06446882,6.45,Low,Normal,Normal service and loyalty strategy
CUST135028,0,0.06449588,6.45,Low,Normal,Normal service and loyalty strategy
CUST129260,0,0.06445801,6.45,Low,Normal,Normal service and loyalty strategy
CUST114050,0,0.06442823,6.44,Low,Normal,Normal service and loyalty strategy
CUST135250,0,0.06442156,6.44,Low,Normal,Normal service and loyalty strategy
CUST131622,0,0.06435207,6.44,Low,Normal,Normal service and loyalty strategy
CUST127343,0,0.064435355,6.44,Low,Normal,Normal service and loyalty strategy
CUST113136,0,0.06432285,6.43,Low,Normal,Normal service and loyalty strategy
CUST130104,0,0.06424144,6.42,Low,Normal,Normal service and loyalty strategy
CUST132253,0,0.064233184,6.42,Low,Normal,Normal service and loyalty strategy
CUST123587,0,0.06424578,6.42,Low,Normal,Normal service and loyalty strategy
CUST103411,0,0.064202264,6.42,Low,Normal,Normal service and loyalty strategy
CUST124843,0,0.06421371,6.42,Low,Normal,Normal service and loyalty strategy
CUST123337,0,0.06403833,6.4,Low,Normal,Normal service and loyalty strategy
CUST140219,0,0.06402483,6.4,Low,Normal,Normal service and loyalty strategy
CUST138499,0,0.063974686,6.4,Low,Normal,Normal service and loyalty strategy
CUST100267,0,0.06389326,6.39,Low,Normal,Normal service and loyalty strategy
CUST120497,0,0.0638524,6.39,Low,Normal,Normal service and loyalty strategy
CUST106283,0,0.063917235,6.39,Low,Normal,Normal service and loyalty strategy
CUST104765,0,0.06383452,6.38,Low,Normal,Normal service and loyalty strategy
CUST131767,0,0.06369047,6.37,Low,Normal,Normal service and loyalty strategy
CUST126581,0,0.063568555,6.36,Low,Normal,Normal service and loyalty strategy
CUST112376,0,0.0635957,6.36,Low,Normal,Normal service and loyalty strategy
CUST109346,0,0.06353067,6.35,Low,Normal,Normal service and loyalty strategy
CUST135531,0,0.06351745,6.35,Low,Normal,Normal service and loyalty strategy
CUST135531,0,0.06351745,6.35,Low,Normal,Normal service and loyalty strategy
CUST128865,0,0.06353077,6.35,Low,Normal,Normal service and loyalty strategy
CUST109347,0,0.06345147,6.35,Low,Normal,Normal service and loyalty strategy
CUST131056,0,0.0634701,6.35,Low,Normal,Normal service and loyalty strategy
CUST103702,0,0.06344295,6.34,Low,Normal,Normal service and loyalty strategy
CUST121156,0,0.063327044,6.33,Low,Normal,Normal service and loyalty strategy
CUST114612,0,0.063179985,6.32,Low,Normal,Normal service and loyalty strategy
CUST125624,0,0.06320375,6.32,Low,Normal,Normal service and loyalty strategy
CUST145702,0,0.06321975,6.32,Low,Normal,Normal service and loyalty strategy
CUST146005,0,0.0630628,6.31,Low,Normal,Normal service and loyalty strategy
CUST110376,0,0.06306106,6.31,Low,Normal,Normal service and loyalty strategy
CUST135308,0,0.06312854,6.31,Low,Normal,Normal service and loyalty strategy
CUST140178,0,0.06298714,6.3,Low,Normal,Normal service and loyalty strategy
CUST103912,0,0.06286194,6.29,Low,Normal,Normal service and loyalty strategy
CUST113857,0,0.062762946,6.28,Low,Normal,Normal service and loyalty strategy
CUST126208,0,0.06283604,6.28,Low,Normal,Normal service and loyalty strategy
CUST124629,0,0.062841214,6.28,Low,Normal,Normal service and loyalty strategy
CUST100428,0,0.0628403,6.28,Low,Normal,Normal service and loyalty strategy
CUST110389,0,0.06265853,6.27,Low,Normal,Normal service and loyalty strategy
CUST109374,0,0.06271748,6.27,Low,Normal,Normal service and loyalty strategy
CUST123404,0,0.062745884,6.27,Low,Normal,Normal service and loyalty strategy
CUST115807,0,0.062718816,6.27,Low,Normal,Normal service and loyalty strategy
CUST127641,0,0.062540196,6.25,Low,Normal,Normal service and loyalty strategy
CUST138047,0,0.0625404,6.25,Low,Normal,Normal service and loyalty strategy
CUST138586,0,0.06240098,6.24,Low,Normal,Normal service and loyalty strategy
CUST116430,0,0.062397707,6.24,Low,Normal,Normal service and loyalty strategy
CUST120138,0,0.06229899,6.23,Low,Normal,Normal service and loyalty strategy
CUST108087,0,0.062299274,6.23,Low,Normal,Normal service and loyalty strategy
CUST106505,0,0.062170215,6.22,Low,Normal,Normal service and loyalty strategy
CUST113103,0,0.06219939,6.22,Low,Normal,Normal service and loyalty strategy
CUST130208,0,0.062135834,6.21,Low,Normal,Normal service and loyalty strategy
CUST140335,0,0.062088057,6.21,Low,Normal,Normal service and loyalty strategy
CUST128420,0,0.062043346,6.2,Low,Normal,Normal service and loyalty strategy
CUST134461,0,0.061952937,6.2,Low,Normal,Normal service and loyalty strategy
CUST115412,0,0.061882444,6.19,Low,Normal,Normal service and loyalty strategy
CUST119067,0,0.06191663,6.19,Low,Normal,Normal service and loyalty strategy
CUST105934,0,0.061913226,6.19,Low,Normal,Normal service and loyalty strategy
CUST124148,1,0.061795335,6.18,Low,Normal,Normal service and loyalty strategy
CUST103197,0,0.061837118,6.18,Low,Normal,Normal service and loyalty strategy
CUST132609,0,0.06169277,6.17,Low,Normal,Normal service and loyalty strategy
CUST102724,0,0.061689593,6.17,Low,Normal,Normal service and loyalty strategy
CUST130359,0,0.061590925,6.16,Low,Normal,Normal service and loyalty strategy
CUST145946,0,0.061556265,6.16,Low,Normal,Normal service and loyalty strategy
CUST124741,0,0.06160479,6.16,Low,Normal,Normal service and loyalty strategy
CUST144586,0,0.06146633,6.15,Low,Normal,Normal service and loyalty strategy
CUST110113,0,0.061507013,6.15,Low,Normal,Normal service and loyalty strategy
CUST133517,0,0.061455004,6.15,Low,Normal,Normal service and loyalty strategy
CUST107500,0,0.06143313,6.14,Low,Normal,Normal service and loyalty strategy
CUST142580,0,0.061326317,6.13,Low,Normal,Normal service and loyalty strategy
CUST140680,0,0.061328404,6.13,Low,Normal,Normal service and loyalty strategy
CUST107017,0,0.06125345,6.13,Low,Normal,Normal service and loyalty strategy
CUST101804,0,0.06128262,6.13,Low,Normal,Normal service and loyalty strategy
CUST142907,0,0.06132707,6.13,Low,Normal,Normal service and loyalty strategy
CUST139235,0,0.06109176,6.11,Low,Normal,Normal service and loyalty strategy
CUST142914,0,0.061068688,6.11,Low,Normal,Normal service and loyalty strategy
CUST116095,0,0.06113095,6.11,Low,Normal,Normal service and loyalty strategy
CUST121618,0,0.060981505,6.1,Low,Normal,Normal service and loyalty strategy
CUST123386,0,0.06089315,6.09,Low,Normal,Normal service and loyalty strategy
CUST115079,0,0.060651515,6.07,Low,Normal,Normal service and loyalty strategy
CUST102992,0,0.060732838,6.07,Low,Normal,Normal service and loyalty strategy
CUST137354,0,0.06065326,6.07,Low,Normal,Normal service and loyalty strategy
CUST140954,0,0.060584657,6.06,Low,Normal,Normal service and loyalty strategy
CUST145822,0,0.060466148,6.05,Low,Normal,Normal service and loyalty strategy
CUST144060,0,0.060497753,6.05,Low,Normal,Normal service and loyalty strategy
CUST109947,0,0.0604561,6.05,Low,Normal,Normal service and loyalty strategy
CUST116199,0,0.06037699,6.04,Low,Normal,Normal service and loyalty strategy
CUST115427,0,0.0602891,6.03,Low,Normal,Normal service and loyalty strategy
CUST123886,0,0.060176108,6.02,Low,Normal,Normal service and loyalty strategy
CUST137572,0,0.06010064,6.01,Low,Normal,Normal service and loyalty strategy
CUST115701,1,0.060058907,6.01,Low,Normal,Normal service and loyalty strategy
CUST127846,0,0.060108557,6.01,Low,Normal,Normal service and loyalty strategy
CUST130474,0,0.06013917,6.01,Low,Normal,Normal service and loyalty strategy
CUST139720,0,0.06010211,6.01,Low,Normal,Normal service and loyalty strategy
CUST111636,0,0.059983123,6.0,Low,Normal,Normal service and loyalty strategy
CUST117573,0,0.059929773,5.99,Low,Normal,Normal service and loyalty strategy
CUST117289,0,0.059804827,5.98,Low,Normal,Normal service and loyalty strategy
CUST112327,0,0.059756268,5.98,Low,Normal,Normal service and loyalty strategy
CUST140508,0,0.059724223,5.97,Low,Normal,Normal service and loyalty strategy
CUST121576,0,0.059597336,5.96,Low,Normal,Normal service and loyalty strategy
CUST103369,0,0.059561417,5.96,Low,Normal,Normal service and loyalty strategy
CUST100039,0,0.059479777,5.95,Low,Normal,Normal service and loyalty strategy
CUST118208,0,0.05948074,5.95,Low,Normal,Normal service and loyalty strategy
CUST130101,0,0.059500974,5.95,Low,Normal,Normal service and loyalty strategy
CUST105485,0,0.059494752,5.95,Low,Normal,Normal service and loyalty strategy
CUST104775,0,0.059536222,5.95,Low,Normal,Normal service and loyalty strategy
CUST106145,0,0.059359107,5.94,Low,Normal,Normal service and loyalty strategy
CUST112822,0,0.05934251,5.93,Low,Normal,Normal service and loyalty strategy
CUST112184,0,0.059285223,5.93,Low,Normal,Normal service and loyalty strategy
CUST126274,0,0.059283845,5.93,Low,Normal,Normal service and loyalty strategy
CUST107503,0,0.059281994,5.93,Low,Normal,Normal service and loyalty strategy
CUST147251,0,0.059202824,5.92,Low,Normal,Normal service and loyalty strategy
CUST132198,0,0.059192985,5.92,Low,Normal,Normal service and loyalty strategy
CUST121225,0,0.05923022,5.92,Low,Normal,Normal service and loyalty strategy
CUST108536,0,0.05912441,5.91,Low,Normal,Normal service and loyalty strategy
CUST121633,0,0.059127964,5.91,Low,Normal,Normal service and loyalty strategy
CUST140319,0,0.05907236,5.91,Low,Normal,Normal service and loyalty strategy
CUST113166,0,0.059114464,5.91,Low,Normal,Normal service and loyalty strategy
CUST134385,0,0.059023056,5.9,Low,Normal,Normal service and loyalty strategy
CUST122612,0,0.058709376,5.87,Low,Normal,Normal service and loyalty strategy
CUST146589,0,0.058656383,5.87,Low,Normal,Normal service and loyalty strategy
CUST103000,0,0.058725785,5.87,Low,Normal,Normal service and loyalty strategy
CUST108263,0,0.058553252,5.86,Low,Normal,Normal service and loyalty strategy
CUST112482,0,0.05857668,5.86,Low,Normal,Normal service and loyalty strategy
CUST132532,0,0.05852573,5.85,Low,Normal,Normal service and loyalty strategy
CUST145477,0,0.05849124,5.85,Low,Normal,Normal service and loyalty strategy
CUST112435,0,0.05835194,5.84,Low,Normal,Normal service and loyalty strategy
CUST110903,1,0.058387402,5.84,Low,Normal,Normal service and loyalty strategy
CUST123549,0,0.05827932,5.83,Low,Normal,Normal service and loyalty strategy
CUST126861,0,0.058333095,5.83,Low,Normal,Normal service and loyalty strategy
CUST111341,0,0.058317404,5.83,Low,Normal,Normal service and loyalty strategy
CUST104790,0,0.058150515,5.82,Low,Normal,Normal service and loyalty strategy
CUST117275,0,0.058153637,5.82,Low,Normal,Normal service and loyalty strategy
CUST123183,0,0.058124818,5.81,Low,Normal,Normal service and loyalty strategy
CUST111368,0,0.058123175,5.81,Low,Normal,Normal service and loyalty strategy
CUST123015,0,0.058045723,5.8,Low,Normal,Normal service and loyalty strategy
CUST113134,0,0.05804404,5.8,Low,Normal,Normal service and loyalty strategy
CUST144858,0,0.057967007,5.8,Low,Normal,Normal service and loyalty strategy
CUST102486,0,0.057978183,5.8,Low,Normal,Normal service and loyalty strategy
CUST101979,0,0.0578999,5.79,Low,Normal,Normal service and loyalty strategy
CUST112165,0,0.05790503,5.79,Low,Normal,Normal service and loyalty strategy
CUST127003,0,0.0579455,5.79,Low,Normal,Normal service and loyalty strategy
CUST116048,0,0.057770107,5.78,Low,Normal,Normal service and loyalty strategy
CUST128009,0,0.057664968,5.77,Low,Normal,Normal service and loyalty strategy
CUST132346,0,0.057699315,5.77,Low,Normal,Normal service and loyalty strategy
CUST128997,0,0.057666644,5.77,Low,Normal,Normal service and loyalty strategy
CUST123151,0,0.057642717,5.76,Low,Normal,Normal service and loyalty strategy
CUST100805,0,0.05756691,5.76,Low,Normal,Normal service and loyalty strategy
CUST103171,0,0.05750974,5.75,Low,Normal,Normal service and loyalty strategy
CUST103830,1,0.057468984,5.75,Low,Normal,Normal service and loyalty strategy
CUST115463,0,0.05751356,5.75,Low,Normal,Normal service and loyalty strategy
CUST126145,0,0.057483703,5.75,Low,Normal,Normal service and loyalty strategy
CUST123675,0,0.05744937,5.74,Low,Normal,Normal service and loyalty strategy
CUST108279,0,0.057440452,5.74,Low,Normal,Normal service and loyalty strategy
CUST111676,0,0.057343945,5.73,Low,Normal,Normal service and loyalty strategy
CUST141172,0,0.057162687,5.72,Low,Normal,Normal service and loyalty strategy
CUST141092,0,0.057164818,5.72,Low,Normal,Normal service and loyalty strategy
CUST126438,0,0.057185307,5.72,Low,Normal,Normal service and loyalty strategy
CUST122934,0,0.05697827,5.7,Low,Normal,Normal service and loyalty strategy
CUST143899,0,0.05691073,5.69,Low,Normal,Normal service and loyalty strategy
CUST121467,0,0.05688842,5.69,Low,Normal,Normal service and loyalty strategy
CUST135929,0,0.05680864,5.68,Low,Normal,Normal service and loyalty strategy
CUST136946,0,0.05682641,5.68,Low,Normal,Normal service and loyalty strategy
CUST122220,0,0.05666606,5.67,Low,Normal,Normal service and loyalty strategy
CUST101246,0,0.05661042,5.66,Low,Normal,Normal service and loyalty strategy
CUST105361,0,0.056446068,5.64,Low,Normal,Normal service and loyalty strategy
CUST110723,0,0.056446936,5.64,Low,Normal,Normal service and loyalty strategy
CUST138942,0,0.056428473,5.64,Low,Normal,Normal service and loyalty strategy
CUST114033,0,0.056379817,5.64,Low,Normal,Normal service and loyalty strategy
CUST115611,0,0.056279156,5.63,Low,Normal,Normal service and loyalty strategy
CUST128597,0,0.056338444,5.63,Low,Normal,Normal service and loyalty strategy
CUST130060,0,0.05617909,5.62,Low,Normal,Normal service and loyalty strategy
CUST120128,0,0.056249935,5.62,Low,Normal,Normal service and loyalty strategy
CUST146369,0,0.056156214,5.62,Low,Normal,Normal service and loyalty strategy
CUST100909,0,0.056169268,5.62,Low,Normal,Normal service and loyalty strategy
CUST112832,0,0.05611076,5.61,Low,Normal,Normal service and loyalty strategy
CUST146140,0,0.05609868,5.61,Low,Normal,Normal service and loyalty strategy
CUST103723,0,0.055968728,5.6,Low,Normal,Normal service and loyalty strategy
CUST140570,0,0.056048088,5.6,Low,Normal,Normal service and loyalty strategy
CUST123268,0,0.056005623,5.6,Low,Normal,Normal service and loyalty strategy
CUST132859,0,0.055885967,5.59,Low,Normal,Normal service and loyalty strategy
CUST110869,0,0.055830985,5.58,Low,Normal,Normal service and loyalty strategy
CUST104089,0,0.055832215,5.58,Low,Normal,Normal service and loyalty strategy
CUST139104,0,0.05572203,5.57,Low,Normal,Normal service and loyalty strategy
CUST107688,0,0.0556664,5.57,Low,Normal,Normal service and loyalty strategy
CUST143327,0,0.055684425,5.57,Low,Normal,Normal service and loyalty strategy
CUST134559,0,0.055679735,5.57,Low,Normal,Normal service and loyalty strategy
CUST143484,0,0.055701096,5.57,Low,Normal,Normal service and loyalty strategy
CUST107760,0,0.055747077,5.57,Low,Normal,Normal service and loyalty strategy
CUST122784,0,0.055569604,5.56,Low,Normal,Normal service and loyalty strategy
CUST108176,0,0.0556253,5.56,Low,Normal,Normal service and loyalty strategy
CUST145852,0,0.055554066,5.56,Low,Normal,Normal service and loyalty strategy
CUST109628,0,0.055450954,5.55,Low,Normal,Normal service and loyalty strategy
CUST114248,0,0.055404775,5.54,Low,Normal,Normal service and loyalty strategy
CUST103139,0,0.055204894,5.52,Low,Normal,Normal service and loyalty strategy
CUST113391,0,0.055070758,5.51,Low,Normal,Normal service and loyalty strategy
CUST110513,0,0.055102292,5.51,Low,Normal,Normal service and loyalty strategy
CUST143651,0,0.05501208,5.5,Low,Normal,Normal service and loyalty strategy
CUST120605,0,0.0550112,5.5,Low,Normal,Normal service and loyalty strategy
CUST109893,0,0.05488154,5.49,Low,Normal,Normal service and loyalty strategy
CUST109027,0,0.054938823,5.49,Low,Normal,Normal service and loyalty strategy
CUST105926,0,0.05479117,5.48,Low,Normal,Normal service and loyalty strategy
CUST107864,0,0.054769322,5.48,Low,Normal,Normal service and loyalty strategy
CUST145736,0,0.054675087,5.47,Low,Normal,Normal service and loyalty strategy
CUST126969,0,0.054651726,5.47,Low,Normal,Normal service and loyalty strategy
CUST130921,0,0.05474085,5.47,Low,Normal,Normal service and loyalty strategy
CUST138356,0,0.054704007,5.47,Low,Normal,Normal service and loyalty strategy
CUST106457,0,0.054626826,5.46,Low,Normal,Normal service and loyalty strategy
CUST121875,0,0.054595966,5.46,Low,Normal,Normal service and loyalty strategy
CUST105054,0,0.054576907,5.46,Low,Normal,Normal service and loyalty strategy
CUST121180,0,0.05447542,5.45,Low,Normal,Normal service and loyalty strategy
CUST110616,0,0.05437689,5.44,Low,Normal,Normal service and loyalty strategy
CUST112577,0,0.05427087,5.43,Low,Normal,Normal service and loyalty strategy
CUST126906,1,0.054284945,5.43,Low,Normal,Normal service and loyalty strategy
CUST128556,1,0.05418376,5.42,Low,Normal,Normal service and loyalty strategy
CUST142437,0,0.054197345,5.42,Low,Normal,Normal service and loyalty strategy
CUST140102,0,0.054206014,5.42,Low,Normal,Normal service and loyalty strategy
CUST110433,0,0.054221444,5.42,Low,Normal,Normal service and loyalty strategy
CUST100175,0,0.0541351,5.41,Low,Normal,Normal service and loyalty strategy
CUST141574,0,0.054108776,5.41,Low,Normal,Normal service and loyalty strategy
CUST139781,0,0.054108433,5.41,Low,Normal,Normal service and loyalty strategy
CUST102733,0,0.054032635,5.4,Low,Normal,Normal service and loyalty strategy
CUST143304,0,0.053982265,5.4,Low,Normal,Normal service and loyalty strategy
CUST126163,0,0.05392403,5.39,Low,Normal,Normal service and loyalty strategy
CUST126163,0,0.05392403,5.39,Low,Normal,Normal service and loyalty strategy
CUST128150,0,0.05393588,5.39,Low,Normal,Normal service and loyalty strategy
CUST114539,0,0.053861793,5.39,Low,Normal,Normal service and loyalty strategy
CUST118030,0,0.05380456,5.38,Low,Normal,Normal service and loyalty strategy
CUST116625,0,0.053789727,5.38,Low,Normal,Normal service and loyalty strategy
CUST111081,0,0.05377148,5.38,Low,Normal,Normal service and loyalty strategy
CUST108854,0,0.05373288,5.37,Low,Normal,Normal service and loyalty strategy
CUST127248,0,0.053569548,5.36,Low,Normal,Normal service and loyalty strategy
CUST100606,0,0.05357686,5.36,Low,Normal,Normal service and loyalty strategy
CUST103091,0,0.053452343,5.35,Low,Normal,Normal service and loyalty strategy
CUST116318,0,0.053470284,5.35,Low,Normal,Normal service and loyalty strategy
CUST126706,0,0.05353258,5.35,Low,Normal,Normal service and loyalty strategy
CUST102229,0,0.053527802,5.35,Low,Normal,Normal service and loyalty strategy
CUST121450,0,0.053473715,5.35,Low,Normal,Normal service and loyalty strategy
CUST105319,0,0.0534387,5.34,Low,Normal,Normal service and loyalty strategy
CUST119279,0,0.05331111,5.33,Low,Normal,Normal service and loyalty strategy
CUST113339,0,0.053252105,5.33,Low,Normal,Normal service and loyalty strategy
CUST110902,0,0.053250205,5.33,Low,Normal,Normal service and loyalty strategy
CUST143882,0,0.05314819,5.31,Low,Normal,Normal service and loyalty strategy
CUST115077,0,0.053032566,5.3,Low,Normal,Normal service and loyalty strategy
CUST126883,0,0.05296523,5.3,Low,Normal,Normal service and loyalty strategy
CUST108163,0,0.05289302,5.29,Low,Normal,Normal service and loyalty strategy
CUST109982,0,0.052824993,5.28,Low,Normal,Normal service and loyalty strategy
CUST101878,0,0.052787576,5.28,Low,Normal,Normal service and loyalty strategy
CUST120295,0,0.05272313,5.27,Low,Normal,Normal service and loyalty strategy
CUST123273,0,0.052592825,5.26,Low,Normal,Normal service and loyalty strategy
CUST109419,0,0.052511495,5.25,Low,Normal,Normal service and loyalty strategy
CUST140683,0,0.052494332,5.25,Low,Normal,Normal service and loyalty strategy
CUST119385,1,0.052437477,5.24,Low,Normal,Normal service and loyalty strategy
CUST125183,0,0.05241844,5.24,Low,Normal,Normal service and loyalty strategy
CUST147574,0,0.05228058,5.23,Low,Normal,Normal service and loyalty strategy
CUST121365,0,0.05225847,5.23,Low,Normal,Normal service and loyalty strategy
CUST137438,0,0.052334756,5.23,Low,Normal,Normal service and loyalty strategy
CUST115226,0,0.05233569,5.23,Low,Normal,Normal service and loyalty strategy
CUST131912,0,0.052189868,5.22,Low,Normal,Normal service and loyalty strategy
CUST131610,0,0.05221972,5.22,Low,Normal,Normal service and loyalty strategy
CUST104726,0,0.052088987,5.21,Low,Normal,Normal service and loyalty strategy
CUST127167,0,0.05210255,5.21,Low,Normal,Normal service and loyalty strategy
CUST100696,0,0.052048493,5.2,Low,Normal,Normal service and loyalty strategy
CUST141767,0,0.05200072,5.2,Low,Normal,Normal service and loyalty strategy
CUST111640,0,0.05199621,5.2,Low,Normal,Normal service and loyalty strategy
CUST147968,0,0.051924787,5.19,Low,Normal,Normal service and loyalty strategy
CUST140471,0,0.05189895,5.19,Low,Normal,Normal service and loyalty strategy
CUST109442,0,0.05192015,5.19,Low,Normal,Normal service and loyalty strategy
CUST135106,0,0.051890384,5.19,Low,Normal,Normal service and loyalty strategy
CUST103925,0,0.051772323,5.18,Low,Normal,Normal service and loyalty strategy
CUST135075,0,0.051789906,5.18,Low,Normal,Normal service and loyalty strategy
CUST138555,0,0.051758446,5.18,Low,Normal,Normal service and loyalty strategy
CUST102906,0,0.051653802,5.17,Low,Normal,Normal service and loyalty strategy
CUST102026,0,0.051743783,5.17,Low,Normal,Normal service and loyalty strategy
CUST117871,0,0.051727116,5.17,Low,Normal,Normal service and loyalty strategy
CUST135930,0,0.05143839,5.14,Low,Normal,Normal service and loyalty strategy
CUST110286,0,0.051330194,5.13,Low,Normal,Normal service and loyalty strategy
CUST142745,0,0.051262245,5.13,Low,Normal,Normal service and loyalty strategy
CUST116084,0,0.051318087,5.13,Low,Normal,Normal service and loyalty strategy
CUST143972,0,0.051327407,5.13,Low,Normal,Normal service and loyalty strategy
CUST142285,0,0.05115262,5.12,Low,Normal,Normal service and loyalty strategy
CUST111430,0,0.051160235,5.12,Low,Normal,Normal service and loyalty strategy
CUST135690,0,0.051206782,5.12,Low,Normal,Normal service and loyalty strategy
CUST145537,0,0.051089797,5.11,Low,Normal,Normal service and loyalty strategy
CUST111675,0,0.050963324,5.1,Low,Normal,Normal service and loyalty strategy
CUST123254,0,0.050972722,5.1,Low,Normal,Normal service and loyalty strategy
CUST129468,0,0.05102069,5.1,Low,Normal,Normal service and loyalty strategy
CUST139018,0,0.050892994,5.09,Low,Normal,Normal service and loyalty strategy
CUST134068,0,0.050875496,5.09,Low,Normal,Normal service and loyalty strategy
CUST118633,0,0.050859064,5.09,Low,Normal,Normal service and loyalty strategy
CUST110219,0,0.050756194,5.08,Low,Normal,Normal service and loyalty strategy
CUST113532,0,0.05075363,5.08,Low,Normal,Normal service and loyalty strategy
CUST102103,0,0.050787345,5.08,Low,Normal,Normal service and loyalty strategy
CUST146626,0,0.050777473,5.08,Low,Normal,Normal service and loyalty strategy
CUST106132,0,0.050688062,5.07,Low,Normal,Normal service and loyalty strategy
CUST120233,0,0.050615396,5.06,Low,Normal,Normal service and loyalty strategy
CUST120796,0,0.05063231,5.06,Low,Normal,Normal service and loyalty strategy
CUST108428,0,0.050563604,5.06,Low,Normal,Normal service and loyalty strategy
CUST108728,0,0.050590627,5.06,Low,Normal,Normal service and loyalty strategy
CUST115871,0,0.050634075,5.06,Low,Normal,Normal service and loyalty strategy
CUST110957,0,0.050576277,5.06,Low,Normal,Normal service and loyalty strategy
CUST112286,0,0.0506025,5.06,Low,Normal,Normal service and loyalty strategy
CUST105668,0,0.05052817,5.05,Low,Normal,Normal service and loyalty strategy
CUST142261,0,0.05047838,5.05,Low,Normal,Normal service and loyalty strategy
CUST138522,0,0.05050539,5.05,Low,Normal,Normal service and loyalty strategy
CUST141282,0,0.050542183,5.05,Low,Normal,Normal service and loyalty strategy
CUST109825,0,0.05040105,5.04,Low,Normal,Normal service and loyalty strategy
CUST140737,0,0.050417952,5.04,Low,Normal,Normal service and loyalty strategy
CUST101144,0,0.050419517,5.04,Low,Normal,Normal service and loyalty strategy
CUST119715,0,0.050297797,5.03,Low,Normal,Normal service and loyalty strategy
CUST114176,0,0.050328903,5.03,Low,Normal,Normal service and loyalty strategy
CUST143927,0,0.05028432,5.03,Low,Normal,Normal service and loyalty strategy
CUST110088,0,0.05018492,5.02,Low,Normal,Normal service and loyalty strategy
CUST140786,0,0.050149895,5.01,Low,Normal,Normal service and loyalty strategy
CUST105146,0,0.050147012,5.01,Low,Normal,Normal service and loyalty strategy
CUST129342,0,0.05011704,5.01,Low,Normal,Normal service and loyalty strategy
CUST141439,0,0.05007776,5.01,Low,Normal,Normal service and loyalty strategy
CUST146675,0,0.050132975,5.01,Low,Normal,Normal service and loyalty strategy
CUST118411,0,0.050018657,5.0,Low,Normal,Normal service and loyalty strategy
CUST129651,0,0.050048403,5.0,Low,Normal,Normal service and loyalty strategy
CUST128893,0,0.050029963,5.0,Low,Normal,Normal service and loyalty strategy
CUST147168,0,0.049851548,4.99,Low,Normal,Normal service and loyalty strategy
CUST137665,0,0.049945466,4.99,Low,Normal,Normal service and loyalty strategy
CUST141701,1,0.04986734,4.99,Low,Normal,Normal service and loyalty strategy
CUST119073,0,0.04994366,4.99,Low,Normal,Normal service and loyalty strategy
CUST139545,0,0.049915485,4.99,Low,Normal,Normal service and loyalty strategy
CUST120340,0,0.049824443,4.98,Low,Normal,Normal service and loyalty strategy
CUST132430,0,0.04982232,4.98,Low,Normal,Normal service and loyalty strategy
CUST144501,0,0.04974827,4.97,Low,Normal,Normal service and loyalty strategy
CUST121355,0,0.049714014,4.97,Low,Normal,Normal service and loyalty strategy
CUST144523,0,0.049743522,4.97,Low,Normal,Normal service and loyalty strategy
CUST146055,0,0.049554933,4.96,Low,Normal,Normal service and loyalty strategy
CUST121415,0,0.049564365,4.96,Low,Normal,Normal service and loyalty strategy
CUST121917,0,0.04961197,4.96,Low,Normal,Normal service and loyalty strategy
CUST142047,0,0.049480043,4.95,Low,Normal,Normal service and loyalty strategy
CUST113734,0,0.04950778,4.95,Low,Normal,Normal service and loyalty strategy
CUST125202,0,0.049541097,4.95,Low,Normal,Normal service and loyalty strategy
CUST133040,0,0.04951295,4.95,Low,Normal,Normal service and loyalty strategy
CUST139381,0,0.049486183,4.95,Low,Normal,Normal service and loyalty strategy
CUST118062,0,0.049421426,4.94,Low,Normal,Normal service and loyalty strategy
CUST124900,0,0.049364448,4.94,Low,Normal,Normal service and loyalty strategy
CUST122651,0,0.049263746,4.93,Low,Normal,Normal service and loyalty strategy
CUST100196,0,0.04933719,4.93,Low,Normal,Normal service and loyalty strategy
CUST139214,0,0.04929184,4.93,Low,Normal,Normal service and loyalty strategy
CUST106607,0,0.04934686,4.93,Low,Normal,Normal service and loyalty strategy
CUST107462,0,0.049164794,4.92,Low,Normal,Normal service and loyalty strategy
CUST106757,0,0.049226444,4.92,Low,Normal,Normal service and loyalty strategy
CUST133276,0,0.04924081,4.92,Low,Normal,Normal service and loyalty strategy
CUST135506,0,0.0492023,4.92,Low,Normal,Normal service and loyalty strategy
CUST131871,0,0.049228262,4.92,Low,Normal,Normal service and loyalty strategy
CUST120604,0,0.04909355,4.91,Low,Normal,Normal service and loyalty strategy
CUST103005,0,0.049030576,4.9,Low,Normal,Normal service and loyalty strategy
CUST125444,0,0.04899845,4.9,Low,Normal,Normal service and loyalty strategy
CUST101770,0,0.049004745,4.9,Low,Normal,Normal service and loyalty strategy
CUST129444,0,0.048918683,4.89,Low,Normal,Normal service and loyalty strategy
CUST133153,0,0.048916668,4.89,Low,Normal,Normal service and loyalty strategy
CUST102050,0,0.048846733,4.88,Low,Normal,Normal service and loyalty strategy
CUST100828,0,0.04879607,4.88,Low,Normal,Normal service and loyalty strategy
CUST109900,0,0.04877611,4.88,Low,Normal,Normal service and loyalty strategy
CUST108168,0,0.048828173,4.88,Low,Normal,Normal service and loyalty strategy
CUST143623,0,0.048687913,4.87,Low,Normal,Normal service and loyalty strategy
CUST122151,0,0.04871569,4.87,Low,Normal,Normal service and loyalty strategy
CUST145968,0,0.048606534,4.86,Low,Normal,Normal service and loyalty strategy
CUST139965,0,0.048644695,4.86,Low,Normal,Normal service and loyalty strategy
CUST113872,0,0.0486377,4.86,Low,Normal,Normal service and loyalty strategy
CUST103568,0,0.04859856,4.86,Low,Normal,Normal service and loyalty strategy
CUST106051,0,0.048508108,4.85,Low,Normal,Normal service and loyalty strategy
CUST146790,0,0.048511937,4.85,Low,Normal,Normal service and loyalty strategy
CUST132062,0,0.048534214,4.85,Low,Normal,Normal service and loyalty strategy
CUST129022,0,0.048476182,4.85,Low,Normal,Normal service and loyalty strategy
CUST138160,0,0.048379224,4.84,Low,Normal,Normal service and loyalty strategy
CUST110693,0,0.04844606,4.84,Low,Normal,Normal service and loyalty strategy
CUST111223,0,0.048427597,4.84,Low,Normal,Normal service and loyalty strategy
CUST145487,0,0.04843319,4.84,Low,Normal,Normal service and loyalty strategy
CUST147272,0,0.048412435,4.84,Low,Normal,Normal service and loyalty strategy
CUST118641,0,0.0483986,4.84,Low,Normal,Normal service and loyalty strategy
CUST114285,0,0.048363287,4.84,Low,Normal,Normal service and loyalty strategy
CUST146314,0,0.048378695,4.84,Low,Normal,Normal service and loyalty strategy
CUST141124,0,0.048369486,4.84,Low,Normal,Normal service and loyalty strategy
CUST129724,0,0.048341457,4.83,Low,Normal,Normal service and loyalty strategy
CUST113127,0,0.048309177,4.83,Low,Normal,Normal service and loyalty strategy
CUST135193,0,0.048210837,4.82,Low,Normal,Normal service and loyalty strategy
CUST134542,0,0.04819597,4.82,Low,Normal,Normal service and loyalty strategy
CUST140891,0,0.04824596,4.82,Low,Normal,Normal service and loyalty strategy
CUST131470,0,0.048116498,4.81,Low,Normal,Normal service and loyalty strategy
CUST117021,0,0.04813712,4.81,Low,Normal,Normal service and loyalty strategy
CUST114798,0,0.048114926,4.81,Low,Normal,Normal service and loyalty strategy
CUST116231,0,0.04807658,4.81,Low,Normal,Normal service and loyalty strategy
CUST132950,0,0.048073996,4.81,Low,Normal,Normal service and loyalty strategy
CUST103758,0,0.048109226,4.81,Low,Normal,Normal service and loyalty strategy
CUST139308,0,0.04803012,4.8,Low,Normal,Normal service and loyalty strategy
CUST145041,0,0.0479856,4.8,Low,Normal,Normal service and loyalty strategy
CUST129341,0,0.047998637,4.8,Low,Normal,Normal service and loyalty strategy
CUST128565,0,0.04803533,4.8,Low,Normal,Normal service and loyalty strategy
CUST113733,0,0.04799041,4.8,Low,Normal,Normal service and loyalty strategy
CUST144536,0,0.047945444,4.79,Low,Normal,Normal service and loyalty strategy
CUST113667,0,0.04790142,4.79,Low,Normal,Normal service and loyalty strategy
CUST109910,0,0.047834616,4.78,Low,Normal,Normal service and loyalty strategy
CUST107599,0,0.0478177,4.78,Low,Normal,Normal service and loyalty strategy
CUST112720,0,0.047802676,4.78,Low,Normal,Normal service and loyalty strategy
CUST100014,0,0.047694314,4.77,Low,Normal,Normal service and loyalty strategy
CUST121981,0,0.04770734,4.77,Low,Normal,Normal service and loyalty strategy
CUST102035,0,0.047737032,4.77,Low,Normal,Normal service and loyalty strategy
CUST127391,1,0.047678553,4.77,Low,Normal,Normal service and loyalty strategy
CUST113655,0,0.04765049,4.77,Low,Normal,Normal service and loyalty strategy
CUST108388,0,0.047592413,4.76,Low,Normal,Normal service and loyalty strategy
CUST119231,0,0.047616735,4.76,Low,Normal,Normal service and loyalty strategy
CUST118987,0,0.047587417,4.76,Low,Normal,Normal service and loyalty strategy
CUST100068,0,0.047646742,4.76,Low,Normal,Normal service and loyalty strategy
CUST124379,0,0.047622323,4.76,Low,Normal,Normal service and loyalty strategy
CUST101830,0,0.04739974,4.74,Low,Normal,Normal service and loyalty strategy
CUST127202,0,0.047436655,4.74,Low,Normal,Normal service and loyalty strategy
CUST121988,0,0.04744617,4.74,Low,Normal,Normal service and loyalty strategy
CUST137173,1,0.04742486,4.74,Low,Normal,Normal service and loyalty strategy
CUST131955,0,0.047431227,4.74,Low,Normal,Normal service and loyalty strategy
CUST137236,0,0.047420178,4.74,Low,Normal,Normal service and loyalty strategy
CUST138470,0,0.047276393,4.73,Low,Normal,Normal service and loyalty strategy
CUST105936,0,0.047261275,4.73,Low,Normal,Normal service and loyalty strategy
CUST119401,0,0.04730882,4.73,Low,Normal,Normal service and loyalty strategy
CUST105612,0,0.04733904,4.73,Low,Normal,Normal service and loyalty strategy
CUST128932,0,0.047290288,4.73,Low,Normal,Normal service and loyalty strategy
CUST135576,0,0.04716861,4.72,Low,Normal,Normal service and loyalty strategy
CUST133598,0,0.04724296,4.72,Low,Normal,Normal service and loyalty strategy
CUST131447,0,0.04716013,4.72,Low,Normal,Normal service and loyalty strategy
CUST144728,0,0.047114193,4.71,Low,Normal,Normal service and loyalty strategy
CUST147994,1,0.047121577,4.71,Low,Normal,Normal service and loyalty strategy
CUST108520,0,0.04696526,4.7,Low,Normal,Normal service and loyalty strategy
CUST139643,0,0.04702427,4.7,Low,Normal,Normal service and loyalty strategy
CUST130668,0,0.047046486,4.7,Low,Normal,Normal service and loyalty strategy
CUST140102,0,0.046954993,4.7,Low,Normal,Normal service and loyalty strategy
CUST136600,0,0.046939336,4.69,Low,Normal,Normal service and loyalty strategy
CUST129777,0,0.046931922,4.69,Low,Normal,Normal service and loyalty strategy
CUST129088,0,0.046942268,4.69,Low,Normal,Normal service and loyalty strategy
CUST138188,0,0.04677967,4.68,Low,Normal,Normal service and loyalty strategy
CUST127328,0,0.046839997,4.68,Low,Normal,Normal service and loyalty strategy
CUST142045,0,0.04681282,4.68,Low,Normal,Normal service and loyalty strategy
CUST121864,0,0.04680349,4.68,Low,Normal,Normal service and loyalty strategy
CUST128179,0,0.046751376,4.68,Low,Normal,Normal service and loyalty strategy
CUST141616,0,0.04672893,4.67,Low,Normal,Normal service and loyalty strategy
CUST110208,0,0.04672717,4.67,Low,Normal,Normal service and loyalty strategy
CUST101238,0,0.04666495,4.67,Low,Normal,Normal service and loyalty strategy
CUST134892,0,0.046570517,4.66,Low,Normal,Normal service and loyalty strategy
CUST122445,1,0.046563193,4.66,Low,Normal,Normal service and loyalty strategy
CUST105469,0,0.046456624,4.65,Low,Normal,Normal service and loyalty strategy
CUST147408,0,0.04650794,4.65,Low,Normal,Normal service and loyalty strategy
CUST127407,0,0.04641955,4.64,Low,Normal,Normal service and loyalty strategy
CUST110291,0,0.04635202,4.64,Low,Normal,Normal service and loyalty strategy
CUST140449,0,0.046382405,4.64,Low,Normal,Normal service and loyalty strategy
CUST118881,0,0.04638177,4.64,Low,Normal,Normal service and loyalty strategy
CUST139503,0,0.04625941,4.63,Low,Normal,Normal service and loyalty strategy
CUST142471,0,0.04632628,4.63,Low,Normal,Normal service and loyalty strategy
CUST112575,0,0.04628225,4.63,Low,Normal,Normal service and loyalty strategy
CUST113105,0,0.04629771,4.63,Low,Normal,Normal service and loyalty strategy
CUST119834,0,0.046293784,4.63,Low,Normal,Normal service and loyalty strategy
CUST144023,0,0.046235923,4.62,Low,Normal,Normal service and loyalty strategy
CUST145069,0,0.04623587,4.62,Low,Normal,Normal service and loyalty strategy
CUST125778,0,0.046182323,4.62,Low,Normal,Normal service and loyalty strategy
CUST131404,0,0.046242863,4.62,Low,Normal,Normal service and loyalty strategy
CUST113234,0,0.046190757,4.62,Low,Normal,Normal service and loyalty strategy
CUST109007,0,0.046089247,4.61,Low,Normal,Normal service and loyalty strategy
CUST113908,0,0.046044007,4.6,Low,Normal,Normal service and loyalty strategy
CUST118849,0,0.045953624,4.6,Low,Normal,Normal service and loyalty strategy
CUST147224,0,0.046048447,4.6,Low,Normal,Normal service and loyalty strategy
CUST100598,0,0.046008393,4.6,Low,Normal,Normal service and loyalty strategy
CUST113908,0,0.046044007,4.6,Low,Normal,Normal service and loyalty strategy
CUST139678,0,0.045989793,4.6,Low,Normal,Normal service and loyalty strategy
CUST144963,0,0.04603031,4.6,Low,Normal,Normal service and loyalty strategy
CUST140978,0,0.045899704,4.59,Low,Normal,Normal service and loyalty strategy
CUST110756,0,0.045853503,4.59,Low,Normal,Normal service and loyalty strategy
CUST127498,0,0.04592552,4.59,Low,Normal,Normal service and loyalty strategy
CUST102599,0,0.04582806,4.58,Low,Normal,Normal service and loyalty strategy
CUST133159,0,0.045843158,4.58,Low,Normal,Normal service and loyalty strategy
CUST105521,0,0.04582185,4.58,Low,Normal,Normal service and loyalty strategy
CUST116365,1,0.0456891,4.57,Low,Normal,Normal service and loyalty strategy
CUST142862,0,0.045685235,4.57,Low,Normal,Normal service and loyalty strategy
CUST140327,0,0.04572494,4.57,Low,Normal,Normal service and loyalty strategy
CUST111549,0,0.0456225,4.56,Low,Normal,Normal service and loyalty strategy
CUST100597,0,0.04557304,4.56,Low,Normal,Normal service and loyalty strategy
CUST100579,0,0.045552347,4.56,Low,Normal,Normal service and loyalty strategy
CUST122443,0,0.045518875,4.55,Low,Normal,Normal service and loyalty strategy
CUST140782,0,0.04546879,4.55,Low,Normal,Normal service and loyalty strategy
CUST107586,0,0.04552236,4.55,Low,Normal,Normal service and loyalty strategy
CUST136943,0,0.045410693,4.54,Low,Normal,Normal service and loyalty strategy
CUST122256,0,0.045383196,4.54,Low,Normal,Normal service and loyalty strategy
CUST107981,0,0.04540107,4.54,Low,Normal,Normal service and loyalty strategy
CUST104922,0,0.04539049,4.54,Low,Normal,Normal service and loyalty strategy
CUST124105,0,0.045259047,4.53,Low,Normal,Normal service and loyalty strategy
CUST120756,0,0.045250013,4.53,Low,Normal,Normal service and loyalty strategy
CUST143535,0,0.04524198,4.52,Low,Normal,Normal service and loyalty strategy
CUST115805,0,0.045198187,4.52,Low,Normal,Normal service and loyalty strategy
CUST145781,0,0.045158625,4.52,Low,Normal,Normal service and loyalty strategy
CUST117493,0,0.045163628,4.52,Low,Normal,Normal service and loyalty strategy
CUST115311,0,0.045222726,4.52,Low,Normal,Normal service and loyalty strategy
CUST138057,0,0.04522112,4.52,Low,Normal,Normal service and loyalty strategy
CUST107162,0,0.045214675,4.52,Low,Normal,Normal service and loyalty strategy
CUST141563,0,0.04516255,4.52,Low,Normal,Normal service and loyalty strategy
CUST110339,0,0.0451455,4.51,Low,Normal,Normal service and loyalty strategy
CUST105626,0,0.045062806,4.51,Low,Normal,Normal service and loyalty strategy
CUST127613,0,0.04513476,4.51,Low,Normal,Normal service and loyalty strategy
CUST105318,1,0.045029566,4.5,Low,Normal,Normal service and loyalty strategy
CUST135822,0,0.044905182,4.49,Low,Normal,Normal service and loyalty strategy
CUST104259,0,0.04477916,4.48,Low,Normal,Normal service and loyalty strategy
CUST124279,0,0.044837285,4.48,Low,Normal,Normal service and loyalty strategy
CUST102020,0,0.04475476,4.48,Low,Normal,Normal service and loyalty strategy
CUST145061,0,0.04473492,4.47,Low,Normal,Normal service and loyalty strategy
CUST144399,1,0.044662517,4.47,Low,Normal,Normal service and loyalty strategy
CUST136062,0,0.04473499,4.47,Low,Normal,Normal service and loyalty strategy
CUST130608,0,0.04471295,4.47,Low,Normal,Normal service and loyalty strategy
CUST139185,0,0.044710677,4.47,Low,Normal,Normal service and loyalty strategy
CUST100555,0,0.044584554,4.46,Low,Normal,Normal service and loyalty strategy
CUST117888,0,0.04461417,4.46,Low,Normal,Normal service and loyalty strategy
CUST107221,0,0.044502586,4.45,Low,Normal,Normal service and loyalty strategy
CUST119636,0,0.044483095,4.45,Low,Normal,Normal service and loyalty strategy
CUST119031,0,0.044467118,4.45,Low,Normal,Normal service and loyalty strategy
CUST123155,0,0.044489056,4.45,Low,Normal,Normal service and loyalty strategy
CUST129165,0,0.04452996,4.45,Low,Normal,Normal service and loyalty strategy
CUST101493,0,0.044401556,4.44,Low,Normal,Normal service and loyalty strategy
CUST109209,0,0.044297703,4.43,Low,Normal,Normal service and loyalty strategy
CUST131005,0,0.04415991,4.42,Low,Normal,Normal service and loyalty strategy
CUST146402,0,0.04416257,4.42,Low,Normal,Normal service and loyalty strategy
CUST121975,0,0.04420585,4.42,Low,Normal,Normal service and loyalty strategy
CUST127544,0,0.04405629,4.41,Low,Normal,Normal service and loyalty strategy
CUST127158,0,0.044097096,4.41,Low,Normal,Normal service and loyalty strategy
CUST119138,0,0.044053335,4.41,Low,Normal,Normal service and loyalty strategy
CUST144194,0,0.044076405,4.41,Low,Normal,Normal service and loyalty strategy
CUST124549,0,0.043968063,4.4,Low,Normal,Normal service and loyalty strategy
CUST130400,0,0.044010032,4.4,Low,Normal,Normal service and loyalty strategy
CUST143815,0,0.044000532,4.4,Low,Normal,Normal service and loyalty strategy
CUST112812,0,0.04397132,4.4,Low,Normal,Normal service and loyalty strategy
CUST101468,0,0.044045586,4.4,Low,Normal,Normal service and loyalty strategy
CUST140323,0,0.044037607,4.4,Low,Normal,Normal service and loyalty strategy
CUST138991,0,0.043959655,4.4,Low,Normal,Normal service and loyalty strategy
CUST107984,0,0.043856323,4.39,Low,Normal,Normal service and loyalty strategy
CUST115023,0,0.043949023,4.39,Low,Normal,Normal service and loyalty strategy
CUST108044,0,0.043930825,4.39,Low,Normal,Normal service and loyalty strategy
CUST142990,1,0.04392073,4.39,Low,Normal,Normal service and loyalty strategy
CUST136384,0,0.043780044,4.38,Low,Normal,Normal service and loyalty strategy
CUST127873,0,0.043786462,4.38,Low,Normal,Normal service and loyalty strategy
CUST107301,0,0.043819238,4.38,Low,Normal,Normal service and loyalty strategy
CUST123608,0,0.04379517,4.38,Low,Normal,Normal service and loyalty strategy
CUST115007,0,0.043761514,4.38,Low,Normal,Normal service and loyalty strategy
CUST108802,0,0.04381814,4.38,Low,Normal,Normal service and loyalty strategy
CUST114381,0,0.043733954,4.37,Low,Normal,Normal service and loyalty strategy
CUST127802,0,0.043653768,4.37,Low,Normal,Normal service and loyalty strategy
CUST122319,0,0.04370574,4.37,Low,Normal,Normal service and loyalty strategy
CUST124461,0,0.043741584,4.37,Low,Normal,Normal service and loyalty strategy
CUST126852,0,0.04369427,4.37,Low,Normal,Normal service and loyalty strategy
CUST112058,0,0.04363915,4.36,Low,Normal,Normal service and loyalty strategy
CUST137916,0,0.043637905,4.36,Low,Normal,Normal service and loyalty strategy
CUST111850,0,0.043489393,4.35,Low,Normal,Normal service and loyalty strategy
CUST131565,1,0.04349113,4.35,Low,Normal,Normal service and loyalty strategy
CUST104214,0,0.0434851,4.35,Low,Normal,Normal service and loyalty strategy
CUST116954,0,0.043537315,4.35,Low,Normal,Normal service and loyalty strategy
CUST116147,0,0.04354139,4.35,Low,Normal,Normal service and loyalty strategy
CUST124599,0,0.04346874,4.35,Low,Normal,Normal service and loyalty strategy
CUST120776,0,0.04343106,4.34,Low,Normal,Normal service and loyalty strategy
CUST105990,0,0.043383475,4.34,Low,Normal,Normal service and loyalty strategy
CUST115810,0,0.043436874,4.34,Low,Normal,Normal service and loyalty strategy
CUST138641,0,0.04338029,4.34,Low,Normal,Normal service and loyalty strategy
CUST122638,0,0.04340245,4.34,Low,Normal,Normal service and loyalty strategy
CUST131264,0,0.043433454,4.34,Low,Normal,Normal service and loyalty strategy
CUST130201,1,0.043296568,4.33,Low,Normal,Normal service and loyalty strategy
CUST105375,0,0.04332359,4.33,Low,Normal,Normal service and loyalty strategy
CUST126970,0,0.04324107,4.32,Low,Normal,Normal service and loyalty strategy
CUST125805,0,0.043207753,4.32,Low,Normal,Normal service and loyalty strategy
CUST130657,0,0.043224886,4.32,Low,Normal,Normal service and loyalty strategy
CUST114328,0,0.043079633,4.31,Low,Normal,Normal service and loyalty strategy
CUST145709,0,0.043080844,4.31,Low,Normal,Normal service and loyalty strategy
CUST118540,0,0.043053634,4.31,Low,Normal,Normal service and loyalty strategy
CUST135131,0,0.043109916,4.31,Low,Normal,Normal service and loyalty strategy
CUST131214,0,0.043029986,4.3,Low,Normal,Normal service and loyalty strategy
CUST133395,0,0.042955995,4.3,Low,Normal,Normal service and loyalty strategy
CUST125740,0,0.04297347,4.3,Low,Normal,Normal service and loyalty strategy
CUST126921,1,0.0429904,4.3,Low,Normal,Normal service and loyalty strategy
CUST115619,0,0.04286895,4.29,Low,Normal,Normal service and loyalty strategy
CUST137843,0,0.04288539,4.29,Low,Normal,Normal service and loyalty strategy
CUST142788,0,0.04291312,4.29,Low,Normal,Normal service and loyalty strategy
CUST113053,0,0.042807013,4.28,Low,Normal,Normal service and loyalty strategy
CUST106471,0,0.042841714,4.28,Low,Normal,Normal service and loyalty strategy
CUST139605,1,0.042837523,4.28,Low,Normal,Normal service and loyalty strategy
CUST116793,0,0.04265717,4.27,Low,Normal,Normal service and loyalty strategy
CUST133838,0,0.04265561,4.27,Low,Normal,Normal service and loyalty strategy
CUST108264,0,0.042578958,4.26,Low,Normal,Normal service and loyalty strategy
CUST118604,1,0.042628486,4.26,Low,Normal,Normal service and loyalty strategy
CUST147092,0,0.04255931,4.26,Low,Normal,Normal service and loyalty strategy
CUST139749,0,0.0425556,4.26,Low,Normal,Normal service and loyalty strategy
CUST114454,0,0.042498197,4.25,Low,Normal,Normal service and loyalty strategy
CUST102053,0,0.0424615,4.25,Low,Normal,Normal service and loyalty strategy
CUST116497,0,0.042499933,4.25,Low,Normal,Normal service and loyalty strategy
CUST100079,0,0.042438492,4.24,Low,Normal,Normal service and loyalty strategy
CUST106421,0,0.0424227,4.24,Low,Normal,Normal service and loyalty strategy
CUST117728,0,0.042422015,4.24,Low,Normal,Normal service and loyalty strategy
CUST121516,0,0.0422942,4.23,Low,Normal,Normal service and loyalty strategy
CUST129709,0,0.04225523,4.23,Low,Normal,Normal service and loyalty strategy
CUST103697,0,0.042288393,4.23,Low,Normal,Normal service and loyalty strategy
CUST134447,0,0.042266134,4.23,Low,Normal,Normal service and loyalty strategy
CUST114364,0,0.04217832,4.22,Low,Normal,Normal service and loyalty strategy
CUST131949,0,0.042213924,4.22,Low,Normal,Normal service and loyalty strategy
CUST114364,0,0.04217832,4.22,Low,Normal,Normal service and loyalty strategy
CUST144801,0,0.042168815,4.22,Low,Normal,Normal service and loyalty strategy
CUST140113,0,0.04210235,4.21,Low,Normal,Normal service and loyalty strategy
CUST143028,0,0.042124107,4.21,Low,Normal,Normal service and loyalty strategy
CUST127769,0,0.042037763,4.2,Low,Normal,Normal service and loyalty strategy
CUST110922,0,0.0420417,4.2,Low,Normal,Normal service and loyalty strategy
CUST144109,0,0.04204772,4.2,Low,Normal,Normal service and loyalty strategy
CUST114177,0,0.042028088,4.2,Low,Normal,Normal service and loyalty strategy
CUST104081,0,0.041997995,4.2,Low,Normal,Normal service and loyalty strategy
CUST136273,0,0.042036574,4.2,Low,Normal,Normal service and loyalty strategy
CUST106644,0,0.041930273,4.19,Low,Normal,Normal service and loyalty strategy
CUST110653,0,0.04194172,4.19,Low,Normal,Normal service and loyalty strategy
CUST133757,0,0.0419175,4.19,Low,Normal,Normal service and loyalty strategy
CUST107117,0,0.04185657,4.19,Low,Normal,Normal service and loyalty strategy
CUST101608,0,0.041911926,4.19,Low,Normal,Normal service and loyalty strategy
CUST111896,0,0.04188887,4.19,Low,Normal,Normal service and loyalty strategy
CUST112025,0,0.04180721,4.18,Low,Normal,Normal service and loyalty strategy
CUST128709,0,0.041753177,4.18,Low,Normal,Normal service and loyalty strategy
CUST134521,0,0.04184153,4.18,Low,Normal,Normal service and loyalty strategy
CUST123836,0,0.041845802,4.18,Low,Normal,Normal service and loyalty strategy
CUST123133,0,0.041654512,4.17,Low,Normal,Normal service and loyalty strategy
CUST104689,0,0.041747797,4.17,Low,Normal,Normal service and loyalty strategy
CUST131175,0,0.04168669,4.17,Low,Normal,Normal service and loyalty strategy
CUST135571,0,0.041740835,4.17,Low,Normal,Normal service and loyalty strategy
CUST111681,0,0.041627187,4.16,Low,Normal,Normal service and loyalty strategy
CUST122876,1,0.04161952,4.16,Low,Normal,Normal service and loyalty strategy
CUST110862,0,0.041572623,4.16,Low,Normal,Normal service and loyalty strategy
CUST138744,0,0.041576043,4.16,Low,Normal,Normal service and loyalty strategy
CUST140849,0,0.04162654,4.16,Low,Normal,Normal service and loyalty strategy
CUST111977,0,0.04149673,4.15,Low,Normal,Normal service and loyalty strategy
CUST131222,0,0.041487522,4.15,Low,Normal,Normal service and loyalty strategy
CUST139945,0,0.04154813,4.15,Low,Normal,Normal service and loyalty strategy
CUST146034,0,0.0414663,4.15,Low,Normal,Normal service and loyalty strategy
CUST108018,0,0.041514296,4.15,Low,Normal,Normal service and loyalty strategy
CUST119660,0,0.04149654,4.15,Low,Normal,Normal service and loyalty strategy
CUST114334,0,0.04139977,4.14,Low,Normal,Normal service and loyalty strategy
CUST109731,0,0.041353676,4.14,Low,Normal,Normal service and loyalty strategy
CUST107037,0,0.04127684,4.13,Low,Normal,Normal service and loyalty strategy
CUST104635,0,0.041229133,4.12,Low,Normal,Normal service and loyalty strategy
CUST136547,0,0.041241642,4.12,Low,Normal,Normal service and loyalty strategy
CUST139814,0,0.041223254,4.12,Low,Normal,Normal service and loyalty strategy
CUST139233,0,0.041230083,4.12,Low,Normal,Normal service and loyalty strategy
CUST128554,0,0.04124562,4.12,Low,Normal,Normal service and loyalty strategy
CUST123200,0,0.041242488,4.12,Low,Normal,Normal service and loyalty strategy
CUST147946,0,0.04123972,4.12,Low,Normal,Normal service and loyalty strategy
CUST115776,0,0.04117665,4.12,Low,Normal,Normal service and loyalty strategy
CUST114641,0,0.041064397,4.11,Low,Normal,Normal service and loyalty strategy
CUST134645,0,0.04111098,4.11,Low,Normal,Normal service and loyalty strategy
CUST110158,0,0.041107576,4.11,Low,Normal,Normal service and loyalty strategy
CUST123843,0,0.041141752,4.11,Low,Normal,Normal service and loyalty strategy
CUST118187,0,0.04110938,4.11,Low,Normal,Normal service and loyalty strategy
CUST128051,0,0.041114464,4.11,Low,Normal,Normal service and loyalty strategy
CUST100826,0,0.041055594,4.11,Low,Normal,Normal service and loyalty strategy
CUST103911,0,0.041074526,4.11,Low,Normal,Normal service and loyalty strategy
CUST100697,1,0.04099288,4.1,Low,Normal,Normal service and loyalty strategy
CUST126656,0,0.04104342,4.1,Low,Normal,Normal service and loyalty strategy
CUST126908,0,0.040985316,4.1,Low,Normal,Normal service and loyalty strategy
CUST101597,0,0.040934797,4.09,Low,Normal,Normal service and loyalty strategy
CUST131893,0,0.04088572,4.09,Low,Normal,Normal service and loyalty strategy
CUST126053,1,0.040856365,4.09,Low,Normal,Normal service and loyalty strategy
CUST116449,0,0.040827066,4.08,Low,Normal,Normal service and loyalty strategy
CUST141029,1,0.04075975,4.08,Low,Normal,Normal service and loyalty strategy
CUST141443,0,0.040817004,4.08,Low,Normal,Normal service and loyalty strategy
CUST143023,0,0.040816557,4.08,Low,Normal,Normal service and loyalty strategy
CUST140539,0,0.040654067,4.07,Low,Normal,Normal service and loyalty strategy
CUST146613,0,0.040653083,4.07,Low,Normal,Normal service and loyalty strategy
CUST138264,0,0.04066322,4.07,Low,Normal,Normal service and loyalty strategy
CUST146613,0,0.040653083,4.07,Low,Normal,Normal service and loyalty strategy
CUST119529,0,0.04066345,4.07,Low,Normal,Normal service and loyalty strategy
CUST111395,0,0.040698007,4.07,Low,Normal,Normal service and loyalty strategy
CUST136751,0,0.04056401,4.06,Low,Normal,Normal service and loyalty strategy
CUST116590,0,0.040639844,4.06,Low,Normal,Normal service and loyalty strategy
CUST100368,0,0.040627416,4.06,Low,Normal,Normal service and loyalty strategy
CUST139015,0,0.040644787,4.06,Low,Normal,Normal service and loyalty strategy
CUST128278,0,0.040645495,4.06,Low,Normal,Normal service and loyalty strategy
CUST100640,0,0.0405526,4.06,Low,Normal,Normal service and loyalty strategy
CUST130934,0,0.040504336,4.05,Low,Normal,Normal service and loyalty strategy
CUST132421,0,0.040477194,4.05,Low,Normal,Normal service and loyalty strategy
CUST128829,0,0.04050316,4.05,Low,Normal,Normal service and loyalty strategy
CUST124394,0,0.040543556,4.05,Low,Normal,Normal service and loyalty strategy
CUST103430,0,0.040474333,4.05,Low,Normal,Normal service and loyalty strategy
CUST144257,0,0.04051706,4.05,Low,Normal,Normal service and loyalty strategy
CUST108039,0,0.040523548,4.05,Low,Normal,Normal service and loyalty strategy
CUST108355,0,0.040425908,4.04,Low,Normal,Normal service and loyalty strategy
CUST125240,0,0.040436935,4.04,Low,Normal,Normal service and loyalty strategy
CUST108355,0,0.040425908,4.04,Low,Normal,Normal service and loyalty strategy
CUST127771,0,0.040363796,4.04,Low,Normal,Normal service and loyalty strategy
CUST132396,0,0.040252317,4.03,Low,Normal,Normal service and loyalty strategy
CUST129064,0,0.040312324,4.03,Low,Normal,Normal service and loyalty strategy
CUST118939,0,0.040343795,4.03,Low,Normal,Normal service and loyalty strategy
CUST131591,0,0.04028569,4.03,Low,Normal,Normal service and loyalty strategy
CUST116224,0,0.04031687,4.03,Low,Normal,Normal service and loyalty strategy
CUST134987,0,0.04019666,4.02,Low,Normal,Normal service and loyalty strategy
CUST143278,0,0.040215906,4.02,Low,Normal,Normal service and loyalty strategy
CUST140972,0,0.040229186,4.02,Low,Normal,Normal service and loyalty strategy
CUST115969,0,0.04015752,4.02,Low,Normal,Normal service and loyalty strategy
CUST141948,0,0.04021366,4.02,Low,Normal,Normal service and loyalty strategy
CUST133653,0,0.040197313,4.02,Low,Normal,Normal service and loyalty strategy
CUST108690,0,0.040183663,4.02,Low,Normal,Normal service and loyalty strategy
CUST104366,0,0.04010163,4.01,Low,Normal,Normal service and loyalty strategy
CUST144957,0,0.040149994,4.01,Low,Normal,Normal service and loyalty strategy
CUST139764,0,0.040114157,4.01,Low,Normal,Normal service and loyalty strategy
CUST121255,0,0.040058862,4.01,Low,Normal,Normal service and loyalty strategy
CUST117659,0,0.040050227,4.01,Low,Normal,Normal service and loyalty strategy
CUST128036,0,0.04007623,4.01,Low,Normal,Normal service and loyalty strategy
CUST129032,0,0.04003037,4.0,Low,Normal,Normal service and loyalty strategy
CUST100219,0,0.0400118,4.0,Low,Normal,Normal service and loyalty strategy
CUST110334,0,0.03996484,4.0,Low,Normal,Normal service and loyalty strategy
CUST138589,0,0.040029407,4.0,Low,Normal,Normal service and loyalty strategy
CUST100761,0,0.03987161,3.99,Low,Normal,Normal service and loyalty strategy
CUST103343,0,0.039906036,3.99,Low,Normal,Normal service and loyalty strategy
CUST115625,0,0.039935805,3.99,Low,Normal,Normal service and loyalty strategy
CUST142856,0,0.03982826,3.98,Low,Normal,Normal service and loyalty strategy
CUST141304,0,0.03979209,3.98,Low,Normal,Normal service and loyalty strategy
CUST114215,0,0.03983522,3.98,Low,Normal,Normal service and loyalty strategy
CUST111881,0,0.039766174,3.98,Low,Normal,Normal service and loyalty strategy
CUST139818,0,0.039819557,3.98,Low,Normal,Normal service and loyalty strategy
CUST120334,0,0.039811134,3.98,Low,Normal,Normal service and loyalty strategy
CUST144965,0,0.039842717,3.98,Low,Normal,Normal service and loyalty strategy
CUST103313,0,0.039825857,3.98,Low,Normal,Normal service and loyalty strategy
CUST136366,0,0.03978108,3.98,Low,Normal,Normal service and loyalty strategy
CUST115161,0,0.039838992,3.98,Low,Normal,Normal service and loyalty strategy
CUST126514,0,0.039738268,3.97,Low,Normal,Normal service and loyalty strategy
CUST124875,0,0.039742943,3.97,Low,Normal,Normal service and loyalty strategy
CUST121051,0,0.039705437,3.97,Low,Normal,Normal service and loyalty strategy
CUST139512,0,0.039716765,3.97,Low,Normal,Normal service and loyalty strategy
CUST111964,0,0.039653763,3.97,Low,Normal,Normal service and loyalty strategy
CUST139343,0,0.039651275,3.97,Low,Normal,Normal service and loyalty strategy
CUST102698,0,0.039565653,3.96,Low,Normal,Normal service and loyalty strategy
CUST115881,0,0.039566763,3.96,Low,Normal,Normal service and loyalty strategy
CUST128094,0,0.03958033,3.96,Low,Normal,Normal service and loyalty strategy
CUST105383,0,0.03963256,3.96,Low,Normal,Normal service and loyalty strategy
CUST134284,0,0.039589133,3.96,Low,Normal,Normal service and loyalty strategy
CUST127564,0,0.039647415,3.96,Low,Normal,Normal service and loyalty strategy
CUST124583,0,0.039576497,3.96,Low,Normal,Normal service and loyalty strategy
CUST104410,0,0.039459668,3.95,Low,Normal,Normal service and loyalty strategy
CUST142475,0,0.03948858,3.95,Low,Normal,Normal service and loyalty strategy
CUST131940,0,0.039510168,3.95,Low,Normal,Normal service and loyalty strategy
CUST143236,0,0.03954846,3.95,Low,Normal,Normal service and loyalty strategy
CUST111629,0,0.03943946,3.94,Low,Normal,Normal service and loyalty strategy
CUST138078,0,0.039438177,3.94,Low,Normal,Normal service and loyalty strategy
CUST145264,0,0.039404426,3.94,Low,Normal,Normal service and loyalty strategy
CUST126489,0,0.039425507,3.94,Low,Normal,Normal service and loyalty strategy
CUST117051,0,0.039385878,3.94,Low,Normal,Normal service and loyalty strategy
CUST123615,0,0.039434787,3.94,Low,Normal,Normal service and loyalty strategy
CUST110905,0,0.03933962,3.93,Low,Normal,Normal service and loyalty strategy
CUST104857,0,0.03931507,3.93,Low,Normal,Normal service and loyalty strategy
CUST128879,0,0.039260685,3.93,Low,Normal,Normal service and loyalty strategy
CUST132690,0,0.03927818,3.93,Low,Normal,Normal service and loyalty strategy
CUST111903,0,0.039258454,3.93,Low,Normal,Normal service and loyalty strategy
CUST124331,0,0.03924103,3.92,Low,Normal,Normal service and loyalty strategy
CUST108495,0,0.039242864,3.92,Low,Normal,Normal service and loyalty strategy
CUST143230,0,0.039225314,3.92,Low,Normal,Normal service and loyalty strategy
CUST131844,0,0.03918738,3.92,Low,Normal,Normal service and loyalty strategy
CUST147172,0,0.039152175,3.92,Low,Normal,Normal service and loyalty strategy
CUST122977,0,0.039144803,3.91,Low,Normal,Normal service and loyalty strategy
CUST112625,0,0.03911631,3.91,Low,Normal,Normal service and loyalty strategy
CUST139852,0,0.038986,3.9,Low,Normal,Normal service and loyalty strategy
CUST138955,0,0.038955312,3.9,Low,Normal,Normal service and loyalty strategy
CUST143056,0,0.03901921,3.9,Low,Normal,Normal service and loyalty strategy
CUST111833,0,0.039010584,3.9,Low,Normal,Normal service and loyalty strategy
CUST105353,1,0.03892197,3.89,Low,Normal,Normal service and loyalty strategy
CUST126978,0,0.03889731,3.89,Low,Normal,Normal service and loyalty strategy
CUST129485,0,0.038879078,3.89,Low,Normal,Normal service and loyalty strategy
CUST136788,0,0.038924083,3.89,Low,Normal,Normal service and loyalty strategy
CUST120170,0,0.038860142,3.89,Low,Normal,Normal service and loyalty strategy
CUST102849,0,0.03893682,3.89,Low,Normal,Normal service and loyalty strategy
CUST118236,0,0.038847595,3.88,Low,Normal,Normal service and loyalty strategy
CUST142602,0,0.038763653,3.88,Low,Normal,Normal service and loyalty strategy
CUST128124,0,0.03877286,3.88,Low,Normal,Normal service and loyalty strategy
CUST138288,0,0.038763165,3.88,Low,Normal,Normal service and loyalty strategy
CUST111025,0,0.038684137,3.87,Low,Normal,Normal service and loyalty strategy
CUST101349,1,0.03868364,3.87,Low,Normal,Normal service and loyalty strategy
CUST115852,0,0.038735807,3.87,Low,Normal,Normal service and loyalty strategy
CUST125570,0,0.038693305,3.87,Low,Normal,Normal service and loyalty strategy
CUST107128,0,0.03867497,3.87,Low,Normal,Normal service and loyalty strategy
CUST133792,0,0.03872067,3.87,Low,Normal,Normal service and loyalty strategy
CUST115046,0,0.038723104,3.87,Low,Normal,Normal service and loyalty strategy
CUST134313,1,0.038552087,3.86,Low,Normal,Normal service and loyalty strategy
CUST137629,0,0.038602322,3.86,Low,Normal,Normal service and loyalty strategy
CUST132592,0,0.038641114,3.86,Low,Normal,Normal service and loyalty strategy
CUST143423,0,0.038471572,3.85,Low,Normal,Normal service and loyalty strategy
CUST124970,0,0.03847555,3.85,Low,Normal,Normal service and loyalty strategy
CUST142773,0,0.038506873,3.85,Low,Normal,Normal service and loyalty strategy
CUST103680,0,0.038462833,3.85,Low,Normal,Normal service and loyalty strategy
CUST146538,0,0.038391463,3.84,Low,Normal,Normal service and loyalty strategy
CUST136792,0,0.03840519,3.84,Low,Normal,Normal service and loyalty strategy
CUST122246,0,0.038353987,3.84,Low,Normal,Normal service and loyalty strategy
CUST147507,0,0.03840998,3.84,Low,Normal,Normal service and loyalty strategy
CUST147469,0,0.038280662,3.83,Low,Normal,Normal service and loyalty strategy
CUST130192,0,0.03825625,3.83,Low,Normal,Normal service and loyalty strategy
CUST144001,0,0.03826712,3.83,Low,Normal,Normal service and loyalty strategy
CUST113534,0,0.038190253,3.82,Low,Normal,Normal service and loyalty strategy
CUST100177,0,0.03819556,3.82,Low,Normal,Normal service and loyalty strategy
CUST123586,0,0.03823402,3.82,Low,Normal,Normal service and loyalty strategy
CUST118994,0,0.038201973,3.82,Low,Normal,Normal service and loyalty strategy
CUST139803,0,0.038118053,3.81,Low,Normal,Normal service and loyalty strategy
CUST115909,0,0.03808072,3.81,Low,Normal,Normal service and loyalty strategy
CUST137131,0,0.038082983,3.81,Low,Normal,Normal service and loyalty strategy
CUST143317,0,0.03809796,3.81,Low,Normal,Normal service and loyalty strategy
CUST119826,0,0.03801627,3.8,Low,Normal,Normal service and loyalty strategy
CUST122361,0,0.03799075,3.8,Low,Normal,Normal service and loyalty strategy
CUST132291,0,0.03799823,3.8,Low,Normal,Normal service and loyalty strategy
CUST101227,0,0.038032982,3.8,Low,Normal,Normal service and loyalty strategy
CUST140585,0,0.03798458,3.8,Low,Normal,Normal service and loyalty strategy
CUST132375,0,0.03804401,3.8,Low,Normal,Normal service and loyalty strategy
CUST100002,0,0.03786232,3.79,Low,Normal,Normal service and loyalty strategy
CUST139797,0,0.037899304,3.79,Low,Normal,Normal service and loyalty strategy
CUST134630,0,0.037828445,3.78,Low,Normal,Normal service and loyalty strategy
CUST129580,0,0.03782793,3.78,Low,Normal,Normal service and loyalty strategy
CUST117009,0,0.03779427,3.78,Low,Normal,Normal service and loyalty strategy
CUST131890,0,0.037766665,3.78,Low,Normal,Normal service and loyalty strategy
CUST117570,0,0.03776422,3.78,Low,Normal,Normal service and loyalty strategy
CUST119402,0,0.0377775,3.78,Low,Normal,Normal service and loyalty strategy
CUST138809,0,0.037785634,3.78,Low,Normal,Normal service and loyalty strategy
CUST120110,0,0.03778444,3.78,Low,Normal,Normal service and loyalty strategy
CUST127242,0,0.037828647,3.78,Low,Normal,Normal service and loyalty strategy
CUST123892,0,0.037669215,3.77,Low,Normal,Normal service and loyalty strategy
CUST103141,0,0.037676893,3.77,Low,Normal,Normal service and loyalty strategy
CUST100798,0,0.03772586,3.77,Low,Normal,Normal service and loyalty strategy
CUST100549,0,0.037729755,3.77,Low,Normal,Normal service and loyalty strategy
CUST126201,0,0.037723936,3.77,Low,Normal,Normal service and loyalty strategy
CUST103969,0,0.037654158,3.77,Low,Normal,Normal service and loyalty strategy
CUST127688,0,0.037708104,3.77,Low,Normal,Normal service and loyalty strategy
CUST145676,0,0.037679985,3.77,Low,Normal,Normal service and loyalty strategy
CUST107935,0,0.037744302,3.77,Low,Normal,Normal service and loyalty strategy
CUST102560,0,0.03757996,3.76,Low,Normal,Normal service and loyalty strategy
CUST124839,0,0.03761064,3.76,Low,Normal,Normal service and loyalty strategy
CUST102300,0,0.037570424,3.76,Low,Normal,Normal service and loyalty strategy
CUST138336,0,0.037554525,3.76,Low,Normal,Normal service and loyalty strategy
CUST127519,0,0.037629854,3.76,Low,Normal,Normal service and loyalty strategy
CUST114035,0,0.037632123,3.76,Low,Normal,Normal service and loyalty strategy
CUST137312,0,0.037464634,3.75,Low,Normal,Normal service and loyalty strategy
CUST147423,0,0.037466682,3.75,Low,Normal,Normal service and loyalty strategy
CUST141778,0,0.037510607,3.75,Low,Normal,Normal service and loyalty strategy
CUST147673,0,0.037510023,3.75,Low,Normal,Normal service and loyalty strategy
CUST136881,0,0.037549898,3.75,Low,Normal,Normal service and loyalty strategy
CUST100651,0,0.037542894,3.75,Low,Normal,Normal service and loyalty strategy
CUST146458,1,0.037519734,3.75,Low,Normal,Normal service and loyalty strategy
CUST116202,0,0.037509255,3.75,Low,Normal,Normal service and loyalty strategy
CUST115018,0,0.037407562,3.74,Low,Normal,Normal service and loyalty strategy
CUST112051,0,0.037442375,3.74,Low,Normal,Normal service and loyalty strategy
CUST145935,0,0.03740722,3.74,Low,Normal,Normal service and loyalty strategy
CUST130010,0,0.037357863,3.74,Low,Normal,Normal service and loyalty strategy
CUST119956,0,0.037370827,3.74,Low,Normal,Normal service and loyalty strategy
CUST147900,0,0.037437778,3.74,Low,Normal,Normal service and loyalty strategy
CUST123016,0,0.037446223,3.74,Low,Normal,Normal service and loyalty strategy
CUST103480,1,0.037371892,3.74,Low,Normal,Normal service and loyalty strategy
CUST132403,0,0.037405726,3.74,Low,Normal,Normal service and loyalty strategy
CUST133267,0,0.03740787,3.74,Low,Normal,Normal service and loyalty strategy
CUST115107,0,0.037292667,3.73,Low,Normal,Normal service and loyalty strategy
CUST112557,0,0.03732342,3.73,Low,Normal,Normal service and loyalty strategy
CUST101691,0,0.037325535,3.73,Low,Normal,Normal service and loyalty strategy
CUST115107,0,0.037292667,3.73,Low,Normal,Normal service and loyalty strategy
CUST146700,0,0.03731835,3.73,Low,Normal,Normal service and loyalty strategy
CUST126043,0,0.037309304,3.73,Low,Normal,Normal service and loyalty strategy
CUST134502,0,0.03731969,3.73,Low,Normal,Normal service and loyalty strategy
CUST125395,1,0.037245706,3.72,Low,Normal,Normal service and loyalty strategy
CUST114320,1,0.037197772,3.72,Low,Normal,Normal service and loyalty strategy
CUST138953,0,0.03714879,3.71,Low,Normal,Normal service and loyalty strategy
CUST109528,0,0.037146293,3.71,Low,Normal,Normal service and loyalty strategy
CUST102928,1,0.037137587,3.71,Low,Normal,Normal service and loyalty strategy
CUST125488,0,0.037098058,3.71,Low,Normal,Normal service and loyalty strategy
CUST109029,0,0.037099045,3.71,Low,Normal,Normal service and loyalty strategy
CUST108396,0,0.037058882,3.71,Low,Normal,Normal service and loyalty strategy
CUST147137,0,0.037140366,3.71,Low,Normal,Normal service and loyalty strategy
CUST106261,0,0.037125856,3.71,Low,Normal,Normal service and loyalty strategy
CUST103260,0,0.037121005,3.71,Low,Normal,Normal service and loyalty strategy
CUST136173,0,0.03696114,3.7,Low,Normal,Normal service and loyalty strategy
CUST111370,0,0.037011277,3.7,Low,Normal,Normal service and loyalty strategy
CUST140460,0,0.037019767,3.7,Low,Normal,Normal service and loyalty strategy
CUST131733,0,0.037024006,3.7,Low,Normal,Normal service and loyalty strategy
CUST116508,0,0.03687937,3.69,Low,Normal,Normal service and loyalty strategy
CUST134387,0,0.03679283,3.68,Low,Normal,Normal service and loyalty strategy
CUST142593,0,0.03676446,3.68,Low,Normal,Normal service and loyalty strategy
CUST111424,0,0.0367546,3.68,Low,Normal,Normal service and loyalty strategy
CUST100641,0,0.036816392,3.68,Low,Normal,Normal service and loyalty strategy
CUST115912,0,0.036822084,3.68,Low,Normal,Normal service and loyalty strategy
CUST139051,0,0.036839053,3.68,Low,Normal,Normal service and loyalty strategy
CUST135240,0,0.036713254,3.67,Low,Normal,Normal service and loyalty strategy
CUST141293,0,0.036739696,3.67,Low,Normal,Normal service and loyalty strategy
CUST108091,0,0.03672769,3.67,Low,Normal,Normal service and loyalty strategy
CUST136203,0,0.036696307,3.67,Low,Normal,Normal service and loyalty strategy
CUST139656,0,0.036691874,3.67,Low,Normal,Normal service and loyalty strategy
CUST104063,0,0.03659812,3.66,Low,Normal,Normal service and loyalty strategy
CUST131189,0,0.036626354,3.66,Low,Normal,Normal service and loyalty strategy
CUST118071,0,0.03659227,3.66,Low,Normal,Normal service and loyalty strategy
CUST116659,0,0.036611624,3.66,Low,Normal,Normal service and loyalty strategy
CUST145692,0,0.036640722,3.66,Low,Normal,Normal service and loyalty strategy
CUST146885,0,0.036649015,3.66,Low,Normal,Normal service and loyalty strategy
CUST120969,0,0.036637787,3.66,Low,Normal,Normal service and loyalty strategy
CUST136178,0,0.036600813,3.66,Low,Normal,Normal service and loyalty strategy
CUST133479,0,0.03653818,3.65,Low,Normal,Normal service and loyalty strategy
CUST116303,0,0.036506027,3.65,Low,Normal,Normal service and loyalty strategy
CUST112615,0,0.03654456,3.65,Low,Normal,Normal service and loyalty strategy
CUST105153,0,0.036481313,3.65,Low,Normal,Normal service and loyalty strategy
CUST108331,0,0.03649266,3.65,Low,Normal,Normal service and loyalty strategy
CUST101418,0,0.036493253,3.65,Low,Normal,Normal service and loyalty strategy
CUST104141,0,0.036465023,3.65,Low,Normal,Normal service and loyalty strategy
CUST138224,0,0.03645538,3.65,Low,Normal,Normal service and loyalty strategy
CUST117485,0,0.03643563,3.64,Low,Normal,Normal service and loyalty strategy
CUST100184,0,0.036427565,3.64,Low,Normal,Normal service and loyalty strategy
CUST140304,0,0.03641169,3.64,Low,Normal,Normal service and loyalty strategy
CUST139136,0,0.036386795,3.64,Low,Normal,Normal service and loyalty strategy
CUST128989,0,0.036376417,3.64,Low,Normal,Normal service and loyalty strategy
CUST109602,0,0.036396194,3.64,Low,Normal,Normal service and loyalty strategy
CUST116332,0,0.03644202,3.64,Low,Normal,Normal service and loyalty strategy
CUST136222,0,0.03634247,3.63,Low,Normal,Normal service and loyalty strategy
CUST147854,0,0.036252912,3.63,Low,Normal,Normal service and loyalty strategy
CUST106642,0,0.036306802,3.63,Low,Normal,Normal service and loyalty strategy
CUST128209,0,0.03633456,3.63,Low,Normal,Normal service and loyalty strategy
CUST115192,0,0.036321323,3.63,Low,Normal,Normal service and loyalty strategy
CUST138359,0,0.036338743,3.63,Low,Normal,Normal service and loyalty strategy
CUST109738,0,0.0362741,3.63,Low,Normal,Normal service and loyalty strategy
CUST110615,0,0.036249388,3.62,Low,Normal,Normal service and loyalty strategy
CUST133777,0,0.03620164,3.62,Low,Normal,Normal service and loyalty strategy
CUST135526,0,0.03618268,3.62,Low,Normal,Normal service and loyalty strategy
CUST135247,0,0.036219317,3.62,Low,Normal,Normal service and loyalty strategy
CUST116031,0,0.036098715,3.61,Low,Normal,Normal service and loyalty strategy
CUST108278,0,0.03605174,3.61,Low,Normal,Normal service and loyalty strategy
CUST136159,0,0.03610027,3.61,Low,Normal,Normal service and loyalty strategy
CUST147364,0,0.03611571,3.61,Low,Normal,Normal service and loyalty strategy
CUST109287,0,0.036056522,3.61,Low,Normal,Normal service and loyalty strategy
CUST127967,0,0.036066674,3.61,Low,Normal,Normal service and loyalty strategy
CUST124621,0,0.036075056,3.61,Low,Normal,Normal service and loyalty strategy
CUST111505,0,0.036125463,3.61,Low,Normal,Normal service and loyalty strategy
CUST121273,0,0.036075056,3.61,Low,Normal,Normal service and loyalty strategy
CUST142353,0,0.03600234,3.6,Low,Normal,Normal service and loyalty strategy
CUST116820,0,0.036002018,3.6,Low,Normal,Normal service and loyalty strategy
CUST123537,0,0.03603134,3.6,Low,Normal,Normal service and loyalty strategy
CUST101173,0,0.035960205,3.6,Low,Normal,Normal service and loyalty strategy
CUST146484,0,0.03604715,3.6,Low,Normal,Normal service and loyalty strategy
CUST116388,0,0.03599611,3.6,Low,Normal,Normal service and loyalty strategy
CUST104298,0,0.035999686,3.6,Low,Normal,Normal service and loyalty strategy
CUST110748,0,0.0359567,3.6,Low,Normal,Normal service and loyalty strategy
CUST119339,0,0.03599894,3.6,Low,Normal,Normal service and loyalty strategy
CUST133213,0,0.036015358,3.6,Low,Normal,Normal service and loyalty strategy
CUST141136,0,0.03602863,3.6,Low,Normal,Normal service and loyalty strategy
CUST133530,0,0.03596419,3.6,Low,Normal,Normal service and loyalty strategy
CUST135175,0,0.035976853,3.6,Low,Normal,Normal service and loyalty strategy
CUST121804,1,0.03586107,3.59,Low,Normal,Normal service and loyalty strategy
CUST113830,0,0.035933957,3.59,Low,Normal,Normal service and loyalty strategy
CUST143642,0,0.035924755,3.59,Low,Normal,Normal service and loyalty strategy
CUST137888,0,0.035878815,3.59,Low,Normal,Normal service and loyalty strategy
CUST142699,0,0.035905257,3.59,Low,Normal,Normal service and loyalty strategy
CUST117603,0,0.035944324,3.59,Low,Normal,Normal service and loyalty strategy
CUST122235,0,0.035869803,3.59,Low,Normal,Normal service and loyalty strategy
CUST125085,0,0.03576552,3.58,Low,Normal,Normal service and loyalty strategy
CUST115564,0,0.035817858,3.58,Low,Normal,Normal service and loyalty strategy
CUST127420,0,0.035781812,3.58,Low,Normal,Normal service and loyalty strategy
CUST133501,0,0.035787612,3.58,Low,Normal,Normal service and loyalty strategy
CUST128377,0,0.035775825,3.58,Low,Normal,Normal service and loyalty strategy
CUST108774,0,0.03580659,3.58,Low,Normal,Normal service and loyalty strategy
CUST140517,0,0.035784427,3.58,Low,Normal,Normal service and loyalty strategy
CUST131202,0,0.03572239,3.57,Low,Normal,Normal service and loyalty strategy
CUST101744,0,0.03566318,3.57,Low,Normal,Normal service and loyalty strategy
CUST134712,0,0.035727702,3.57,Low,Normal,Normal service and loyalty strategy
CUST131445,0,0.035659205,3.57,Low,Normal,Normal service and loyalty strategy
CUST110977,0,0.035651423,3.57,Low,Normal,Normal service and loyalty strategy
CUST123627,0,0.035744898,3.57,Low,Normal,Normal service and loyalty strategy
CUST111047,0,0.035688207,3.57,Low,Normal,Normal service and loyalty strategy
CUST130728,0,0.035708547,3.57,Low,Normal,Normal service and loyalty strategy
CUST131982,0,0.03558121,3.56,Low,Normal,Normal service and loyalty strategy
CUST140960,0,0.035617612,3.56,Low,Normal,Normal service and loyalty strategy
CUST111182,0,0.03564205,3.56,Low,Normal,Normal service and loyalty strategy
CUST103158,0,0.035588127,3.56,Low,Normal,Normal service and loyalty strategy
CUST131078,0,0.035588592,3.56,Low,Normal,Normal service and loyalty strategy
CUST138319,0,0.03559266,3.56,Low,Normal,Normal service and loyalty strategy
CUST135661,0,0.035626926,3.56,Low,Normal,Normal service and loyalty strategy
CUST107640,0,0.0356392,3.56,Low,Normal,Normal service and loyalty strategy
CUST134222,0,0.03551856,3.55,Low,Normal,Normal service and loyalty strategy
CUST132480,0,0.035470072,3.55,Low,Normal,Normal service and loyalty strategy
CUST129180,0,0.035501406,3.55,Low,Normal,Normal service and loyalty strategy
CUST125024,0,0.035490673,3.55,Low,Normal,Normal service and loyalty strategy
CUST121079,0,0.03553696,3.55,Low,Normal,Normal service and loyalty strategy
CUST143260,0,0.035543557,3.55,Low,Normal,Normal service and loyalty strategy
CUST138692,0,0.035485353,3.55,Low,Normal,Normal service and loyalty strategy
CUST106343,0,0.035518385,3.55,Low,Normal,Normal service and loyalty strategy
CUST140669,0,0.03544746,3.54,Low,Normal,Normal service and loyalty strategy
CUST104447,0,0.035359908,3.54,Low,Normal,Normal service and loyalty strategy
CUST126017,0,0.035431232,3.54,Low,Normal,Normal service and loyalty strategy
CUST117168,0,0.03543701,3.54,Low,Normal,Normal service and loyalty strategy
CUST134121,0,0.03543746,3.54,Low,Normal,Normal service and loyalty strategy
CUST102068,0,0.035336666,3.53,Low,Normal,Normal service and loyalty strategy
CUST119405,0,0.03531253,3.53,Low,Normal,Normal service and loyalty strategy
CUST137607,0,0.03526167,3.53,Low,Normal,Normal service and loyalty strategy
CUST147155,0,0.035312835,3.53,Low,Normal,Normal service and loyalty strategy
CUST107176,0,0.035272818,3.53,Low,Normal,Normal service and loyalty strategy
CUST138205,0,0.035327043,3.53,Low,Normal,Normal service and loyalty strategy
CUST141199,0,0.035344433,3.53,Low,Normal,Normal service and loyalty strategy
CUST123110,0,0.03525129,3.53,Low,Normal,Normal service and loyalty strategy
CUST135657,0,0.035268113,3.53,Low,Normal,Normal service and loyalty strategy
CUST121756,0,0.035296496,3.53,Low,Normal,Normal service and loyalty strategy
CUST115622,0,0.035158634,3.52,Low,Normal,Normal service and loyalty strategy
CUST138615,0,0.035184726,3.52,Low,Normal,Normal service and loyalty strategy
CUST100548,0,0.03519622,3.52,Low,Normal,Normal service and loyalty strategy
CUST130158,0,0.035158068,3.52,Low,Normal,Normal service and loyalty strategy
CUST108668,0,0.03519058,3.52,Low,Normal,Normal service and loyalty strategy
CUST113673,0,0.0351509,3.52,Low,Normal,Normal service and loyalty strategy
CUST103577,0,0.035156522,3.52,Low,Normal,Normal service and loyalty strategy
CUST145526,0,0.035220087,3.52,Low,Normal,Normal service and loyalty strategy
CUST132525,0,0.03521918,3.52,Low,Normal,Normal service and loyalty strategy
CUST147181,0,0.035082463,3.51,Low,Normal,Normal service and loyalty strategy
CUST142133,0,0.03505188,3.51,Low,Normal,Normal service and loyalty strategy
CUST144603,0,0.035149634,3.51,Low,Normal,Normal service and loyalty strategy
CUST126168,0,0.035062645,3.51,Low,Normal,Normal service and loyalty strategy
CUST146681,0,0.03511967,3.51,Low,Normal,Normal service and loyalty strategy
CUST132277,0,0.03500947,3.5,Low,Normal,Normal service and loyalty strategy
CUST141935,0,0.03500409,3.5,Low,Normal,Normal service and loyalty strategy
CUST137434,0,0.034992613,3.5,Low,Normal,Normal service and loyalty strategy
CUST128568,0,0.034970094,3.5,Low,Normal,Normal service and loyalty strategy
CUST122177,0,0.034967747,3.5,Low,Normal,Normal service and loyalty strategy
CUST115963,0,0.034954682,3.5,Low,Normal,Normal service and loyalty strategy
CUST116685,0,0.035042107,3.5,Low,Normal,Normal service and loyalty strategy
CUST143233,0,0.03498859,3.5,Low,Normal,Normal service and loyalty strategy
CUST133347,0,0.034992915,3.5,Low,Normal,Normal service and loyalty strategy
CUST110030,0,0.034953035,3.5,Low,Normal,Normal service and loyalty strategy
CUST122362,0,0.034961753,3.5,Low,Normal,Normal service and loyalty strategy
CUST114998,0,0.034979846,3.5,Low,Normal,Normal service and loyalty strategy
CUST143138,0,0.034920137,3.49,Low,Normal,Normal service and loyalty strategy
CUST136072,1,0.034883305,3.49,Low,Normal,Normal service and loyalty strategy
CUST129276,0,0.034909416,3.49,Low,Normal,Normal service and loyalty strategy
CUST110232,0,0.034882315,3.49,Low,Normal,Normal service and loyalty strategy
CUST126560,0,0.03478953,3.48,Low,Normal,Normal service and loyalty strategy
CUST118647,0,0.034811806,3.48,Low,Normal,Normal service and loyalty strategy
CUST130228,0,0.03478121,3.48,Low,Normal,Normal service and loyalty strategy
CUST119137,0,0.03479885,3.48,Low,Normal,Normal service and loyalty strategy
CUST122114,1,0.034768205,3.48,Low,Normal,Normal service and loyalty strategy
CUST130793,0,0.03479107,3.48,Low,Normal,Normal service and loyalty strategy
CUST143813,0,0.03477969,3.48,Low,Normal,Normal service and loyalty strategy
CUST143392,0,0.03467765,3.47,Low,Normal,Normal service and loyalty strategy
CUST135113,1,0.034727942,3.47,Low,Normal,Normal service and loyalty strategy
CUST123023,0,0.034678202,3.47,Low,Normal,Normal service and loyalty strategy
CUST113492,0,0.0347452,3.47,Low,Normal,Normal service and loyalty strategy
CUST105541,0,0.03468203,3.47,Low,Normal,Normal service and loyalty strategy
CUST129679,0,0.034655735,3.47,Low,Normal,Normal service and loyalty strategy
CUST135113,1,0.034727942,3.47,Low,Normal,Normal service and loyalty strategy
CUST125347,0,0.034707624,3.47,Low,Normal,Normal service and loyalty strategy
CUST138450,0,0.03469084,3.47,Low,Normal,Normal service and loyalty strategy
CUST146738,0,0.034688596,3.47,Low,Normal,Normal service and loyalty strategy
CUST102487,0,0.03462672,3.46,Low,Normal,Normal service and loyalty strategy
CUST123711,0,0.03464357,3.46,Low,Normal,Normal service and loyalty strategy
CUST145113,0,0.034595255,3.46,Low,Normal,Normal service and loyalty strategy
CUST101735,0,0.034583215,3.46,Low,Normal,Normal service and loyalty strategy
CUST133429,0,0.034639083,3.46,Low,Normal,Normal service and loyalty strategy
CUST127471,0,0.034481805,3.45,Low,Normal,Normal service and loyalty strategy
CUST106406,0,0.034516808,3.45,Low,Normal,Normal service and loyalty strategy
CUST100127,0,0.034538787,3.45,Low,Normal,Normal service and loyalty strategy
CUST105465,0,0.034467258,3.45,Low,Normal,Normal service and loyalty strategy
CUST131495,0,0.034533348,3.45,Low,Normal,Normal service and loyalty strategy
CUST110650,0,0.03453937,3.45,Low,Normal,Normal service and loyalty strategy
CUST102088,0,0.03445501,3.45,Low,Normal,Normal service and loyalty strategy
CUST132992,0,0.034524906,3.45,Low,Normal,Normal service and loyalty strategy
CUST115189,0,0.03444681,3.44,Low,Normal,Normal service and loyalty strategy
CUST102401,0,0.03438835,3.44,Low,Normal,Normal service and loyalty strategy
CUST103916,0,0.03442648,3.44,Low,Normal,Normal service and loyalty strategy
CUST142777,0,0.034263246,3.43,Low,Normal,Normal service and loyalty strategy
CUST107678,0,0.034280248,3.43,Low,Normal,Normal service and loyalty strategy
CUST144830,1,0.034307025,3.43,Low,Normal,Normal service and loyalty strategy
CUST126503,0,0.034273867,3.43,Low,Normal,Normal service and loyalty strategy
CUST112840,0,0.03427525,3.43,Low,Normal,Normal service and loyalty strategy
CUST134785,0,0.03425886,3.43,Low,Normal,Normal service and loyalty strategy
CUST136840,0,0.034278482,3.43,Low,Normal,Normal service and loyalty strategy
CUST116452,0,0.03426708,3.43,Low,Normal,Normal service and loyalty strategy
CUST106405,0,0.03432015,3.43,Low,Normal,Normal service and loyalty strategy
CUST145191,0,0.03434515,3.43,Low,Normal,Normal service and loyalty strategy
CUST109578,0,0.03428577,3.43,Low,Normal,Normal service and loyalty strategy
CUST118022,0,0.034295466,3.43,Low,Normal,Normal service and loyalty strategy
CUST124809,0,0.034207165,3.42,Low,Normal,Normal service and loyalty strategy
CUST133202,0,0.0342105,3.42,Low,Normal,Normal service and loyalty strategy
CUST129739,0,0.034189418,3.42,Low,Normal,Normal service and loyalty strategy
CUST115275,0,0.034220047,3.42,Low,Normal,Normal service and loyalty strategy
CUST144824,1,0.0342059,3.42,Low,Normal,Normal service and loyalty strategy
CUST144929,0,0.03419103,3.42,Low,Normal,Normal service and loyalty strategy
CUST137688,0,0.034211986,3.42,Low,Normal,Normal service and loyalty strategy
CUST121519,0,0.034133103,3.41,Low,Normal,Normal service and loyalty strategy
CUST146871,0,0.034095272,3.41,Low,Normal,Normal service and loyalty strategy
CUST137643,0,0.034147922,3.41,Low,Normal,Normal service and loyalty strategy
CUST137318,0,0.034057472,3.41,Low,Normal,Normal service and loyalty strategy
CUST122892,0,0.03410765,3.41,Low,Normal,Normal service and loyalty strategy
CUST114665,0,0.03411627,3.41,Low,Normal,Normal service and loyalty strategy
CUST133387,0,0.034066793,3.41,Low,Normal,Normal service and loyalty strategy
CUST110436,0,0.033996176,3.4,Low,Normal,Normal service and loyalty strategy
CUST134064,0,0.03401848,3.4,Low,Normal,Normal service and loyalty strategy
CUST104194,0,0.03398963,3.4,Low,Normal,Normal service and loyalty strategy
CUST125807,0,0.034012888,3.4,Low,Normal,Normal service and loyalty strategy
CUST121655,0,0.03399998,3.4,Low,Normal,Normal service and loyalty strategy
CUST102595,0,0.033970345,3.4,Low,Normal,Normal service and loyalty strategy
CUST104035,0,0.033961035,3.4,Low,Normal,Normal service and loyalty strategy
CUST122954,0,0.03385942,3.39,Low,Normal,Normal service and loyalty strategy
CUST114045,0,0.033928934,3.39,Low,Normal,Normal service and loyalty strategy
CUST144210,0,0.033937626,3.39,Low,Normal,Normal service and loyalty strategy
CUST118539,0,0.033929545,3.39,Low,Normal,Normal service and loyalty strategy
CUST138672,0,0.03392292,3.39,Low,Normal,Normal service and loyalty strategy
CUST146015,0,0.033919893,3.39,Low,Normal,Normal service and loyalty strategy
CUST119554,0,0.033914324,3.39,Low,Normal,Normal service and loyalty strategy
CUST142011,0,0.033919994,3.39,Low,Normal,Normal service and loyalty strategy
CUST132542,0,0.033819977,3.38,Low,Normal,Normal service and loyalty strategy
CUST134750,0,0.03384454,3.38,Low,Normal,Normal service and loyalty strategy
CUST123142,0,0.033772152,3.38,Low,Normal,Normal service and loyalty strategy
CUST132761,0,0.033810545,3.38,Low,Normal,Normal service and loyalty strategy
CUST147402,0,0.03380753,3.38,Low,Normal,Normal service and loyalty strategy
CUST100522,0,0.033812094,3.38,Low,Normal,Normal service and loyalty strategy
CUST120618,0,0.033817157,3.38,Low,Normal,Normal service and loyalty strategy
CUST140084,0,0.033789195,3.38,Low,Normal,Normal service and loyalty strategy
CUST111001,0,0.03366114,3.37,Low,Normal,Normal service and loyalty strategy
CUST139087,0,0.033708848,3.37,Low,Normal,Normal service and loyalty strategy
CUST141013,0,0.03371176,3.37,Low,Normal,Normal service and loyalty strategy
CUST146202,0,0.033657245,3.37,Low,Normal,Normal service and loyalty strategy
CUST137512,0,0.033666737,3.37,Low,Normal,Normal service and loyalty strategy
CUST111300,0,0.033712033,3.37,Low,Normal,Normal service and loyalty strategy
CUST104120,0,0.03362331,3.36,Low,Normal,Normal service and loyalty strategy
CUST125671,0,0.033555903,3.36,Low,Normal,Normal service and loyalty strategy
CUST106663,0,0.033616815,3.36,Low,Normal,Normal service and loyalty strategy
CUST113280,0,0.033567037,3.36,Low,Normal,Normal service and loyalty strategy
CUST125159,0,0.033534568,3.35,Low,Normal,Normal service and loyalty strategy
CUST130569,0,0.033500627,3.35,Low,Normal,Normal service and loyalty strategy
CUST119400,0,0.03352964,3.35,Low,Normal,Normal service and loyalty strategy
CUST144116,0,0.03350523,3.35,Low,Normal,Normal service and loyalty strategy
CUST106097,0,0.03346514,3.35,Low,Normal,Normal service and loyalty strategy
CUST123462,0,0.033521414,3.35,Low,Normal,Normal service and loyalty strategy
CUST123462,0,0.033521414,3.35,Low,Normal,Normal service and loyalty strategy
CUST125396,0,0.03349139,3.35,Low,Normal,Normal service and loyalty strategy
CUST125646,0,0.03345494,3.35,Low,Normal,Normal service and loyalty strategy
CUST133735,0,0.033498995,3.35,Low,Normal,Normal service and loyalty strategy
CUST140344,0,0.033478245,3.35,Low,Normal,Normal service and loyalty strategy
CUST100541,0,0.033388138,3.34,Low,Normal,Normal service and loyalty strategy
CUST116158,0,0.033433083,3.34,Low,Normal,Normal service and loyalty strategy
CUST131541,0,0.03342259,3.34,Low,Normal,Normal service and loyalty strategy
CUST134066,0,0.033357076,3.34,Low,Normal,Normal service and loyalty strategy
CUST128634,0,0.03340936,3.34,Low,Normal,Normal service and loyalty strategy
CUST128981,0,0.033356,3.34,Low,Normal,Normal service and loyalty strategy
CUST112890,0,0.033348758,3.33,Low,Normal,Normal service and loyalty strategy
CUST103275,0,0.03334676,3.33,Low,Normal,Normal service and loyalty strategy
CUST122274,0,0.033340257,3.33,Low,Normal,Normal service and loyalty strategy
CUST111638,0,0.03327133,3.33,Low,Normal,Normal service and loyalty strategy
CUST127356,0,0.03328801,3.33,Low,Normal,Normal service and loyalty strategy
CUST121695,0,0.03334769,3.33,Low,Normal,Normal service and loyalty strategy
CUST131389,0,0.033294614,3.33,Low,Normal,Normal service and loyalty strategy
CUST105618,0,0.033289537,3.33,Low,Normal,Normal service and loyalty strategy
CUST105337,0,0.033308823,3.33,Low,Normal,Normal service and loyalty strategy
CUST128351,0,0.033295523,3.33,Low,Normal,Normal service and loyalty strategy
CUST120609,0,0.033176888,3.32,Low,Normal,Normal service and loyalty strategy
CUST110533,0,0.033194326,3.32,Low,Normal,Normal service and loyalty strategy
CUST134359,0,0.03316602,3.32,Low,Normal,Normal service and loyalty strategy
CUST101504,0,0.033163883,3.32,Low,Normal,Normal service and loyalty strategy
CUST109298,0,0.033195913,3.32,Low,Normal,Normal service and loyalty strategy
CUST130778,0,0.033212833,3.32,Low,Normal,Normal service and loyalty strategy
CUST117311,0,0.03324485,3.32,Low,Normal,Normal service and loyalty strategy
CUST110971,0,0.03316233,3.32,Low,Normal,Normal service and loyalty strategy
CUST119261,0,0.033198576,3.32,Low,Normal,Normal service and loyalty strategy
CUST103584,0,0.033071093,3.31,Low,Normal,Normal service and loyalty strategy
CUST102821,0,0.033142917,3.31,Low,Normal,Normal service and loyalty strategy
CUST108045,0,0.033059962,3.31,Low,Normal,Normal service and loyalty strategy
CUST107662,0,0.03311447,3.31,Low,Normal,Normal service and loyalty strategy
CUST134673,0,0.03305601,3.31,Low,Normal,Normal service and loyalty strategy
CUST114420,0,0.033124097,3.31,Low,Normal,Normal service and loyalty strategy
CUST146939,0,0.03308079,3.31,Low,Normal,Normal service and loyalty strategy
CUST145397,0,0.033079844,3.31,Low,Normal,Normal service and loyalty strategy
CUST122922,0,0.033075087,3.31,Low,Normal,Normal service and loyalty strategy
CUST125279,0,0.03310808,3.31,Low,Normal,Normal service and loyalty strategy
CUST130274,0,0.033111088,3.31,Low,Normal,Normal service and loyalty strategy
CUST111879,0,0.033054363,3.31,Low,Normal,Normal service and loyalty strategy
CUST142994,0,0.03308762,3.31,Low,Normal,Normal service and loyalty strategy
CUST108969,0,0.03299693,3.3,Low,Normal,Normal service and loyalty strategy
CUST134562,0,0.032952562,3.3,Low,Normal,Normal service and loyalty strategy
CUST145146,0,0.032965057,3.3,Low,Normal,Normal service and loyalty strategy
CUST120439,0,0.033039667,3.3,Low,Normal,Normal service and loyalty strategy
CUST122588,0,0.033048045,3.3,Low,Normal,Normal service and loyalty strategy
CUST127634,0,0.03290065,3.29,Low,Normal,Normal service and loyalty strategy
CUST105207,0,0.032949653,3.29,Low,Normal,Normal service and loyalty strategy
CUST102577,0,0.03285302,3.29,Low,Normal,Normal service and loyalty strategy
CUST104421,0,0.032930143,3.29,Low,Normal,Normal service and loyalty strategy
CUST108284,0,0.032882757,3.29,Low,Normal,Normal service and loyalty strategy
CUST102971,0,0.032879066,3.29,Low,Normal,Normal service and loyalty strategy
CUST108226,0,0.032869842,3.29,Low,Normal,Normal service and loyalty strategy
CUST121796,0,0.032900475,3.29,Low,Normal,Normal service and loyalty strategy
CUST110788,0,0.03290948,3.29,Low,Normal,Normal service and loyalty strategy
CUST130656,0,0.03285005,3.29,Low,Normal,Normal service and loyalty strategy
CUST129288,0,0.03291236,3.29,Low,Normal,Normal service and loyalty strategy
CUST110783,0,0.032821853,3.28,Low,Normal,Normal service and loyalty strategy
CUST126107,0,0.032849,3.28,Low,Normal,Normal service and loyalty strategy
CUST131244,0,0.032764338,3.28,Low,Normal,Normal service and loyalty strategy
CUST118698,0,0.032753322,3.28,Low,Normal,Normal service and loyalty strategy
CUST128236,0,0.03279999,3.28,Low,Normal,Normal service and loyalty strategy
CUST121586,0,0.03275019,3.28,Low,Normal,Normal service and loyalty strategy
CUST138789,0,0.032827143,3.28,Low,Normal,Normal service and loyalty strategy
CUST139736,0,0.032808043,3.28,Low,Normal,Normal service and loyalty strategy
CUST121586,0,0.03275019,3.28,Low,Normal,Normal service and loyalty strategy
CUST114066,0,0.03276621,3.28,Low,Normal,Normal service and loyalty strategy
CUST123002,0,0.0328232,3.28,Low,Normal,Normal service and loyalty strategy
CUST113170,0,0.032760516,3.28,Low,Normal,Normal service and loyalty strategy
CUST126777,0,0.032781243,3.28,Low,Normal,Normal service and loyalty strategy
CUST147652,0,0.032833815,3.28,Low,Normal,Normal service and loyalty strategy
CUST132887,0,0.03274429,3.27,Low,Normal,Normal service and loyalty strategy
CUST139112,0,0.032716285,3.27,Low,Normal,Normal service and loyalty strategy
CUST106323,0,0.032665405,3.27,Low,Normal,Normal service and loyalty strategy
CUST138562,0,0.032714605,3.27,Low,Normal,Normal service and loyalty strategy
CUST126439,0,0.032700136,3.27,Low,Normal,Normal service and loyalty strategy
CUST139098,0,0.032668024,3.27,Low,Normal,Normal service and loyalty strategy
CUST106290,0,0.032705627,3.27,Low,Normal,Normal service and loyalty strategy
CUST101549,0,0.032657642,3.27,Low,Normal,Normal service and loyalty strategy
CUST135639,0,0.032676946,3.27,Low,Normal,Normal service and loyalty strategy
CUST101784,0,0.032683015,3.27,Low,Normal,Normal service and loyalty strategy
CUST121841,0,0.032575775,3.26,Low,Normal,Normal service and loyalty strategy
CUST130952,0,0.03264827,3.26,Low,Normal,Normal service and loyalty strategy
CUST122562,0,0.032641362,3.26,Low,Normal,Normal service and loyalty strategy
CUST138198,0,0.03259411,3.26,Low,Normal,Normal service and loyalty strategy
CUST125095,0,0.032604475,3.26,Low,Normal,Normal service and loyalty strategy
CUST126974,0,0.032631144,3.26,Low,Normal,Normal service and loyalty strategy
CUST127445,0,0.032630023,3.26,Low,Normal,Normal service and loyalty strategy
CUST126133,0,0.03261805,3.26,Low,Normal,Normal service and loyalty strategy
CUST108430,0,0.032491665,3.25,Low,Normal,Normal service and loyalty strategy
CUST107712,0,0.032547045,3.25,Low,Normal,Normal service and loyalty strategy
CUST147489,0,0.032452207,3.25,Low,Normal,Normal service and loyalty strategy
CUST109153,0,0.032511257,3.25,Low,Normal,Normal service and loyalty strategy
CUST129820,0,0.03251247,3.25,Low,Normal,Normal service and loyalty strategy
CUST128289,0,0.03247029,3.25,Low,Normal,Normal service and loyalty strategy
CUST113890,0,0.03254595,3.25,Low,Normal,Normal service and loyalty strategy
CUST113436,0,0.03252082,3.25,Low,Normal,Normal service and loyalty strategy
CUST122323,0,0.032464217,3.25,Low,Normal,Normal service and loyalty strategy
CUST128808,0,0.0324907,3.25,Low,Normal,Normal service and loyalty strategy
CUST123495,0,0.032360557,3.24,Low,Normal,Normal service and loyalty strategy
CUST112689,0,0.032442566,3.24,Low,Normal,Normal service and loyalty strategy
CUST124122,0,0.03240646,3.24,Low,Normal,Normal service and loyalty strategy
CUST125155,0,0.032357387,3.24,Low,Normal,Normal service and loyalty strategy
CUST104155,0,0.032446817,3.24,Low,Normal,Normal service and loyalty strategy
CUST109142,0,0.032439526,3.24,Low,Normal,Normal service and loyalty strategy
CUST122775,0,0.032350697,3.24,Low,Normal,Normal service and loyalty strategy
CUST126864,0,0.03243247,3.24,Low,Normal,Normal service and loyalty strategy
CUST120476,0,0.03238983,3.24,Low,Normal,Normal service and loyalty strategy
CUST131719,0,0.03234964,3.23,Low,Normal,Normal service and loyalty strategy
CUST101616,0,0.032259468,3.23,Low,Normal,Normal service and loyalty strategy
CUST110777,0,0.032266654,3.23,Low,Normal,Normal service and loyalty strategy
CUST102480,0,0.032273512,3.23,Low,Normal,Normal service and loyalty strategy
CUST135182,0,0.032259073,3.23,Low,Normal,Normal service and loyalty strategy
CUST125010,0,0.032290246,3.23,Low,Normal,Normal service and loyalty strategy
CUST109065,0,0.032285836,3.23,Low,Normal,Normal service and loyalty strategy
CUST105396,0,0.032285105,3.23,Low,Normal,Normal service and loyalty strategy
CUST117307,0,0.032276228,3.23,Low,Normal,Normal service and loyalty strategy
CUST143119,0,0.03234874,3.23,Low,Normal,Normal service and loyalty strategy
CUST123311,0,0.032231733,3.22,Low,Normal,Normal service and loyalty strategy
CUST110185,0,0.03218264,3.22,Low,Normal,Normal service and loyalty strategy
CUST132221,0,0.032197535,3.22,Low,Normal,Normal service and loyalty strategy
CUST102658,1,0.032187715,3.22,Low,Normal,Normal service and loyalty strategy
CUST120735,0,0.03217906,3.22,Low,Normal,Normal service and loyalty strategy
CUST117696,0,0.03217954,3.22,Low,Normal,Normal service and loyalty strategy
CUST130253,0,0.032162204,3.22,Low,Normal,Normal service and loyalty strategy
CUST128072,0,0.032123197,3.21,Low,Normal,Normal service and loyalty strategy
CUST142808,0,0.032075588,3.21,Low,Normal,Normal service and loyalty strategy
CUST100380,0,0.032108907,3.21,Low,Normal,Normal service and loyalty strategy
CUST121504,0,0.032069452,3.21,Low,Normal,Normal service and loyalty strategy
CUST122518,0,0.032126326,3.21,Low,Normal,Normal service and loyalty strategy
CUST140533,0,0.03207012,3.21,Low,Normal,Normal service and loyalty strategy
CUST103186,0,0.03206411,3.21,Low,Normal,Normal service and loyalty strategy
CUST109627,0,0.03213397,3.21,Low,Normal,Normal service and loyalty strategy
CUST101185,0,0.032101676,3.21,Low,Normal,Normal service and loyalty strategy
CUST124964,0,0.03214637,3.21,Low,Normal,Normal service and loyalty strategy
CUST131726,0,0.032085776,3.21,Low,Normal,Normal service and loyalty strategy
CUST121230,0,0.031987436,3.2,Low,Normal,Normal service and loyalty strategy
CUST146044,0,0.03202466,3.2,Low,Normal,Normal service and loyalty strategy
CUST134017,0,0.031965055,3.2,Low,Normal,Normal service and loyalty strategy
CUST125305,0,0.03204697,3.2,Low,Normal,Normal service and loyalty strategy
CUST125658,0,0.031959925,3.2,Low,Normal,Normal service and loyalty strategy
CUST100982,0,0.032007944,3.2,Low,Normal,Normal service and loyalty strategy
CUST112362,0,0.031972926,3.2,Low,Normal,Normal service and loyalty strategy
CUST130773,0,0.032009333,3.2,Low,Normal,Normal service and loyalty strategy
CUST135088,0,0.03187527,3.19,Low,Normal,Normal service and loyalty strategy
CUST111815,0,0.031912006,3.19,Low,Normal,Normal service and loyalty strategy
CUST118501,0,0.03185442,3.19,Low,Normal,Normal service and loyalty strategy
CUST141246,0,0.031895872,3.19,Low,Normal,Normal service and loyalty strategy
CUST137910,0,0.031889558,3.19,Low,Normal,Normal service and loyalty strategy
CUST119069,0,0.03192994,3.19,Low,Normal,Normal service and loyalty strategy
CUST137497,0,0.031908825,3.19,Low,Normal,Normal service and loyalty strategy
CUST137497,0,0.031908825,3.19,Low,Normal,Normal service and loyalty strategy
CUST104767,0,0.031905867,3.19,Low,Normal,Normal service and loyalty strategy
CUST128211,0,0.03185235,3.19,Low,Normal,Normal service and loyalty strategy
CUST118543,0,0.031811107,3.18,Low,Normal,Normal service and loyalty strategy
CUST114611,0,0.031837758,3.18,Low,Normal,Normal service and loyalty strategy
CUST117375,0,0.03177425,3.18,Low,Normal,Normal service and loyalty strategy
CUST137699,0,0.031798862,3.18,Low,Normal,Normal service and loyalty strategy
CUST130236,0,0.031822503,3.18,Low,Normal,Normal service and loyalty strategy
CUST139200,0,0.0317854,3.18,Low,Normal,Normal service and loyalty strategy
CUST128707,0,0.031759325,3.18,Low,Normal,Normal service and loyalty strategy
CUST126173,0,0.031655487,3.17,Low,Normal,Normal service and loyalty strategy
CUST144729,0,0.031654667,3.17,Low,Normal,Normal service and loyalty strategy
CUST132279,0,0.031723466,3.17,Low,Normal,Normal service and loyalty strategy
CUST141063,0,0.031674266,3.17,Low,Normal,Normal service and loyalty strategy
CUST118243,0,0.031671427,3.17,Low,Normal,Normal service and loyalty strategy
CUST143027,0,0.031742036,3.17,Low,Normal,Normal service and loyalty strategy
CUST135553,0,0.03158133,3.16,Low,Normal,Normal service and loyalty strategy
CUST131213,0,0.031569213,3.16,Low,Normal,Normal service and loyalty strategy
CUST101534,0,0.031560004,3.16,Low,Normal,Normal service and loyalty strategy
CUST123774,0,0.031629696,3.16,Low,Normal,Normal service and loyalty strategy
CUST107744,0,0.03159531,3.16,Low,Normal,Normal service and loyalty strategy
CUST146763,0,0.031591784,3.16,Low,Normal,Normal service and loyalty strategy
CUST121717,0,0.031577248,3.16,Low,Normal,Normal service and loyalty strategy
CUST109160,0,0.03164497,3.16,Low,Normal,Normal service and loyalty strategy
CUST133330,0,0.03161906,3.16,Low,Normal,Normal service and loyalty strategy
CUST139464,0,0.031569134,3.16,Low,Normal,Normal service and loyalty strategy
CUST122897,0,0.031564258,3.16,Low,Normal,Normal service and loyalty strategy
CUST119737,0,0.03161086,3.16,Low,Normal,Normal service and loyalty strategy
CUST125667,0,0.03160128,3.16,Low,Normal,Normal service and loyalty strategy
CUST134274,0,0.031607687,3.16,Low,Normal,Normal service and loyalty strategy
CUST145368,0,0.03160139,3.16,Low,Normal,Normal service and loyalty strategy
CUST123932,0,0.031474136,3.15,Low,Normal,Normal service and loyalty strategy
CUST132300,0,0.031475227,3.15,Low,Normal,Normal service and loyalty strategy
CUST112189,0,0.03145981,3.15,Low,Normal,Normal service and loyalty strategy
CUST139432,0,0.031457637,3.15,Low,Normal,Normal service and loyalty strategy
CUST122619,0,0.031518165,3.15,Low,Normal,Normal service and loyalty strategy
CUST146012,0,0.031462923,3.15,Low,Normal,Normal service and loyalty strategy
CUST143668,0,0.03145285,3.15,Low,Normal,Normal service and loyalty strategy
CUST137883,0,0.031506326,3.15,Low,Normal,Normal service and loyalty strategy
CUST107222,0,0.031417977,3.14,Low,Normal,Normal service and loyalty strategy
CUST128683,0,0.031419847,3.14,Low,Normal,Normal service and loyalty strategy
CUST115817,0,0.031392395,3.14,Low,Normal,Normal service and loyalty strategy
CUST111920,1,0.031385634,3.14,Low,Normal,Normal service and loyalty strategy
CUST102511,0,0.031365525,3.14,Low,Normal,Normal service and loyalty strategy
CUST146677,0,0.031448897,3.14,Low,Normal,Normal service and loyalty strategy
CUST107748,0,0.03142754,3.14,Low,Normal,Normal service and loyalty strategy
CUST138421,0,0.031365655,3.14,Low,Normal,Normal service and loyalty strategy
CUST116827,0,0.031350497,3.14,Low,Normal,Normal service and loyalty strategy
CUST144774,0,0.03136431,3.14,Low,Normal,Normal service and loyalty strategy
CUST124125,0,0.0313964,3.14,Low,Normal,Normal service and loyalty strategy
CUST137377,0,0.03142379,3.14,Low,Normal,Normal service and loyalty strategy
CUST128486,0,0.03134926,3.13,Low,Normal,Normal service and loyalty strategy
CUST120826,0,0.031335212,3.13,Low,Normal,Normal service and loyalty strategy
CUST144696,0,0.031329732,3.13,Low,Normal,Normal service and loyalty strategy
CUST114741,0,0.031302627,3.13,Low,Normal,Normal service and loyalty strategy
CUST140983,0,0.031279724,3.13,Low,Normal,Normal service and loyalty strategy
CUST145433,0,0.03130923,3.13,Low,Normal,Normal service and loyalty strategy
CUST123796,0,0.03130627,3.13,Low,Normal,Normal service and loyalty strategy
CUST123752,0,0.031283908,3.13,Low,Normal,Normal service and loyalty strategy
CUST145733,0,0.031334758,3.13,Low,Normal,Normal service and loyalty strategy
CUST142956,0,0.031162981,3.12,Low,Normal,Normal service and loyalty strategy
CUST130620,0,0.031218933,3.12,Low,Normal,Normal service and loyalty strategy
CUST127188,0,0.03121433,3.12,Low,Normal,Normal service and loyalty strategy
CUST108953,0,0.031243877,3.12,Low,Normal,Normal service and loyalty strategy
CUST129090,0,0.031242324,3.12,Low,Normal,Normal service and loyalty strategy
CUST131896,0,0.031167595,3.12,Low,Normal,Normal service and loyalty strategy
CUST121553,0,0.031158855,3.12,Low,Normal,Normal service and loyalty strategy
CUST135146,0,0.031234343,3.12,Low,Normal,Normal service and loyalty strategy
CUST128837,0,0.031072749,3.11,Low,Normal,Normal service and loyalty strategy
CUST117136,0,0.031092672,3.11,Low,Normal,Normal service and loyalty strategy
CUST124581,0,0.031102706,3.11,Low,Normal,Normal service and loyalty strategy
CUST147394,0,0.031087989,3.11,Low,Normal,Normal service and loyalty strategy
CUST114425,0,0.03107431,3.11,Low,Normal,Normal service and loyalty strategy
CUST132163,0,0.03111268,3.11,Low,Normal,Normal service and loyalty strategy
CUST141098,0,0.03110477,3.11,Low,Normal,Normal service and loyalty strategy
CUST135371,0,0.031130372,3.11,Low,Normal,Normal service and loyalty strategy
CUST111217,0,0.031147148,3.11,Low,Normal,Normal service and loyalty strategy
CUST101480,0,0.03108984,3.11,Low,Normal,Normal service and loyalty strategy
CUST108974,0,0.031066386,3.11,Low,Normal,Normal service and loyalty strategy
CUST107733,0,0.031122055,3.11,Low,Normal,Normal service and loyalty strategy
CUST139179,0,0.031068532,3.11,Low,Normal,Normal service and loyalty strategy
CUST124275,0,0.030992722,3.1,Low,Normal,Normal service and loyalty strategy
CUST133432,0,0.03097133,3.1,Low,Normal,Normal service and loyalty strategy
CUST116804,0,0.031029282,3.1,Low,Normal,Normal service and loyalty strategy
CUST103823,0,0.030982457,3.1,Low,Normal,Normal service and loyalty strategy
CUST108382,0,0.030986333,3.1,Low,Normal,Normal service and loyalty strategy
CUST132233,0,0.030968044,3.1,Low,Normal,Normal service and loyalty strategy
CUST106134,0,0.03097402,3.1,Low,Normal,Normal service and loyalty strategy
CUST101555,0,0.030936074,3.09,Low,Normal,Normal service and loyalty strategy
CUST127394,0,0.030903695,3.09,Low,Normal,Normal service and loyalty strategy
CUST138020,0,0.030928394,3.09,Low,Normal,Normal service and loyalty strategy
CUST147090,0,0.030868486,3.09,Low,Normal,Normal service and loyalty strategy
CUST113752,0,0.03090726,3.09,Low,Normal,Normal service and loyalty strategy
CUST103693,0,0.03092608,3.09,Low,Normal,Normal service and loyalty strategy
CUST106646,0,0.030884366,3.09,Low,Normal,Normal service and loyalty strategy
CUST127578,0,0.030872844,3.09,Low,Normal,Normal service and loyalty strategy
CUST103810,0,0.030858282,3.09,Low,Normal,Normal service and loyalty strategy
CUST141244,0,0.030890957,3.09,Low,Normal,Normal service and loyalty strategy
CUST120622,0,0.030881917,3.09,Low,Normal,Normal service and loyalty strategy
CUST125491,0,0.030769173,3.08,Low,Normal,Normal service and loyalty strategy
CUST123236,0,0.030798592,3.08,Low,Normal,Normal service and loyalty strategy
CUST126773,0,0.030818325,3.08,Low,Normal,Normal service and loyalty strategy
CUST124624,0,0.030833619,3.08,Low,Normal,Normal service and loyalty strategy
CUST139587,0,0.030757314,3.08,Low,Normal,Normal service and loyalty strategy
CUST112493,0,0.03080993,3.08,Low,Normal,Normal service and loyalty strategy
CUST107699,0,0.030841965,3.08,Low,Normal,Normal service and loyalty strategy
CUST112512,0,0.030783437,3.08,Low,Normal,Normal service and loyalty strategy
CUST146475,0,0.030831946,3.08,Low,Normal,Normal service and loyalty strategy
CUST115935,0,0.0307982,3.08,Low,Normal,Normal service and loyalty strategy
CUST101577,0,0.030799033,3.08,Low,Normal,Normal service and loyalty strategy
CUST114759,0,0.03078012,3.08,Low,Normal,Normal service and loyalty strategy
CUST122998,0,0.030817358,3.08,Low,Normal,Normal service and loyalty strategy
CUST112763,0,0.030765388,3.08,Low,Normal,Normal service and loyalty strategy
CUST132834,0,0.030767266,3.08,Low,Normal,Normal service and loyalty strategy
CUST110461,0,0.03072022,3.07,Low,Normal,Normal service and loyalty strategy
CUST134363,0,0.030721992,3.07,Low,Normal,Normal service and loyalty strategy
CUST111971,0,0.030733014,3.07,Low,Normal,Normal service and loyalty strategy
CUST136263,0,0.03065928,3.07,Low,Normal,Normal service and loyalty strategy
CUST133326,0,0.03074583,3.07,Low,Normal,Normal service and loyalty strategy
CUST104630,0,0.030702684,3.07,Low,Normal,Normal service and loyalty strategy
CUST129464,0,0.030666545,3.07,Low,Normal,Normal service and loyalty strategy
CUST100547,0,0.03072501,3.07,Low,Normal,Normal service and loyalty strategy
CUST136614,0,0.030656144,3.07,Low,Normal,Normal service and loyalty strategy
CUST110173,0,0.03073972,3.07,Low,Normal,Normal service and loyalty strategy
CUST115010,0,0.030738138,3.07,Low,Normal,Normal service and loyalty strategy
CUST102867,0,0.030629916,3.06,Low,Normal,Normal service and loyalty strategy
CUST138250,0,0.030583555,3.06,Low,Normal,Normal service and loyalty strategy
CUST123161,0,0.030613992,3.06,Low,Normal,Normal service and loyalty strategy
CUST124332,0,0.030553345,3.06,Low,Normal,Normal service and loyalty strategy
CUST104362,0,0.030612305,3.06,Low,Normal,Normal service and loyalty strategy
CUST102728,0,0.030621227,3.06,Low,Normal,Normal service and loyalty strategy
CUST120439,0,0.030588115,3.06,Low,Normal,Normal service and loyalty strategy
CUST110680,0,0.030641027,3.06,Low,Normal,Normal service and loyalty strategy
CUST129885,0,0.0306149,3.06,Low,Normal,Normal service and loyalty strategy
CUST105932,0,0.030579144,3.06,Low,Normal,Normal service and loyalty strategy
CUST134693,0,0.030612962,3.06,Low,Normal,Normal service and loyalty strategy
CUST146702,0,0.0305712,3.06,Low,Normal,Normal service and loyalty strategy
CUST119952,0,0.030583832,3.06,Low,Normal,Normal service and loyalty strategy
CUST130282,0,0.03059474,3.06,Low,Normal,Normal service and loyalty strategy
CUST121345,0,0.03062812,3.06,Low,Normal,Normal service and loyalty strategy
CUST121131,0,0.03050506,3.05,Low,Normal,Normal service and loyalty strategy
CUST111468,0,0.030514603,3.05,Low,Normal,Normal service and loyalty strategy
CUST126512,0,0.030483143,3.05,Low,Normal,Normal service and loyalty strategy
CUST110236,0,0.030466674,3.05,Low,Normal,Normal service and loyalty strategy
CUST138244,0,0.030462818,3.05,Low,Normal,Normal service and loyalty strategy
CUST140279,0,0.030497612,3.05,Low,Normal,Normal service and loyalty strategy
CUST130543,0,0.030534664,3.05,Low,Normal,Normal service and loyalty strategy
CUST109308,0,0.030460786,3.05,Low,Normal,Normal service and loyalty strategy
CUST145835,0,0.030393831,3.04,Low,Normal,Normal service and loyalty strategy
CUST147134,0,0.030444259,3.04,Low,Normal,Normal service and loyalty strategy
CUST124306,0,0.03038805,3.04,Low,Normal,Normal service and loyalty strategy
CUST102711,0,0.030369082,3.04,Low,Normal,Normal service and loyalty strategy
CUST145003,0,0.030355334,3.04,Low,Normal,Normal service and loyalty strategy
CUST128547,0,0.030371869,3.04,Low,Normal,Normal service and loyalty strategy
CUST103947,0,0.030432343,3.04,Low,Normal,Normal service and loyalty strategy
CUST146077,0,0.0303792,3.04,Low,Normal,Normal service and loyalty strategy
CUST111376,0,0.030384615,3.04,Low,Normal,Normal service and loyalty strategy
CUST121523,0,0.03040341,3.04,Low,Normal,Normal service and loyalty strategy
CUST141123,0,0.030388836,3.04,Low,Normal,Normal service and loyalty strategy
CUST132785,0,0.030338198,3.03,Low,Normal,Normal service and loyalty strategy
CUST129272,0,0.030310059,3.03,Low,Normal,Normal service and loyalty strategy
CUST127140,0,0.030290183,3.03,Low,Normal,Normal service and loyalty strategy
CUST109484,0,0.030287258,3.03,Low,Normal,Normal service and loyalty strategy
CUST102736,0,0.030340645,3.03,Low,Normal,Normal service and loyalty strategy
CUST130567,0,0.030328227,3.03,Low,Normal,Normal service and loyalty strategy
CUST141938,0,0.03025029,3.03,Low,Normal,Normal service and loyalty strategy
CUST133364,0,0.030319363,3.03,Low,Normal,Normal service and loyalty strategy
CUST106113,0,0.030337447,3.03,Low,Normal,Normal service and loyalty strategy
CUST133618,0,0.030212848,3.02,Low,Normal,Normal service and loyalty strategy
CUST133721,0,0.030188086,3.02,Low,Normal,Normal service and loyalty strategy
CUST106957,0,0.030168366,3.02,Low,Normal,Normal service and loyalty strategy
CUST118555,0,0.03023967,3.02,Low,Normal,Normal service and loyalty strategy
CUST118555,0,0.03023967,3.02,Low,Normal,Normal service and loyalty strategy
CUST103979,0,0.030228807,3.02,Low,Normal,Normal service and loyalty strategy
CUST109128,0,0.030238602,3.02,Low,Normal,Normal service and loyalty strategy
CUST144825,0,0.030238608,3.02,Low,Normal,Normal service and loyalty strategy
CUST105919,0,0.03009463,3.01,Low,Normal,Normal service and loyalty strategy
CUST138612,0,0.030124756,3.01,Low,Normal,Normal service and loyalty strategy
CUST140220,0,0.030141836,3.01,Low,Normal,Normal service and loyalty strategy
CUST131504,0,0.030073369,3.01,Low,Normal,Normal service and loyalty strategy
CUST119003,0,0.030141043,3.01,Low,Normal,Normal service and loyalty strategy
CUST106729,0,0.030103775,3.01,Low,Normal,Normal service and loyalty strategy
CUST123210,0,0.030086024,3.01,Low,Normal,Normal service and loyalty strategy
CUST118740,0,0.030098548,3.01,Low,Normal,Normal service and loyalty strategy
CUST132745,0,0.030131487,3.01,Low,Normal,Normal service and loyalty strategy
CUST129816,0,0.030049866,3.0,Low,Normal,Normal service and loyalty strategy
CUST113255,0,0.029950915,3.0,Low,Normal,Normal service and loyalty strategy
CUST131260,0,0.029966533,3.0,Low,Normal,Normal service and loyalty strategy
CUST125273,0,0.02998372,3.0,Low,Normal,Normal service and loyalty strategy
CUST110578,0,0.029993664,3.0,Low,Normal,Normal service and loyalty strategy
CUST131206,0,0.03002158,3.0,Low,Normal,Normal service and loyalty strategy
CUST139599,0,0.029960137,3.0,Low,Normal,Normal service and loyalty strategy
CUST105286,0,0.02997463,3.0,Low,Normal,Normal service and loyalty strategy
CUST146670,0,0.029972598,3.0,Low,Normal,Normal service and loyalty strategy
CUST137657,0,0.030018793,3.0,Low,Normal,Normal service and loyalty strategy
CUST110104,0,0.030049121,3.0,Low,Normal,Normal service and loyalty strategy
CUST134128,0,0.029861957,2.99,Low,Normal,Normal service and loyalty strategy
CUST102972,0,0.029873347,2.99,Low,Normal,Normal service and loyalty strategy
CUST127872,0,0.029881746,2.99,Low,Normal,Normal service and loyalty strategy
CUST140263,0,0.029854635,2.99,Low,Normal,Normal service and loyalty strategy
CUST125965,0,0.029873507,2.99,Low,Normal,Normal service and loyalty strategy
CUST113610,0,0.029861784,2.99,Low,Normal,Normal service and loyalty strategy
CUST131231,0,0.02993845,2.99,Low,Normal,Normal service and loyalty strategy
CUST123573,0,0.029912155,2.99,Low,Normal,Normal service and loyalty strategy
CUST115003,0,0.029890737,2.99,Low,Normal,Normal service and loyalty strategy
CUST104811,0,0.029928729,2.99,Low,Normal,Normal service and loyalty strategy
CUST102592,0,0.029935444,2.99,Low,Normal,Normal service and loyalty strategy
CUST128784,0,0.029934911,2.99,Low,Normal,Normal service and loyalty strategy
CUST117284,0,0.029877191,2.99,Low,Normal,Normal service and loyalty strategy
CUST136906,0,0.02990896,2.99,Low,Normal,Normal service and loyalty strategy
CUST114202,0,0.029923122,2.99,Low,Normal,Normal service and loyalty strategy
CUST143014,0,0.029921101,2.99,Low,Normal,Normal service and loyalty strategy
CUST145559,0,0.029852351,2.99,Low,Normal,Normal service and loyalty strategy
CUST145610,0,0.029804068,2.98,Low,Normal,Normal service and loyalty strategy
CUST116976,0,0.02981954,2.98,Low,Normal,Normal service and loyalty strategy
CUST142378,0,0.029809274,2.98,Low,Normal,Normal service and loyalty strategy
CUST101886,0,0.029807301,2.98,Low,Normal,Normal service and loyalty strategy
CUST110635,0,0.029807447,2.98,Low,Normal,Normal service and loyalty strategy
CUST122374,0,0.029756302,2.98,Low,Normal,Normal service and loyalty strategy
CUST120095,0,0.02979275,2.98,Low,Normal,Normal service and loyalty strategy
CUST120991,0,0.029812561,2.98,Low,Normal,Normal service and loyalty strategy
CUST104068,0,0.029813135,2.98,Low,Normal,Normal service and loyalty strategy
CUST139019,0,0.029788986,2.98,Low,Normal,Normal service and loyalty strategy
CUST147005,0,0.029807633,2.98,Low,Normal,Normal service and loyalty strategy
CUST131860,0,0.029790336,2.98,Low,Normal,Normal service and loyalty strategy
CUST139068,0,0.029800262,2.98,Low,Normal,Normal service and loyalty strategy
CUST122918,0,0.029766368,2.98,Low,Normal,Normal service and loyalty strategy
CUST143519,0,0.029758777,2.98,Low,Normal,Normal service and loyalty strategy
CUST117949,0,0.02973092,2.97,Low,Normal,Normal service and loyalty strategy
CUST106676,0,0.02972438,2.97,Low,Normal,Normal service and loyalty strategy
CUST141389,0,0.029672356,2.97,Low,Normal,Normal service and loyalty strategy
CUST135338,0,0.029712575,2.97,Low,Normal,Normal service and loyalty strategy
CUST109884,0,0.029738212,2.97,Low,Normal,Normal service and loyalty strategy
CUST125028,0,0.029679077,2.97,Low,Normal,Normal service and loyalty strategy
CUST106009,0,0.029656187,2.97,Low,Normal,Normal service and loyalty strategy
CUST125374,0,0.029691894,2.97,Low,Normal,Normal service and loyalty strategy
CUST101993,0,0.029632034,2.96,Low,Normal,Normal service and loyalty strategy
CUST119264,0,0.029612185,2.96,Low,Normal,Normal service and loyalty strategy
CUST146730,0,0.029595034,2.96,Low,Normal,Normal service and loyalty strategy
CUST125857,0,0.029553749,2.96,Low,Normal,Normal service and loyalty strategy
CUST131927,0,0.029550165,2.96,Low,Normal,Normal service and loyalty strategy
CUST124057,0,0.029575009,2.96,Low,Normal,Normal service and loyalty strategy
CUST120966,0,0.029555745,2.96,Low,Normal,Normal service and loyalty strategy
CUST127418,0,0.029642003,2.96,Low,Normal,Normal service and loyalty strategy
CUST123670,0,0.02962683,2.96,Low,Normal,Normal service and loyalty strategy
CUST115385,0,0.02957178,2.96,Low,Normal,Normal service and loyalty strategy
CUST145557,0,0.0296284,2.96,Low,Normal,Normal service and loyalty strategy
CUST106352,0,0.029519072,2.95,Low,Normal,Normal service and loyalty strategy
CUST136330,0,0.029480675,2.95,Low,Normal,Normal service and loyalty strategy
CUST140733,1,0.02946556,2.95,Low,Normal,Normal service and loyalty strategy
CUST112821,0,0.029530175,2.95,Low,Normal,Normal service and loyalty strategy
CUST129448,0,0.029518826,2.95,Low,Normal,Normal service and loyalty strategy
CUST144138,0,0.029484682,2.95,Low,Normal,Normal service and loyalty strategy
CUST113031,0,0.02953384,2.95,Low,Normal,Normal service and loyalty strategy
CUST125275,0,0.029499115,2.95,Low,Normal,Normal service and loyalty strategy
CUST111017,0,0.02945514,2.95,Low,Normal,Normal service and loyalty strategy
CUST130240,0,0.029442754,2.94,Low,Normal,Normal service and loyalty strategy
CUST137936,0,0.029354855,2.94,Low,Normal,Normal service and loyalty strategy
CUST139131,0,0.029374862,2.94,Low,Normal,Normal service and loyalty strategy
CUST136423,0,0.02943842,2.94,Low,Normal,Normal service and loyalty strategy
CUST118123,0,0.029368283,2.94,Low,Normal,Normal service and loyalty strategy
CUST115454,0,0.029424535,2.94,Low,Normal,Normal service and loyalty strategy
CUST112342,0,0.029437134,2.94,Low,Normal,Normal service and loyalty strategy
CUST122230,0,0.029441547,2.94,Low,Normal,Normal service and loyalty strategy
CUST105498,0,0.029447543,2.94,Low,Normal,Normal service and loyalty strategy
CUST120044,0,0.029379023,2.94,Low,Normal,Normal service and loyalty strategy
CUST139629,0,0.029417098,2.94,Low,Normal,Normal service and loyalty strategy
CUST123964,1,0.029418562,2.94,Low,Normal,Normal service and loyalty strategy
CUST100838,0,0.0294219,2.94,Low,Normal,Normal service and loyalty strategy
CUST131497,0,0.029366046,2.94,Low,Normal,Normal service and loyalty strategy
CUST139307,0,0.02937018,2.94,Low,Normal,Normal service and loyalty strategy
CUST104470,0,0.0292743,2.93,Low,Normal,Normal service and loyalty strategy
CUST132713,0,0.029324409,2.93,Low,Normal,Normal service and loyalty strategy
CUST107212,0,0.029272322,2.93,Low,Normal,Normal service and loyalty strategy
CUST147513,0,0.02930943,2.93,Low,Normal,Normal service and loyalty strategy
CUST113882,0,0.029344626,2.93,Low,Normal,Normal service and loyalty strategy
CUST125669,0,0.029269902,2.93,Low,Normal,Normal service and loyalty strategy
CUST102953,0,0.029280996,2.93,Low,Normal,Normal service and loyalty strategy
CUST111263,0,0.02933407,2.93,Low,Normal,Normal service and loyalty strategy
CUST105279,0,0.02932524,2.93,Low,Normal,Normal service and loyalty strategy
CUST120191,0,0.02929699,2.93,Low,Normal,Normal service and loyalty strategy
CUST144097,0,0.029304674,2.93,Low,Normal,Normal service and loyalty strategy
CUST139351,0,0.02925432,2.93,Low,Normal,Normal service and loyalty strategy
CUST106800,0,0.02926462,2.93,Low,Normal,Normal service and loyalty strategy
CUST144625,0,0.029261786,2.93,Low,Normal,Normal service and loyalty strategy
CUST120061,0,0.029340103,2.93,Low,Normal,Normal service and loyalty strategy
CUST135479,0,0.029186668,2.92,Low,Normal,Normal service and loyalty strategy
CUST140320,0,0.029228844,2.92,Low,Normal,Normal service and loyalty strategy
CUST131729,0,0.029196944,2.92,Low,Normal,Normal service and loyalty strategy
CUST140844,0,0.029240659,2.92,Low,Normal,Normal service and loyalty strategy
CUST100270,0,0.029174529,2.92,Low,Normal,Normal service and loyalty strategy
CUST145533,0,0.02919599,2.92,Low,Normal,Normal service and loyalty strategy
CUST145839,0,0.029189317,2.92,Low,Normal,Normal service and loyalty strategy
CUST144929,0,0.029212607,2.92,Low,Normal,Normal service and loyalty strategy
CUST101250,0,0.029243976,2.92,Low,Normal,Normal service and loyalty strategy
CUST145125,0,0.029153861,2.92,Low,Normal,Normal service and loyalty strategy
CUST135479,0,0.029186668,2.92,Low,Normal,Normal service and loyalty strategy
CUST112756,0,0.029234333,2.92,Low,Normal,Normal service and loyalty strategy
CUST146384,0,0.029191855,2.92,Low,Normal,Normal service and loyalty strategy
CUST116604,0,0.029206475,2.92,Low,Normal,Normal service and loyalty strategy
CUST140046,0,0.029165022,2.92,Low,Normal,Normal service and loyalty strategy
CUST122577,0,0.029193133,2.92,Low,Normal,Normal service and loyalty strategy
CUST113556,0,0.029181167,2.92,Low,Normal,Normal service and loyalty strategy
CUST126783,0,0.029214345,2.92,Low,Normal,Normal service and loyalty strategy
CUST134672,0,0.029221911,2.92,Low,Normal,Normal service and loyalty strategy
CUST101320,0,0.029229987,2.92,Low,Normal,Normal service and loyalty strategy
CUST138259,0,0.02921016,2.92,Low,Normal,Normal service and loyalty strategy
CUST146932,0,0.029223913,2.92,Low,Normal,Normal service and loyalty strategy
CUST113236,0,0.029104391,2.91,Low,Normal,Normal service and loyalty strategy
CUST145331,0,0.029076612,2.91,Low,Normal,Normal service and loyalty strategy
CUST100397,0,0.029123118,2.91,Low,Normal,Normal service and loyalty strategy
CUST110011,0,0.029103596,2.91,Low,Normal,Normal service and loyalty strategy
CUST147857,0,0.029119922,2.91,Low,Normal,Normal service and loyalty strategy
CUST128799,0,0.029107329,2.91,Low,Normal,Normal service and loyalty strategy
CUST124428,0,0.029080685,2.91,Low,Normal,Normal service and loyalty strategy
CUST109819,1,0.02909485,2.91,Low,Normal,Normal service and loyalty strategy
CUST107201,0,0.029126745,2.91,Low,Normal,Normal service and loyalty strategy
CUST147722,0,0.02914708,2.91,Low,Normal,Normal service and loyalty strategy
CUST128380,0,0.02906388,2.91,Low,Normal,Normal service and loyalty strategy
CUST111878,1,0.029064488,2.91,Low,Normal,Normal service and loyalty strategy
CUST116346,0,0.029044606,2.9,Low,Normal,Normal service and loyalty strategy
CUST101033,0,0.028976854,2.9,Low,Normal,Normal service and loyalty strategy
CUST109713,0,0.028996052,2.9,Low,Normal,Normal service and loyalty strategy
CUST136040,0,0.028971057,2.9,Low,Normal,Normal service and loyalty strategy
CUST128579,0,0.028978772,2.9,Low,Normal,Normal service and loyalty strategy
CUST129721,1,0.028965779,2.9,Low,Normal,Normal service and loyalty strategy
CUST130915,0,0.029048815,2.9,Low,Normal,Normal service and loyalty strategy
CUST114153,0,0.029027216,2.9,Low,Normal,Normal service and loyalty strategy
CUST141216,0,0.02902886,2.9,Low,Normal,Normal service and loyalty strategy
CUST128567,0,0.028993951,2.9,Low,Normal,Normal service and loyalty strategy
CUST121043,0,0.029030748,2.9,Low,Normal,Normal service and loyalty strategy
CUST120907,0,0.02896908,2.9,Low,Normal,Normal service and loyalty strategy
CUST121394,0,0.028925644,2.89,Low,Normal,Normal service and loyalty strategy
CUST133390,0,0.02891345,2.89,Low,Normal,Normal service and loyalty strategy
CUST123620,0,0.028907293,2.89,Low,Normal,Normal service and loyalty strategy
CUST113985,0,0.02887465,2.89,Low,Normal,Normal service and loyalty strategy
CUST111158,0,0.028937317,2.89,Low,Normal,Normal service and loyalty strategy
CUST133927,0,0.028929174,2.89,Low,Normal,Normal service and loyalty strategy
CUST114144,0,0.028880354,2.89,Low,Normal,Normal service and loyalty strategy
CUST126895,0,0.028851086,2.89,Low,Normal,Normal service and loyalty strategy
CUST138320,0,0.028856104,2.89,Low,Normal,Normal service and loyalty strategy
CUST102095,0,0.028751539,2.88,Low,Normal,Normal service and loyalty strategy
CUST126940,0,0.02876738,2.88,Low,Normal,Normal service and loyalty strategy
CUST129476,0,0.028832717,2.88,Low,Normal,Normal service and loyalty strategy
CUST110077,0,0.028792681,2.88,Low,Normal,Normal service and loyalty strategy
CUST100479,0,0.02879182,2.88,Low,Normal,Normal service and loyalty strategy
CUST109033,0,0.028794874,2.88,Low,Normal,Normal service and loyalty strategy
CUST116627,0,0.0288348,2.88,Low,Normal,Normal service and loyalty strategy
CUST107765,0,0.028841529,2.88,Low,Normal,Normal service and loyalty strategy
CUST109664,0,0.028824426,2.88,Low,Normal,Normal service and loyalty strategy
CUST125930,0,0.02884959,2.88,Low,Normal,Normal service and loyalty strategy
CUST139936,0,0.02878028,2.88,Low,Normal,Normal service and loyalty strategy
CUST134073,0,0.02880309,2.88,Low,Normal,Normal service and loyalty strategy
CUST118193,0,0.028772999,2.88,Low,Normal,Normal service and loyalty strategy
CUST112367,0,0.028700605,2.87,Low,Normal,Normal service and loyalty strategy
CUST114319,1,0.02873722,2.87,Low,Normal,Normal service and loyalty strategy
CUST122375,1,0.028651893,2.87,Low,Normal,Normal service and loyalty strategy
CUST112183,0,0.028726716,2.87,Low,Normal,Normal service and loyalty strategy
CUST125797,0,0.028743053,2.87,Low,Normal,Normal service and loyalty strategy
CUST120559,0,0.02870529,2.87,Low,Normal,Normal service and loyalty strategy
CUST144424,0,0.028719923,2.87,Low,Normal,Normal service and loyalty strategy
CUST125112,0,0.028723344,2.87,Low,Normal,Normal service and loyalty strategy
CUST123585,0,0.028698955,2.87,Low,Normal,Normal service and loyalty strategy
CUST145287,0,0.028733607,2.87,Low,Normal,Normal service and loyalty strategy
CUST120069,0,0.028701892,2.87,Low,Normal,Normal service and loyalty strategy
CUST100670,0,0.028615778,2.86,Low,Normal,Normal service and loyalty strategy
CUST147392,0,0.02864484,2.86,Low,Normal,Normal service and loyalty strategy
CUST136010,0,0.02857793,2.86,Low,Normal,Normal service and loyalty strategy
CUST121919,0,0.028608415,2.86,Low,Normal,Normal service and loyalty strategy
CUST121036,0,0.0285766,2.86,Low,Normal,Normal service and loyalty strategy
CUST134104,0,0.028600566,2.86,Low,Normal,Normal service and loyalty strategy
CUST122573,0,0.028628241,2.86,Low,Normal,Normal service and loyalty strategy
CUST138234,1,0.028576393,2.86,Low,Normal,Normal service and loyalty strategy
CUST117996,0,0.028586091,2.86,Low,Normal,Normal service and loyalty strategy
CUST106458,0,0.028620744,2.86,Low,Normal,Normal service and loyalty strategy
CUST146144,0,0.028627697,2.86,Low,Normal,Normal service and loyalty strategy
CUST125938,0,0.028600315,2.86,Low,Normal,Normal service and loyalty strategy
CUST135850,0,0.02860378,2.86,Low,Normal,Normal service and loyalty strategy
CUST142532,0,0.028627783,2.86,Low,Normal,Normal service and loyalty strategy
CUST108980,0,0.02860499,2.86,Low,Normal,Normal service and loyalty strategy
CUST128459,0,0.02858891,2.86,Low,Normal,Normal service and loyalty strategy
CUST145243,0,0.02862891,2.86,Low,Normal,Normal service and loyalty strategy
CUST139612,0,0.028570417,2.86,Low,Normal,Normal service and loyalty strategy
CUST110741,0,0.028561175,2.86,Low,Normal,Normal service and loyalty strategy
CUST128942,0,0.02858574,2.86,Low,Normal,Normal service and loyalty strategy
CUST131884,0,0.028622963,2.86,Low,Normal,Normal service and loyalty strategy
CUST106775,0,0.028596578,2.86,Low,Normal,Normal service and loyalty strategy
CUST107364,0,0.028613327,2.86,Low,Normal,Normal service and loyalty strategy
CUST125774,0,0.028454302,2.85,Low,Normal,Normal service and loyalty strategy
CUST129640,0,0.028521927,2.85,Low,Normal,Normal service and loyalty strategy
CUST111196,0,0.028494418,2.85,Low,Normal,Normal service and loyalty strategy
CUST102508,0,0.028527623,2.85,Low,Normal,Normal service and loyalty strategy
CUST132992,0,0.028501652,2.85,Low,Normal,Normal service and loyalty strategy
CUST131266,0,0.028463973,2.85,Low,Normal,Normal service and loyalty strategy
CUST106794,0,0.028533854,2.85,Low,Normal,Normal service and loyalty strategy
CUST122959,0,0.028502433,2.85,Low,Normal,Normal service and loyalty strategy
CUST116722,0,0.02851583,2.85,Low,Normal,Normal service and loyalty strategy
CUST101030,0,0.028440664,2.84,Low,Normal,Normal service and loyalty strategy
CUST134460,0,0.028384332,2.84,Low,Normal,Normal service and loyalty strategy
CUST100710,0,0.02836602,2.84,Low,Normal,Normal service and loyalty strategy
CUST145240,0,0.028432356,2.84,Low,Normal,Normal service and loyalty strategy
CUST125765,0,0.028447265,2.84,Low,Normal,Normal service and loyalty strategy
CUST143661,0,0.028426766,2.84,Low,Normal,Normal service and loyalty strategy
CUST119828,0,0.028398426,2.84,Low,Normal,Normal service and loyalty strategy
CUST119602,0,0.028422942,2.84,Low,Normal,Normal service and loyalty strategy
CUST109076,0,0.02838288,2.84,Low,Normal,Normal service and loyalty strategy
CUST101391,0,0.028361136,2.84,Low,Normal,Normal service and loyalty strategy
CUST142264,0,0.028440677,2.84,Low,Normal,Normal service and loyalty strategy
CUST121008,0,0.028356323,2.84,Low,Normal,Normal service and loyalty strategy
CUST102975,0,0.028386522,2.84,Low,Normal,Normal service and loyalty strategy
CUST101485,0,0.02840434,2.84,Low,Normal,Normal service and loyalty strategy
CUST137619,0,0.028444465,2.84,Low,Normal,Normal service and loyalty strategy
CUST146083,0,0.028374761,2.84,Low,Normal,Normal service and loyalty strategy
CUST110773,0,0.028304862,2.83,Low,Normal,Normal service and loyalty strategy
CUST121382,0,0.028307961,2.83,Low,Normal,Normal service and loyalty strategy
CUST124782,0,0.028259479,2.83,Low,Normal,Normal service and loyalty strategy
CUST140597,0,0.028303208,2.83,Low,Normal,Normal service and loyalty strategy
CUST131899,0,0.02826012,2.83,Low,Normal,Normal service and loyalty strategy
CUST114904,0,0.028346581,2.83,Low,Normal,Normal service and loyalty strategy
CUST140368,0,0.028253574,2.83,Low,Normal,Normal service and loyalty strategy
CUST113285,0,0.028263336,2.83,Low,Normal,Normal service and loyalty strategy
CUST117149,0,0.028344657,2.83,Low,Normal,Normal service and loyalty strategy
CUST126105,0,0.028260512,2.83,Low,Normal,Normal service and loyalty strategy
CUST136624,0,0.028295157,2.83,Low,Normal,Normal service and loyalty strategy
CUST127001,1,0.028276913,2.83,Low,Normal,Normal service and loyalty strategy
CUST123850,0,0.028189352,2.82,Low,Normal,Normal service and loyalty strategy
CUST126408,0,0.02822406,2.82,Low,Normal,Normal service and loyalty strategy
CUST110641,0,0.02815169,2.82,Low,Normal,Normal service and loyalty strategy
CUST131006,0,0.02816818,2.82,Low,Normal,Normal service and loyalty strategy
CUST121243,0,0.028232738,2.82,Low,Normal,Normal service and loyalty strategy
CUST132006,0,0.028221976,2.82,Low,Normal,Normal service and loyalty strategy
CUST117433,0,0.0281619,2.82,Low,Normal,Normal service and loyalty strategy
CUST137078,0,0.0282172,2.82,Low,Normal,Normal service and loyalty strategy
CUST114252,0,0.028199472,2.82,Low,Normal,Normal service and loyalty strategy
CUST136358,0,0.028212834,2.82,Low,Normal,Normal service and loyalty strategy
CUST129210,0,0.028223112,2.82,Low,Normal,Normal service and loyalty strategy
CUST123408,0,0.028145703,2.81,Low,Normal,Normal service and loyalty strategy
CUST124536,0,0.028121786,2.81,Low,Normal,Normal service and loyalty strategy
CUST134208,0,0.028148657,2.81,Low,Normal,Normal service and loyalty strategy
CUST147669,0,0.028128294,2.81,Low,Normal,Normal service and loyalty strategy
CUST140194,0,0.028130796,2.81,Low,Normal,Normal service and loyalty strategy
CUST146593,0,0.028129429,2.81,Low,Normal,Normal service and loyalty strategy
CUST127927,0,0.02812864,2.81,Low,Normal,Normal service and loyalty strategy
CUST127927,0,0.02812864,2.81,Low,Normal,Normal service and loyalty strategy
CUST113199,0,0.028050058,2.81,Low,Normal,Normal service and loyalty strategy
CUST118247,0,0.028132122,2.81,Low,Normal,Normal service and loyalty strategy
CUST122927,0,0.028080937,2.81,Low,Normal,Normal service and loyalty strategy
CUST129408,0,0.028107041,2.81,Low,Normal,Normal service and loyalty strategy
CUST122142,0,0.028103687,2.81,Low,Normal,Normal service and loyalty strategy
CUST137162,0,0.028144112,2.81,Low,Normal,Normal service and loyalty strategy
CUST106584,0,0.028099671,2.81,Low,Normal,Normal service and loyalty strategy
CUST115789,0,0.028090464,2.81,Low,Normal,Normal service and loyalty strategy
CUST132471,0,0.028111758,2.81,Low,Normal,Normal service and loyalty strategy
CUST129472,0,0.028051747,2.81,Low,Normal,Normal service and loyalty strategy
CUST140698,0,0.028050156,2.81,Low,Normal,Normal service and loyalty strategy
CUST121489,0,0.028053243,2.81,Low,Normal,Normal service and loyalty strategy
CUST100688,0,0.02798151,2.8,Low,Normal,Normal service and loyalty strategy
CUST146727,0,0.028005917,2.8,Low,Normal,Normal service and loyalty strategy
CUST135521,0,0.027958049,2.8,Low,Normal,Normal service and loyalty strategy
CUST115601,0,0.028045787,2.8,Low,Normal,Normal service and loyalty strategy
CUST116275,0,0.027985314,2.8,Low,Normal,Normal service and loyalty strategy
CUST147675,0,0.02796594,2.8,Low,Normal,Normal service and loyalty strategy
CUST128673,0,0.027975306,2.8,Low,Normal,Normal service and loyalty strategy
CUST118955,0,0.028013228,2.8,Low,Normal,Normal service and loyalty strategy
CUST124259,0,0.027967637,2.8,Low,Normal,Normal service and loyalty strategy
CUST136560,0,0.028037898,2.8,Low,Normal,Normal service and loyalty strategy
CUST130547,0,0.02795059,2.8,Low,Normal,Normal service and loyalty strategy
CUST113392,0,0.028039623,2.8,Low,Normal,Normal service and loyalty strategy
CUST145100,0,0.027922763,2.79,Low,Normal,Normal service and loyalty strategy
CUST116312,0,0.027933346,2.79,Low,Normal,Normal service and loyalty strategy
CUST109935,0,0.027920296,2.79,Low,Normal,Normal service and loyalty strategy
CUST124435,0,0.027939044,2.79,Low,Normal,Normal service and loyalty strategy
CUST139191,0,0.027869625,2.79,Low,Normal,Normal service and loyalty strategy
CUST146878,0,0.02790087,2.79,Low,Normal,Normal service and loyalty strategy
CUST112200,0,0.027808925,2.78,Low,Normal,Normal service and loyalty strategy
CUST117453,0,0.027773352,2.78,Low,Normal,Normal service and loyalty strategy
CUST111208,0,0.02779146,2.78,Low,Normal,Normal service and loyalty strategy
CUST126055,0,0.02777217,2.78,Low,Normal,Normal service and loyalty strategy
CUST109942,0,0.027770044,2.78,Low,Normal,Normal service and loyalty strategy
CUST101425,0,0.02777791,2.78,Low,Normal,Normal service and loyalty strategy
CUST136659,0,0.02779985,2.78,Low,Normal,Normal service and loyalty strategy
CUST101275,0,0.027773643,2.78,Low,Normal,Normal service and loyalty strategy
CUST132197,0,0.027845604,2.78,Low,Normal,Normal service and loyalty strategy
CUST111049,0,0.02776176,2.78,Low,Normal,Normal service and loyalty strategy
CUST139924,0,0.027760986,2.78,Low,Normal,Normal service and loyalty strategy
CUST124789,0,0.027679639,2.77,Low,Normal,Normal service and loyalty strategy
CUST104229,0,0.02769174,2.77,Low,Normal,Normal service and loyalty strategy
CUST130297,0,0.027665833,2.77,Low,Normal,Normal service and loyalty strategy
CUST122047,0,0.027721882,2.77,Low,Normal,Normal service and loyalty strategy
CUST117381,0,0.027690273,2.77,Low,Normal,Normal service and loyalty strategy
CUST103262,0,0.02772026,2.77,Low,Normal,Normal service and loyalty strategy
CUST120923,0,0.027707558,2.77,Low,Normal,Normal service and loyalty strategy
CUST113597,0,0.027687851,2.77,Low,Normal,Normal service and loyalty strategy
CUST147056,0,0.027724562,2.77,Low,Normal,Normal service and loyalty strategy
CUST110315,0,0.027678084,2.77,Low,Normal,Normal service and loyalty strategy
CUST101310,0,0.027740357,2.77,Low,Normal,Normal service and loyalty strategy
CUST138452,0,0.027660843,2.77,Low,Normal,Normal service and loyalty strategy
CUST131646,0,0.027694551,2.77,Low,Normal,Normal service and loyalty strategy
CUST117365,0,0.027658015,2.77,Low,Normal,Normal service and loyalty strategy
CUST139249,0,0.027608084,2.76,Low,Normal,Normal service and loyalty strategy
CUST139853,0,0.027602293,2.76,Low,Normal,Normal service and loyalty strategy
CUST114690,0,0.027605025,2.76,Low,Normal,Normal service and loyalty strategy
CUST139956,0,0.027602602,2.76,Low,Normal,Normal service and loyalty strategy
CUST142212,0,0.027630866,2.76,Low,Normal,Normal service and loyalty strategy
CUST114042,0,0.027629316,2.76,Low,Normal,Normal service and loyalty strategy
CUST122024,0,0.027646301,2.76,Low,Normal,Normal service and loyalty strategy
CUST147126,0,0.027629124,2.76,Low,Normal,Normal service and loyalty strategy
CUST127689,0,0.027621076,2.76,Low,Normal,Normal service and loyalty strategy
CUST135921,0,0.027580779,2.76,Low,Normal,Normal service and loyalty strategy
CUST117184,0,0.027557239,2.76,Low,Normal,Normal service and loyalty strategy
CUST131027,0,0.02763362,2.76,Low,Normal,Normal service and loyalty strategy
CUST147797,0,0.02749416,2.75,Low,Normal,Normal service and loyalty strategy
CUST100285,0,0.027495965,2.75,Low,Normal,Normal service and loyalty strategy
CUST135132,0,0.027505081,2.75,Low,Normal,Normal service and loyalty strategy
CUST142624,0,0.027509246,2.75,Low,Normal,Normal service and loyalty strategy
CUST146113,0,0.02753629,2.75,Low,Normal,Normal service and loyalty strategy
CUST105728,0,0.02749138,2.75,Low,Normal,Normal service and loyalty strategy
CUST110331,0,0.027518217,2.75,Low,Normal,Normal service and loyalty strategy
CUST112676,0,0.027481858,2.75,Low,Normal,Normal service and loyalty strategy
CUST114165,0,0.027522882,2.75,Low,Normal,Normal service and loyalty strategy
CUST103864,0,0.02747917,2.75,Low,Normal,Normal service and loyalty strategy
CUST134258,0,0.027505886,2.75,Low,Normal,Normal service and loyalty strategy
CUST100871,0,0.027404206,2.74,Low,Normal,Normal service and loyalty strategy
CUST125507,0,0.027423022,2.74,Low,Normal,Normal service and loyalty strategy
CUST131177,0,0.027425643,2.74,Low,Normal,Normal service and loyalty strategy
CUST109898,0,0.027437823,2.74,Low,Normal,Normal service and loyalty strategy
CUST119942,0,0.02739737,2.74,Low,Normal,Normal service and loyalty strategy
CUST109360,0,0.027377512,2.74,Low,Normal,Normal service and loyalty strategy
CUST130958,0,0.027381295,2.74,Low,Normal,Normal service and loyalty strategy
CUST116837,0,0.027354488,2.74,Low,Normal,Normal service and loyalty strategy
CUST116094,0,0.02740687,2.74,Low,Normal,Normal service and loyalty strategy
CUST106948,0,0.027397864,2.74,Low,Normal,Normal service and loyalty strategy
CUST126837,0,0.027386818,2.74,Low,Normal,Normal service and loyalty strategy
CUST107395,0,0.027275255,2.73,Low,Normal,Normal service and loyalty strategy
CUST140115,0,0.02729294,2.73,Low,Normal,Normal service and loyalty strategy
CUST139270,0,0.027349083,2.73,Low,Normal,Normal service and loyalty strategy
CUST146526,0,0.027268033,2.73,Low,Normal,Normal service and loyalty strategy
CUST120581,0,0.027317941,2.73,Low,Normal,Normal service and loyalty strategy
CUST147156,0,0.02730754,2.73,Low,Normal,Normal service and loyalty strategy
CUST117841,0,0.027285358,2.73,Low,Normal,Normal service and loyalty strategy
CUST129016,0,0.027304307,2.73,Low,Normal,Normal service and loyalty strategy
CUST110395,0,0.027261887,2.73,Low,Normal,Normal service and loyalty strategy
CUST114267,0,0.027180394,2.72,Low,Normal,Normal service and loyalty strategy
CUST139615,0,0.027214104,2.72,Low,Normal,Normal service and loyalty strategy
CUST127783,0,0.027182637,2.72,Low,Normal,Normal service and loyalty strategy
CUST141749,0,0.027238984,2.72,Low,Normal,Normal service and loyalty strategy
CUST114180,0,0.027223637,2.72,Low,Normal,Normal service and loyalty strategy
CUST127567,0,0.027156709,2.72,Low,Normal,Normal service and loyalty strategy
CUST135475,0,0.027163807,2.72,Low,Normal,Normal service and loyalty strategy
CUST112134,0,0.027219066,2.72,Low,Normal,Normal service and loyalty strategy
CUST131735,0,0.02718717,2.72,Low,Normal,Normal service and loyalty strategy
CUST122497,0,0.027229268,2.72,Low,Normal,Normal service and loyalty strategy
CUST135112,0,0.02723359,2.72,Low,Normal,Normal service and loyalty strategy
CUST147876,0,0.027053567,2.71,Low,Normal,Normal service and loyalty strategy
CUST125097,0,0.027052209,2.71,Low,Normal,Normal service and loyalty strategy
CUST132307,0,0.027128313,2.71,Low,Normal,Normal service and loyalty strategy
CUST102948,0,0.027149722,2.71,Low,Normal,Normal service and loyalty strategy
CUST109742,0,0.027129376,2.71,Low,Normal,Normal service and loyalty strategy
CUST105757,0,0.0270715,2.71,Low,Normal,Normal service and loyalty strategy
CUST129286,0,0.027059384,2.71,Low,Normal,Normal service and loyalty strategy
CUST127836,0,0.027092854,2.71,Low,Normal,Normal service and loyalty strategy
CUST113542,0,0.027137155,2.71,Low,Normal,Normal service and loyalty strategy
CUST112704,0,0.027090218,2.71,Low,Normal,Normal service and loyalty strategy
CUST112486,0,0.027069263,2.71,Low,Normal,Normal service and loyalty strategy
CUST132634,0,0.027090194,2.71,Low,Normal,Normal service and loyalty strategy
CUST102689,0,0.027131423,2.71,Low,Normal,Normal service and loyalty strategy
CUST105773,1,0.027106443,2.71,Low,Normal,Normal service and loyalty strategy
CUST143742,0,0.027059892,2.71,Low,Normal,Normal service and loyalty strategy
CUST126592,0,0.02713643,2.71,Low,Normal,Normal service and loyalty strategy
CUST126397,0,0.027135959,2.71,Low,Normal,Normal service and loyalty strategy
CUST131771,0,0.027066452,2.71,Low,Normal,Normal service and loyalty strategy
CUST141220,0,0.027019817,2.7,Low,Normal,Normal service and loyalty strategy
CUST112014,0,0.026993021,2.7,Low,Normal,Normal service and loyalty strategy
CUST114076,0,0.026968878,2.7,Low,Normal,Normal service and loyalty strategy
CUST133245,0,0.027023057,2.7,Low,Normal,Normal service and loyalty strategy
CUST123579,0,0.02698403,2.7,Low,Normal,Normal service and loyalty strategy
CUST109638,0,0.027017027,2.7,Low,Normal,Normal service and loyalty strategy
CUST119800,0,0.027014088,2.7,Low,Normal,Normal service and loyalty strategy
CUST105968,0,0.027014377,2.7,Low,Normal,Normal service and loyalty strategy
CUST123394,0,0.026973391,2.7,Low,Normal,Normal service and loyalty strategy
CUST125334,0,0.026883893,2.69,Low,Normal,Normal service and loyalty strategy
CUST144008,0,0.02687367,2.69,Low,Normal,Normal service and loyalty strategy
CUST108310,0,0.026880085,2.69,Low,Normal,Normal service and loyalty strategy
CUST124138,0,0.02689237,2.69,Low,Normal,Normal service and loyalty strategy
CUST146014,0,0.026942482,2.69,Low,Normal,Normal service and loyalty strategy
CUST117668,0,0.026879426,2.69,Low,Normal,Normal service and loyalty strategy
CUST132476,0,0.026925743,2.69,Low,Normal,Normal service and loyalty strategy
CUST116558,0,0.026796956,2.68,Low,Normal,Normal service and loyalty strategy
CUST123075,0,0.026761072,2.68,Low,Normal,Normal service and loyalty strategy
CUST120286,0,0.026813842,2.68,Low,Normal,Normal service and loyalty strategy
CUST141036,0,0.02683336,2.68,Low,Normal,Normal service and loyalty strategy
CUST100545,0,0.026807303,2.68,Low,Normal,Normal service and loyalty strategy
CUST117402,0,0.026827775,2.68,Low,Normal,Normal service and loyalty strategy
CUST122932,0,0.02675218,2.68,Low,Normal,Normal service and loyalty strategy
CUST129169,0,0.026840575,2.68,Low,Normal,Normal service and loyalty strategy
CUST100118,0,0.026801663,2.68,Low,Normal,Normal service and loyalty strategy
CUST136559,0,0.026821537,2.68,Low,Normal,Normal service and loyalty strategy
CUST136641,0,0.026840126,2.68,Low,Normal,Normal service and loyalty strategy
CUST121244,0,0.02674454,2.67,Low,Normal,Normal service and loyalty strategy
CUST146206,0,0.02673413,2.67,Low,Normal,Normal service and loyalty strategy
CUST104859,0,0.026664522,2.67,Low,Normal,Normal service and loyalty strategy
CUST119029,0,0.026674919,2.67,Low,Normal,Normal service and loyalty strategy
CUST137456,0,0.026733354,2.67,Low,Normal,Normal service and loyalty strategy
CUST105188,1,0.02670805,2.67,Low,Normal,Normal service and loyalty strategy
CUST103891,0,0.026687313,2.67,Low,Normal,Normal service and loyalty strategy
CUST101210,0,0.026721848,2.67,Low,Normal,Normal service and loyalty strategy
CUST113657,0,0.026717577,2.67,Low,Normal,Normal service and loyalty strategy
CUST107228,0,0.026668957,2.67,Low,Normal,Normal service and loyalty strategy
CUST141474,0,0.026676225,2.67,Low,Normal,Normal service and loyalty strategy
CUST138653,0,0.02673025,2.67,Low,Normal,Normal service and loyalty strategy
CUST139832,0,0.026730495,2.67,Low,Normal,Normal service and loyalty strategy
CUST138381,0,0.026707528,2.67,Low,Normal,Normal service and loyalty strategy
CUST100098,0,0.026663048,2.67,Low,Normal,Normal service and loyalty strategy
CUST116208,0,0.026688576,2.67,Low,Normal,Normal service and loyalty strategy
CUST109146,0,0.026737517,2.67,Low,Normal,Normal service and loyalty strategy
CUST110421,0,0.026696146,2.67,Low,Normal,Normal service and loyalty strategy
CUST123313,0,0.026730303,2.67,Low,Normal,Normal service and loyalty strategy
CUST111554,0,0.026749691,2.67,Low,Normal,Normal service and loyalty strategy
CUST112963,0,0.026609713,2.66,Low,Normal,Normal service and loyalty strategy
CUST126365,0,0.02662811,2.66,Low,Normal,Normal service and loyalty strategy
CUST132428,0,0.026606819,2.66,Low,Normal,Normal service and loyalty strategy
CUST146004,0,0.026597483,2.66,Low,Normal,Normal service and loyalty strategy
CUST106397,0,0.026594233,2.66,Low,Normal,Normal service and loyalty strategy
CUST111608,0,0.02657032,2.66,Low,Normal,Normal service and loyalty strategy
CUST118627,0,0.026579052,2.66,Low,Normal,Normal service and loyalty strategy
CUST123243,0,0.026563987,2.66,Low,Normal,Normal service and loyalty strategy
CUST139582,0,0.026602292,2.66,Low,Normal,Normal service and loyalty strategy
CUST124731,0,0.026506422,2.65,Low,Normal,Normal service and loyalty strategy
CUST118781,0,0.026548,2.65,Low,Normal,Normal service and loyalty strategy
CUST115061,0,0.026540495,2.65,Low,Normal,Normal service and loyalty strategy
CUST142519,0,0.026478427,2.65,Low,Normal,Normal service and loyalty strategy
CUST140948,0,0.026506674,2.65,Low,Normal,Normal service and loyalty strategy
CUST134601,0,0.026518434,2.65,Low,Normal,Normal service and loyalty strategy
CUST140865,0,0.02648879,2.65,Low,Normal,Normal service and loyalty strategy
CUST143148,0,0.026535083,2.65,Low,Normal,Normal service and loyalty strategy
CUST128032,0,0.026376449,2.64,Low,Normal,Normal service and loyalty strategy
CUST141820,0,0.026388643,2.64,Low,Normal,Normal service and loyalty strategy
CUST129231,0,0.026430003,2.64,Low,Normal,Normal service and loyalty strategy
CUST117214,0,0.026375016,2.64,Low,Normal,Normal service and loyalty strategy
CUST119674,0,0.026403245,2.64,Low,Normal,Normal service and loyalty strategy
CUST132287,0,0.026393073,2.64,Low,Normal,Normal service and loyalty strategy
CUST106488,0,0.026409354,2.64,Low,Normal,Normal service and loyalty strategy
CUST138334,0,0.026445137,2.64,Low,Normal,Normal service and loyalty strategy
CUST101103,0,0.026377385,2.64,Low,Normal,Normal service and loyalty strategy
CUST147712,0,0.026388926,2.64,Low,Normal,Normal service and loyalty strategy
CUST143184,0,0.026406694,2.64,Low,Normal,Normal service and loyalty strategy
CUST103403,0,0.026413124,2.64,Low,Normal,Normal service and loyalty strategy
CUST119674,0,0.026403245,2.64,Low,Normal,Normal service and loyalty strategy
CUST117934,0,0.026299149,2.63,Low,Normal,Normal service and loyalty strategy
CUST126939,0,0.026285453,2.63,Low,Normal,Normal service and loyalty strategy
CUST106545,0,0.026286472,2.63,Low,Normal,Normal service and loyalty strategy
CUST109274,0,0.02627391,2.63,Low,Normal,Normal service and loyalty strategy
CUST134230,0,0.026273003,2.63,Low,Normal,Normal service and loyalty strategy
CUST110965,0,0.02627361,2.63,Low,Normal,Normal service and loyalty strategy
CUST113646,0,0.026325673,2.63,Low,Normal,Normal service and loyalty strategy
CUST133490,0,0.026285453,2.63,Low,Normal,Normal service and loyalty strategy
CUST104633,1,0.026278412,2.63,Low,Normal,Normal service and loyalty strategy
CUST136595,0,0.026279932,2.63,Low,Normal,Normal service and loyalty strategy
CUST146803,0,0.026264641,2.63,Low,Normal,Normal service and loyalty strategy
CUST132748,0,0.02625855,2.63,Low,Normal,Normal service and loyalty strategy
CUST123699,0,0.026273666,2.63,Low,Normal,Normal service and loyalty strategy
CUST122542,0,0.026288426,2.63,Low,Normal,Normal service and loyalty strategy
CUST110528,0,0.026163546,2.62,Low,Normal,Normal service and loyalty strategy
CUST120192,0,0.02616352,2.62,Low,Normal,Normal service and loyalty strategy
CUST138979,0,0.026210785,2.62,Low,Normal,Normal service and loyalty strategy
CUST146181,0,0.02615371,2.62,Low,Normal,Normal service and loyalty strategy
CUST112690,0,0.026201703,2.62,Low,Normal,Normal service and loyalty strategy
CUST118763,0,0.026158826,2.62,Low,Normal,Normal service and loyalty strategy
CUST104434,0,0.026157562,2.62,Low,Normal,Normal service and loyalty strategy
CUST124774,0,0.026146457,2.61,Low,Normal,Normal service and loyalty strategy
CUST103874,0,0.02608578,2.61,Low,Normal,Normal service and loyalty strategy
CUST100922,0,0.02605565,2.61,Low,Normal,Normal service and loyalty strategy
CUST135196,0,0.026051324,2.61,Low,Normal,Normal service and loyalty strategy
CUST119511,0,0.026148574,2.61,Low,Normal,Normal service and loyalty strategy
CUST146947,0,0.026083084,2.61,Low,Normal,Normal service and loyalty strategy
CUST104963,0,0.026118513,2.61,Low,Normal,Normal service and loyalty strategy
CUST116081,0,0.026134511,2.61,Low,Normal,Normal service and loyalty strategy
CUST134626,0,0.0261085,2.61,Low,Normal,Normal service and loyalty strategy
CUST140392,0,0.026124185,2.61,Low,Normal,Normal service and loyalty strategy
CUST113104,1,0.026078518,2.61,Low,Normal,Normal service and loyalty strategy
CUST108507,0,0.026149703,2.61,Low,Normal,Normal service and loyalty strategy
CUST113363,0,0.026066288,2.61,Low,Normal,Normal service and loyalty strategy
CUST112221,0,0.02606974,2.61,Low,Normal,Normal service and loyalty strategy
CUST147305,0,0.02613507,2.61,Low,Normal,Normal service and loyalty strategy
CUST144942,0,0.02613748,2.61,Low,Normal,Normal service and loyalty strategy
CUST114734,0,0.026099637,2.61,Low,Normal,Normal service and loyalty strategy
CUST134554,0,0.026024662,2.6,Low,Normal,Normal service and loyalty strategy
CUST128694,0,0.025957508,2.6,Low,Normal,Normal service and loyalty strategy
CUST103594,0,0.025960656,2.6,Low,Normal,Normal service and loyalty strategy
CUST129673,0,0.02597783,2.6,Low,Normal,Normal service and loyalty strategy
CUST132037,0,0.026031407,2.6,Low,Normal,Normal service and loyalty strategy
CUST135562,0,0.025958559,2.6,Low,Normal,Normal service and loyalty strategy
CUST101143,0,0.02598744,2.6,Low,Normal,Normal service and loyalty strategy
CUST127076,0,0.026043098,2.6,Low,Normal,Normal service and loyalty strategy
CUST107315,0,0.025961462,2.6,Low,Normal,Normal service and loyalty strategy
CUST122186,0,0.025961872,2.6,Low,Normal,Normal service and loyalty strategy
CUST143747,0,0.02595641,2.6,Low,Normal,Normal service and loyalty strategy
CUST131913,0,0.02602048,2.6,Low,Normal,Normal service and loyalty strategy
CUST110480,0,0.025973404,2.6,Low,Normal,Normal service and loyalty strategy
CUST116098,0,0.025952058,2.6,Low,Normal,Normal service and loyalty strategy
CUST100096,0,0.026006466,2.6,Low,Normal,Normal service and loyalty strategy
CUST125714,0,0.025969863,2.6,Low,Normal,Normal service and loyalty strategy
CUST126372,0,0.026007164,2.6,Low,Normal,Normal service and loyalty strategy
CUST119807,0,0.026010778,2.6,Low,Normal,Normal service and loyalty strategy
CUST145812,1,0.0259554,2.6,Low,Normal,Normal service and loyalty strategy
CUST107932,0,0.025997443,2.6,Low,Normal,Normal service and loyalty strategy
CUST135486,0,0.025862414,2.59,Low,Normal,Normal service and loyalty strategy
CUST110687,0,0.025872894,2.59,Low,Normal,Normal service and loyalty strategy
CUST103094,0,0.025920793,2.59,Low,Normal,Normal service and loyalty strategy
CUST119430,0,0.025851162,2.59,Low,Normal,Normal service and loyalty strategy
CUST101140,0,0.025888605,2.59,Low,Normal,Normal service and loyalty strategy
CUST125213,0,0.025877407,2.59,Low,Normal,Normal service and loyalty strategy
CUST129235,0,0.025892364,2.59,Low,Normal,Normal service and loyalty strategy
CUST103133,0,0.025916573,2.59,Low,Normal,Normal service and loyalty strategy
CUST114168,0,0.025896868,2.59,Low,Normal,Normal service and loyalty strategy
CUST105310,0,0.025878184,2.59,Low,Normal,Normal service and loyalty strategy
CUST126565,0,0.025854073,2.59,Low,Normal,Normal service and loyalty strategy
CUST111151,0,0.025927758,2.59,Low,Normal,Normal service and loyalty strategy
CUST101890,0,0.025917066,2.59,Low,Normal,Normal service and loyalty strategy
CUST112613,0,0.025856525,2.59,Low,Normal,Normal service and loyalty strategy
CUST132865,0,0.025881486,2.59,Low,Normal,Normal service and loyalty strategy
CUST147561,0,0.025915658,2.59,Low,Normal,Normal service and loyalty strategy
CUST105645,0,0.025884252,2.59,Low,Normal,Normal service and loyalty strategy
CUST131237,0,0.025813585,2.58,Low,Normal,Normal service and loyalty strategy
CUST138225,0,0.02584975,2.58,Low,Normal,Normal service and loyalty strategy
CUST133952,0,0.02575835,2.58,Low,Normal,Normal service and loyalty strategy
CUST146761,0,0.025815835,2.58,Low,Normal,Normal service and loyalty strategy
CUST144465,0,0.025776481,2.58,Low,Normal,Normal service and loyalty strategy
CUST141830,0,0.025820365,2.58,Low,Normal,Normal service and loyalty strategy
CUST111774,0,0.025847811,2.58,Low,Normal,Normal service and loyalty strategy
CUST105982,0,0.025796203,2.58,Low,Normal,Normal service and loyalty strategy
CUST106090,0,0.025770351,2.58,Low,Normal,Normal service and loyalty strategy
CUST124644,0,0.025794383,2.58,Low,Normal,Normal service and loyalty strategy
CUST103337,0,0.025784912,2.58,Low,Normal,Normal service and loyalty strategy
CUST101327,0,0.025726905,2.57,Low,Normal,Normal service and loyalty strategy
CUST145044,0,0.025658868,2.57,Low,Normal,Normal service and loyalty strategy
CUST117463,0,0.02570571,2.57,Low,Normal,Normal service and loyalty strategy
CUST102921,0,0.0256799,2.57,Low,Normal,Normal service and loyalty strategy
CUST120487,0,0.02566031,2.57,Low,Normal,Normal service and loyalty strategy
CUST147345,0,0.025667189,2.57,Low,Normal,Normal service and loyalty strategy
CUST116132,0,0.025666093,2.57,Low,Normal,Normal service and loyalty strategy
CUST110591,0,0.025747439,2.57,Low,Normal,Normal service and loyalty strategy
CUST101922,0,0.025653634,2.57,Low,Normal,Normal service and loyalty strategy
CUST109990,0,0.025672197,2.57,Low,Normal,Normal service and loyalty strategy
CUST105056,0,0.025680464,2.57,Low,Normal,Normal service and loyalty strategy
CUST140472,0,0.02573782,2.57,Low,Normal,Normal service and loyalty strategy
CUST104264,0,0.025679236,2.57,Low,Normal,Normal service and loyalty strategy
CUST107371,0,0.025746202,2.57,Low,Normal,Normal service and loyalty strategy
CUST124912,0,0.02574078,2.57,Low,Normal,Normal service and loyalty strategy
CUST146566,0,0.025664225,2.57,Low,Normal,Normal service and loyalty strategy
CUST100612,0,0.025729198,2.57,Low,Normal,Normal service and loyalty strategy
CUST145808,0,0.025739528,2.57,Low,Normal,Normal service and loyalty strategy
CUST105527,0,0.025660578,2.57,Low,Normal,Normal service and loyalty strategy
CUST118900,0,0.025709521,2.57,Low,Normal,Normal service and loyalty strategy
CUST116035,0,0.025696553,2.57,Low,Normal,Normal service and loyalty strategy
CUST143263,0,0.025741627,2.57,Low,Normal,Normal service and loyalty strategy
CUST115390,0,0.025721492,2.57,Low,Normal,Normal service and loyalty strategy
CUST102371,0,0.02565523,2.57,Low,Normal,Normal service and loyalty strategy
CUST138781,0,0.025709754,2.57,Low,Normal,Normal service and loyalty strategy
CUST107790,0,0.025729151,2.57,Low,Normal,Normal service and loyalty strategy
CUST129655,0,0.025562037,2.56,Low,Normal,Normal service and loyalty strategy
CUST122382,0,0.025594395,2.56,Low,Normal,Normal service and loyalty strategy
CUST140175,0,0.025614379,2.56,Low,Normal,Normal service and loyalty strategy
CUST134947,0,0.025592817,2.56,Low,Normal,Normal service and loyalty strategy
CUST106466,0,0.025616538,2.56,Low,Normal,Normal service and loyalty strategy
CUST107252,0,0.025647204,2.56,Low,Normal,Normal service and loyalty strategy
CUST108223,0,0.025624258,2.56,Low,Normal,Normal service and loyalty strategy
CUST146542,0,0.025552448,2.56,Low,Normal,Normal service and loyalty strategy
CUST108490,0,0.025566496,2.56,Low,Normal,Normal service and loyalty strategy
CUST110532,0,0.025561027,2.56,Low,Normal,Normal service and loyalty strategy
CUST133564,0,0.025590653,2.56,Low,Normal,Normal service and loyalty strategy
CUST121626,0,0.025588987,2.56,Low,Normal,Normal service and loyalty strategy
CUST111108,0,0.025464058,2.55,Low,Normal,Normal service and loyalty strategy
CUST125834,0,0.025475966,2.55,Low,Normal,Normal service and loyalty strategy
CUST145651,0,0.025475813,2.55,Low,Normal,Normal service and loyalty strategy
CUST141299,0,0.025506984,2.55,Low,Normal,Normal service and loyalty strategy
CUST108379,0,0.025450181,2.55,Low,Normal,Normal service and loyalty strategy
CUST124745,0,0.025524495,2.55,Low,Normal,Normal service and loyalty strategy
CUST143912,0,0.02549768,2.55,Low,Normal,Normal service and loyalty strategy
CUST103334,0,0.02554685,2.55,Low,Normal,Normal service and loyalty strategy
CUST138343,0,0.025483904,2.55,Low,Normal,Normal service and loyalty strategy
CUST130673,0,0.025454884,2.55,Low,Normal,Normal service and loyalty strategy
CUST101324,0,0.025528006,2.55,Low,Normal,Normal service and loyalty strategy
CUST140723,0,0.025466366,2.55,Low,Normal,Normal service and loyalty strategy
CUST141637,0,0.025469687,2.55,Low,Normal,Normal service and loyalty strategy
CUST104638,0,0.025542945,2.55,Low,Normal,Normal service and loyalty strategy
CUST104476,0,0.025497794,2.55,Low,Normal,Normal service and loyalty strategy
CUST138556,0,0.025472995,2.55,Low,Normal,Normal service and loyalty strategy
CUST139261,0,0.025423355,2.54,Low,Normal,Normal service and loyalty strategy
CUST108810,0,0.02543917,2.54,Low,Normal,Normal service and loyalty strategy
CUST133099,0,0.025408922,2.54,Low,Normal,Normal service and loyalty strategy
CUST146724,1,0.02536606,2.54,Low,Normal,Normal service and loyalty strategy
CUST143576,0,0.025432024,2.54,Low,Normal,Normal service and loyalty strategy
CUST119455,0,0.025374465,2.54,Low,Normal,Normal service and loyalty strategy
CUST117771,0,0.025424136,2.54,Low,Normal,Normal service and loyalty strategy
CUST146147,0,0.025395831,2.54,Low,Normal,Normal service and loyalty strategy
CUST116943,1,0.025444258,2.54,Low,Normal,Normal service and loyalty strategy
CUST113248,0,0.025417486,2.54,Low,Normal,Normal service and loyalty strategy
CUST125702,0,0.02541223,2.54,Low,Normal,Normal service and loyalty strategy
CUST147043,0,0.025442395,2.54,Low,Normal,Normal service and loyalty strategy
CUST111718,0,0.025251167,2.53,Low,Normal,Normal service and loyalty strategy
CUST101893,0,0.025330275,2.53,Low,Normal,Normal service and loyalty strategy
CUST100587,0,0.025262913,2.53,Low,Normal,Normal service and loyalty strategy
CUST121764,0,0.025287136,2.53,Low,Normal,Normal service and loyalty strategy
CUST106901,0,0.025285544,2.53,Low,Normal,Normal service and loyalty strategy
CUST108470,0,0.025316989,2.53,Low,Normal,Normal service and loyalty strategy
CUST106358,0,0.025328375,2.53,Low,Normal,Normal service and loyalty strategy
CUST126818,0,0.02529309,2.53,Low,Normal,Normal service and loyalty strategy
CUST107860,0,0.025296215,2.53,Low,Normal,Normal service and loyalty strategy
CUST119226,0,0.025283946,2.53,Low,Normal,Normal service and loyalty strategy
CUST108724,0,0.025315186,2.53,Low,Normal,Normal service and loyalty strategy
CUST101980,0,0.025332747,2.53,Low,Normal,Normal service and loyalty strategy
CUST133372,0,0.025295159,2.53,Low,Normal,Normal service and loyalty strategy
CUST141521,0,0.025328146,2.53,Low,Normal,Normal service and loyalty strategy
CUST122589,0,0.025275916,2.53,Low,Normal,Normal service and loyalty strategy
CUST111887,0,0.025335379,2.53,Low,Normal,Normal service and loyalty strategy
CUST142329,0,0.025252275,2.53,Low,Normal,Normal service and loyalty strategy
CUST107183,0,0.02528814,2.53,Low,Normal,Normal service and loyalty strategy
CUST126657,0,0.025328986,2.53,Low,Normal,Normal service and loyalty strategy
CUST110035,0,0.025305549,2.53,Low,Normal,Normal service and loyalty strategy
CUST129040,0,0.0252705,2.53,Low,Normal,Normal service and loyalty strategy
CUST115109,0,0.025320882,2.53,Low,Normal,Normal service and loyalty strategy
CUST115487,0,0.02527727,2.53,Low,Normal,Normal service and loyalty strategy
CUST129241,0,0.025323631,2.53,Low,Normal,Normal service and loyalty strategy
CUST126392,0,0.025281148,2.53,Low,Normal,Normal service and loyalty strategy
CUST132496,0,0.025317822,2.53,Low,Normal,Normal service and loyalty strategy
CUST125468,0,0.02529784,2.53,Low,Normal,Normal service and loyalty strategy
CUST110929,0,0.025196625,2.52,Low,Normal,Normal service and loyalty strategy
CUST130176,0,0.025150148,2.52,Low,Normal,Normal service and loyalty strategy
CUST127752,0,0.025237516,2.52,Low,Normal,Normal service and loyalty strategy
CUST140289,0,0.02515231,2.52,Low,Normal,Normal service and loyalty strategy
CUST100431,0,0.025205847,2.52,Low,Normal,Normal service and loyalty strategy
CUST147070,0,0.025197446,2.52,Low,Normal,Normal service and loyalty strategy
CUST122974,0,0.025205553,2.52,Low,Normal,Normal service and loyalty strategy
CUST125638,0,0.02521368,2.52,Low,Normal,Normal service and loyalty strategy
CUST106565,0,0.025198963,2.52,Low,Normal,Normal service and loyalty strategy
CUST147444,0,0.025194922,2.52,Low,Normal,Normal service and loyalty strategy
CUST112186,0,0.025162045,2.52,Low,Normal,Normal service and loyalty strategy
CUST130900,0,0.025238289,2.52,Low,Normal,Normal service and loyalty strategy
CUST102609,0,0.02520056,2.52,Low,Normal,Normal service and loyalty strategy
CUST146817,0,0.025215471,2.52,Low,Normal,Normal service and loyalty strategy
CUST106647,0,0.025228802,2.52,Low,Normal,Normal service and loyalty strategy
CUST145401,0,0.025232531,2.52,Low,Normal,Normal service and loyalty strategy
CUST102372,0,0.025124336,2.51,Low,Normal,Normal service and loyalty strategy
CUST109069,0,0.025055893,2.51,Low,Normal,Normal service and loyalty strategy
CUST141800,0,0.02510241,2.51,Low,Normal,Normal service and loyalty strategy
CUST105386,0,0.025076233,2.51,Low,Normal,Normal service and loyalty strategy
CUST140601,0,0.02512451,2.51,Low,Normal,Normal service and loyalty strategy
CUST104806,0,0.025115665,2.51,Low,Normal,Normal service and loyalty strategy
CUST125423,1,0.025102109,2.51,Low,Normal,Normal service and loyalty strategy
CUST135625,0,0.025098946,2.51,Low,Normal,Normal service and loyalty strategy
CUST111309,0,0.025057232,2.51,Low,Normal,Normal service and loyalty strategy
CUST134365,0,0.025118835,2.51,Low,Normal,Normal service and loyalty strategy
CUST140012,0,0.024996603,2.5,Low,Normal,Normal service and loyalty strategy
CUST126757,0,0.02497683,2.5,Low,Normal,Normal service and loyalty strategy
CUST115845,0,0.025048014,2.5,Low,Normal,Normal service and loyalty strategy
CUST111442,0,0.024996312,2.5,Low,Normal,Normal service and loyalty strategy
CUST129206,0,0.024982804,2.5,Low,Normal,Normal service and loyalty strategy
CUST110856,0,0.025010552,2.5,Low,Normal,Normal service and loyalty strategy
CUST145223,0,0.024994958,2.5,Low,Normal,Normal service and loyalty strategy
CUST132370,0,0.02498114,2.5,Low,Normal,Normal service and loyalty strategy
CUST112700,0,0.025003552,2.5,Low,Normal,Normal service and loyalty strategy
CUST122352,0,0.025006447,2.5,Low,Normal,Normal service and loyalty strategy
CUST117783,0,0.024973702,2.5,Low,Normal,Normal service and loyalty strategy
CUST139796,0,0.02501903,2.5,Low,Normal,Normal service and loyalty strategy
CUST135834,0,0.024955362,2.5,Low,Normal,Normal service and loyalty strategy
CUST109159,0,0.02504615,2.5,Low,Normal,Normal service and loyalty strategy
CUST111369,0,0.025049949,2.5,Low,Normal,Normal service and loyalty strategy
CUST121869,0,0.025023777,2.5,Low,Normal,Normal service and loyalty strategy
CUST109349,0,0.02498086,2.5,Low,Normal,Normal service and loyalty strategy
CUST127896,0,0.024937922,2.49,Low,Normal,Normal service and loyalty strategy
CUST100674,0,0.024907673,2.49,Low,Normal,Normal service and loyalty strategy
CUST131697,0,0.024872867,2.49,Low,Normal,Normal service and loyalty strategy
CUST104927,0,0.024851399,2.49,Low,Normal,Normal service and loyalty strategy
CUST121923,0,0.024877418,2.49,Low,Normal,Normal service and loyalty strategy
CUST106475,0,0.024862848,2.49,Low,Normal,Normal service and loyalty strategy
CUST107505,0,0.024916535,2.49,Low,Normal,Normal service and loyalty strategy
CUST134347,0,0.02485423,2.49,Low,Normal,Normal service and loyalty strategy
CUST147032,0,0.024947375,2.49,Low,Normal,Normal service and loyalty strategy
CUST107692,0,0.02494844,2.49,Low,Normal,Normal service and loyalty strategy
CUST146069,0,0.024898885,2.49,Low,Normal,Normal service and loyalty strategy
CUST114643,0,0.024943246,2.49,Low,Normal,Normal service and loyalty strategy
CUST112329,0,0.02492555,2.49,Low,Normal,Normal service and loyalty strategy
CUST138425,0,0.024789779,2.48,Low,Normal,Normal service and loyalty strategy
CUST114702,0,0.024812618,2.48,Low,Normal,Normal service and loyalty strategy
CUST147406,0,0.024819648,2.48,Low,Normal,Normal service and loyalty strategy
CUST117435,0,0.024763772,2.48,Low,Normal,Normal service and loyalty strategy
CUST122252,0,0.024800824,2.48,Low,Normal,Normal service and loyalty strategy
CUST102321,0,0.024831628,2.48,Low,Normal,Normal service and loyalty strategy
CUST133342,0,0.024811061,2.48,Low,Normal,Normal service and loyalty strategy
CUST102335,0,0.024767263,2.48,Low,Normal,Normal service and loyalty strategy
CUST105413,0,0.024716672,2.47,Low,Normal,Normal service and loyalty strategy
CUST137177,0,0.024710178,2.47,Low,Normal,Normal service and loyalty strategy
CUST128914,0,0.024664575,2.47,Low,Normal,Normal service and loyalty strategy
CUST117494,0,0.024694648,2.47,Low,Normal,Normal service and loyalty strategy
CUST100816,0,0.024727799,2.47,Low,Normal,Normal service and loyalty strategy
CUST108108,0,0.024660226,2.47,Low,Normal,Normal service and loyalty strategy
CUST124054,0,0.024668595,2.47,Low,Normal,Normal service and loyalty strategy
CUST115996,0,0.024691677,2.47,Low,Normal,Normal service and loyalty strategy
CUST117261,0,0.024652613,2.47,Low,Normal,Normal service and loyalty strategy
CUST142059,0,0.024656214,2.47,Low,Normal,Normal service and loyalty strategy
CUST113640,1,0.024657417,2.47,Low,Normal,Normal service and loyalty strategy
CUST105586,0,0.024735471,2.47,Low,Normal,Normal service and loyalty strategy
CUST101642,0,0.024747059,2.47,Low,Normal,Normal service and loyalty strategy
CUST135608,0,0.024690403,2.47,Low,Normal,Normal service and loyalty strategy
CUST128553,0,0.024694527,2.47,Low,Normal,Normal service and loyalty strategy
CUST114580,0,0.024653925,2.47,Low,Normal,Normal service and loyalty strategy
CUST104651,0,0.02469496,2.47,Low,Normal,Normal service and loyalty strategy
CUST111058,0,0.024722995,2.47,Low,Normal,Normal service and loyalty strategy
CUST132065,0,0.024687016,2.47,Low,Normal,Normal service and loyalty strategy
CUST103199,0,0.024692923,2.47,Low,Normal,Normal service and loyalty strategy
CUST117854,0,0.024727052,2.47,Low,Normal,Normal service and loyalty strategy
CUST133717,0,0.024684248,2.47,Low,Normal,Normal service and loyalty strategy
CUST106714,0,0.024583617,2.46,Low,Normal,Normal service and loyalty strategy
CUST121052,0,0.024560057,2.46,Low,Normal,Normal service and loyalty strategy
CUST122127,0,0.02464032,2.46,Low,Normal,Normal service and loyalty strategy
CUST129244,0,0.024628902,2.46,Low,Normal,Normal service and loyalty strategy
CUST126446,0,0.024564283,2.46,Low,Normal,Normal service and loyalty strategy
CUST126100,0,0.024567671,2.46,Low,Normal,Normal service and loyalty strategy
CUST120383,0,0.024568636,2.46,Low,Normal,Normal service and loyalty strategy
CUST134582,0,0.02462171,2.46,Low,Normal,Normal service and loyalty strategy
CUST110554,0,0.024635019,2.46,Low,Normal,Normal service and loyalty strategy
CUST132145,0,0.024607472,2.46,Low,Normal,Normal service and loyalty strategy
CUST101710,0,0.024616724,2.46,Low,Normal,Normal service and loyalty strategy
CUST104296,0,0.02457958,2.46,Low,Normal,Normal service and loyalty strategy
CUST123308,0,0.024605304,2.46,Low,Normal,Normal service and loyalty strategy
CUST103745,0,0.024632102,2.46,Low,Normal,Normal service and loyalty strategy
CUST110769,0,0.024572494,2.46,Low,Normal,Normal service and loyalty strategy
CUST103852,0,0.024600975,2.46,Low,Normal,Normal service and loyalty strategy
CUST111932,0,0.024607074,2.46,Low,Normal,Normal service and loyalty strategy
CUST110122,0,0.02463223,2.46,Low,Normal,Normal service and loyalty strategy
CUST129297,0,0.024564007,2.46,Low,Normal,Normal service and loyalty strategy
CUST129271,0,0.024501659,2.45,Low,Normal,Normal service and loyalty strategy
CUST144170,0,0.024540065,2.45,Low,Normal,Normal service and loyalty strategy
CUST117482,0,0.024459643,2.45,Low,Normal,Normal service and loyalty strategy
CUST119014,0,0.024489973,2.45,Low,Normal,Normal service and loyalty strategy
CUST113424,0,0.024548355,2.45,Low,Normal,Normal service and loyalty strategy
CUST119898,0,0.024523562,2.45,Low,Normal,Normal service and loyalty strategy
CUST115471,0,0.024492359,2.45,Low,Normal,Normal service and loyalty strategy
CUST133403,0,0.024498986,2.45,Low,Normal,Normal service and loyalty strategy
CUST104076,0,0.02452719,2.45,Low,Normal,Normal service and loyalty strategy
CUST139072,0,0.024544593,2.45,Low,Normal,Normal service and loyalty strategy
CUST136362,0,0.024526253,2.45,Low,Normal,Normal service and loyalty strategy
CUST113211,0,0.024453448,2.45,Low,Normal,Normal service and loyalty strategy
CUST137469,0,0.024493204,2.45,Low,Normal,Normal service and loyalty strategy
CUST138363,0,0.024471998,2.45,Low,Normal,Normal service and loyalty strategy
CUST101772,0,0.024463825,2.45,Low,Normal,Normal service and loyalty strategy
CUST111645,0,0.024521485,2.45,Low,Normal,Normal service and loyalty strategy
CUST109075,0,0.024511393,2.45,Low,Normal,Normal service and loyalty strategy
CUST126236,1,0.024360267,2.44,Low,Normal,Normal service and loyalty strategy
CUST140998,0,0.024378497,2.44,Low,Normal,Normal service and loyalty strategy
CUST112713,0,0.0243974,2.44,Low,Normal,Normal service and loyalty strategy
CUST141723,0,0.02444596,2.44,Low,Normal,Normal service and loyalty strategy
CUST108916,0,0.024364341,2.44,Low,Normal,Normal service and loyalty strategy
CUST116541,0,0.024362596,2.44,Low,Normal,Normal service and loyalty strategy
CUST101897,0,0.02437176,2.44,Low,Normal,Normal service and loyalty strategy
CUST137330,0,0.024373263,2.44,Low,Normal,Normal service and loyalty strategy
CUST121638,0,0.024364546,2.44,Low,Normal,Normal service and loyalty strategy
CUST109499,0,0.024378633,2.44,Low,Normal,Normal service and loyalty strategy
CUST138107,0,0.024408273,2.44,Low,Normal,Normal service and loyalty strategy
CUST145735,0,0.024430139,2.44,Low,Normal,Normal service and loyalty strategy
CUST101870,0,0.024436675,2.44,Low,Normal,Normal service and loyalty strategy
CUST133391,0,0.02437892,2.44,Low,Normal,Normal service and loyalty strategy
CUST103194,0,0.024395445,2.44,Low,Normal,Normal service and loyalty strategy
CUST147564,0,0.024429675,2.44,Low,Normal,Normal service and loyalty strategy
CUST109878,0,0.024351563,2.44,Low,Normal,Normal service and loyalty strategy
CUST128196,0,0.024381297,2.44,Low,Normal,Normal service and loyalty strategy
CUST114299,0,0.024287667,2.43,Low,Normal,Normal service and loyalty strategy
CUST144682,0,0.02426958,2.43,Low,Normal,Normal service and loyalty strategy
CUST137427,0,0.024292108,2.43,Low,Normal,Normal service and loyalty strategy
CUST116304,0,0.02432474,2.43,Low,Normal,Normal service and loyalty strategy
CUST131406,0,0.024308832,2.43,Low,Normal,Normal service and loyalty strategy
CUST125019,0,0.024312736,2.43,Low,Normal,Normal service and loyalty strategy
CUST110098,0,0.024266353,2.43,Low,Normal,Normal service and loyalty strategy
CUST121197,0,0.024254449,2.43,Low,Normal,Normal service and loyalty strategy
CUST134964,0,0.024270559,2.43,Low,Normal,Normal service and loyalty strategy
CUST128708,0,0.024273178,2.43,Low,Normal,Normal service and loyalty strategy
CUST143631,0,0.024262706,2.43,Low,Normal,Normal service and loyalty strategy
CUST109824,0,0.024318743,2.43,Low,Normal,Normal service and loyalty strategy
CUST131984,0,0.024282882,2.43,Low,Normal,Normal service and loyalty strategy
CUST109171,0,0.024337804,2.43,Low,Normal,Normal service and loyalty strategy
CUST108107,0,0.024294203,2.43,Low,Normal,Normal service and loyalty strategy
CUST114196,0,0.024252515,2.43,Low,Normal,Normal service and loyalty strategy
CUST119221,0,0.024331264,2.43,Low,Normal,Normal service and loyalty strategy
CUST147688,0,0.024267685,2.43,Low,Normal,Normal service and loyalty strategy
CUST117140,0,0.024282582,2.43,Low,Normal,Normal service and loyalty strategy
CUST144896,0,0.024150455,2.42,Low,Normal,Normal service and loyalty strategy
CUST138395,0,0.02415453,2.42,Low,Normal,Normal service and loyalty strategy
CUST116876,0,0.02420488,2.42,Low,Normal,Normal service and loyalty strategy
CUST114510,1,0.024173178,2.42,Low,Normal,Normal service and loyalty strategy
CUST142214,0,0.024240335,2.42,Low,Normal,Normal service and loyalty strategy
CUST138279,0,0.024190327,2.42,Low,Normal,Normal service and loyalty strategy
CUST110319,0,0.024172392,2.42,Low,Normal,Normal service and loyalty strategy
CUST147116,0,0.024229765,2.42,Low,Normal,Normal service and loyalty strategy
CUST117368,0,0.024201827,2.42,Low,Normal,Normal service and loyalty strategy
CUST133884,0,0.024241231,2.42,Low,Normal,Normal service and loyalty strategy
CUST145506,0,0.024172092,2.42,Low,Normal,Normal service and loyalty strategy
CUST111498,0,0.02420782,2.42,Low,Normal,Normal service and loyalty strategy
CUST107916,0,0.024182467,2.42,Low,Normal,Normal service and loyalty strategy
CUST102324,0,0.024240471,2.42,Low,Normal,Normal service and loyalty strategy
CUST126260,0,0.024203146,2.42,Low,Normal,Normal service and loyalty strategy
CUST112094,0,0.024103383,2.41,Low,Normal,Normal service and loyalty strategy
CUST103360,0,0.02410696,2.41,Low,Normal,Normal service and loyalty strategy
CUST105406,0,0.024097774,2.41,Low,Normal,Normal service and loyalty strategy
CUST136403,0,0.024050647,2.41,Low,Normal,Normal service and loyalty strategy
CUST142865,0,0.0240612,2.41,Low,Normal,Normal service and loyalty strategy
CUST116496,0,0.02409031,2.41,Low,Normal,Normal service and loyalty strategy
CUST109850,0,0.024052065,2.41,Low,Normal,Normal service and loyalty strategy
CUST146456,0,0.024068719,2.41,Low,Normal,Normal service and loyalty strategy
CUST113324,0,0.02411005,2.41,Low,Normal,Normal service and loyalty strategy
CUST138873,0,0.024143511,2.41,Low,Normal,Normal service and loyalty strategy
CUST123047,0,0.024146305,2.41,Low,Normal,Normal service and loyalty strategy
CUST112043,0,0.02407916,2.41,Low,Normal,Normal service and loyalty strategy
CUST138064,0,0.024068208,2.41,Low,Normal,Normal service and loyalty strategy
CUST118960,0,0.024010193,2.4,Low,Normal,Normal service and loyalty strategy
CUST128328,0,0.024007823,2.4,Low,Normal,Normal service and loyalty strategy
CUST102889,0,0.02399073,2.4,Low,Normal,Normal service and loyalty strategy
CUST139092,0,0.02399426,2.4,Low,Normal,Normal service and loyalty strategy
CUST105828,0,0.023981286,2.4,Low,Normal,Normal service and loyalty strategy
CUST103878,0,0.024037698,2.4,Low,Normal,Normal service and loyalty strategy
CUST102683,0,0.024006663,2.4,Low,Normal,Normal service and loyalty strategy
CUST106210,0,0.023976542,2.4,Low,Normal,Normal service and loyalty strategy
CUST139395,0,0.024004033,2.4,Low,Normal,Normal service and loyalty strategy
CUST106274,0,0.023963584,2.4,Low,Normal,Normal service and loyalty strategy
CUST110642,0,0.023973897,2.4,Low,Normal,Normal service and loyalty strategy
CUST103760,0,0.024005802,2.4,Low,Normal,Normal service and loyalty strategy
CUST102744,0,0.023965966,2.4,Low,Normal,Normal service and loyalty strategy
CUST111697,0,0.0240415,2.4,Low,Normal,Normal service and loyalty strategy
CUST114524,0,0.02398445,2.4,Low,Normal,Normal service and loyalty strategy
CUST107829,0,0.023953242,2.4,Low,Normal,Normal service and loyalty strategy
CUST135910,0,0.023995962,2.4,Low,Normal,Normal service and loyalty strategy
CUST133842,0,0.023996353,2.4,Low,Normal,Normal service and loyalty strategy
CUST123194,0,0.023918303,2.39,Low,Normal,Normal service and loyalty strategy
CUST116609,0,0.023874268,2.39,Low,Normal,Normal service and loyalty strategy
CUST111646,0,0.023941908,2.39,Low,Normal,Normal service and loyalty strategy
CUST100143,0,0.023889648,2.39,Low,Normal,Normal service and loyalty strategy
CUST130247,1,0.023859344,2.39,Low,Normal,Normal service and loyalty strategy
CUST102358,0,0.023947125,2.39,Low,Normal,Normal service and loyalty strategy
CUST123865,0,0.023918713,2.39,Low,Normal,Normal service and loyalty strategy
CUST113967,0,0.023930538,2.39,Low,Normal,Normal service and loyalty strategy
CUST132778,0,0.023928374,2.39,Low,Normal,Normal service and loyalty strategy
CUST123986,0,0.023860931,2.39,Low,Normal,Normal service and loyalty strategy
CUST105317,0,0.023921175,2.39,Low,Normal,Normal service and loyalty strategy
CUST112490,0,0.02387862,2.39,Low,Normal,Normal service and loyalty strategy
CUST123057,0,0.023880603,2.39,Low,Normal,Normal service and loyalty strategy
CUST109090,0,0.023925833,2.39,Low,Normal,Normal service and loyalty strategy
CUST118130,0,0.023813397,2.38,Low,Normal,Normal service and loyalty strategy
CUST131595,0,0.023772521,2.38,Low,Normal,Normal service and loyalty strategy
CUST108703,0,0.023832615,2.38,Low,Normal,Normal service and loyalty strategy
CUST143039,0,0.023759663,2.38,Low,Normal,Normal service and loyalty strategy
CUST141372,0,0.023778606,2.38,Low,Normal,Normal service and loyalty strategy
CUST117110,0,0.023803733,2.38,Low,Normal,Normal service and loyalty strategy
CUST144453,0,0.023827735,2.38,Low,Normal,Normal service and loyalty strategy
CUST110416,0,0.02380881,2.38,Low,Normal,Normal service and loyalty strategy
CUST116708,0,0.023835955,2.38,Low,Normal,Normal service and loyalty strategy
CUST147612,0,0.023753243,2.38,Low,Normal,Normal service and loyalty strategy
CUST146349,0,0.023842841,2.38,Low,Normal,Normal service and loyalty strategy
CUST128794,0,0.023810921,2.38,Low,Normal,Normal service and loyalty strategy
CUST107194,0,0.023808999,2.38,Low,Normal,Normal service and loyalty strategy
CUST142876,0,0.0237443,2.37,Low,Normal,Normal service and loyalty strategy
CUST122640,0,0.023729272,2.37,Low,Normal,Normal service and loyalty strategy
CUST113710,0,0.023683494,2.37,Low,Normal,Normal service and loyalty strategy
CUST127821,0,0.023741316,2.37,Low,Normal,Normal service and loyalty strategy
CUST112405,0,0.02371537,2.37,Low,Normal,Normal service and loyalty strategy
CUST101186,0,0.023733726,2.37,Low,Normal,Normal service and loyalty strategy
CUST129212,0,0.02374854,2.37,Low,Normal,Normal service and loyalty strategy
CUST128840,0,0.023708487,2.37,Low,Normal,Normal service and loyalty strategy
CUST127287,0,0.023654778,2.37,Low,Normal,Normal service and loyalty strategy
CUST100529,0,0.02367838,2.37,Low,Normal,Normal service and loyalty strategy
CUST127884,0,0.023651117,2.37,Low,Normal,Normal service and loyalty strategy
CUST127287,0,0.023654778,2.37,Low,Normal,Normal service and loyalty strategy
CUST127206,0,0.02374589,2.37,Low,Normal,Normal service and loyalty strategy
CUST130590,0,0.023665816,2.37,Low,Normal,Normal service and loyalty strategy
CUST134965,0,0.02357329,2.36,Low,Normal,Normal service and loyalty strategy
CUST125615,0,0.023587734,2.36,Low,Normal,Normal service and loyalty strategy
CUST140728,0,0.023564674,2.36,Low,Normal,Normal service and loyalty strategy
CUST119469,0,0.023643516,2.36,Low,Normal,Normal service and loyalty strategy
CUST120638,0,0.02362793,2.36,Low,Normal,Normal service and loyalty strategy
CUST124268,0,0.02357261,2.36,Low,Normal,Normal service and loyalty strategy
CUST111701,0,0.023646047,2.36,Low,Normal,Normal service and loyalty strategy
CUST141094,0,0.023637412,2.36,Low,Normal,Normal service and loyalty strategy
CUST136476,0,0.023631662,2.36,Low,Normal,Normal service and loyalty strategy
CUST144821,0,0.023605317,2.36,Low,Normal,Normal service and loyalty strategy
CUST117873,0,0.023611113,2.36,Low,Normal,Normal service and loyalty strategy
CUST124828,0,0.02360098,2.36,Low,Normal,Normal service and loyalty strategy
CUST135849,0,0.02360836,2.36,Low,Normal,Normal service and loyalty strategy
CUST127915,0,0.023624986,2.36,Low,Normal,Normal service and loyalty strategy
CUST141345,0,0.023596602,2.36,Low,Normal,Normal service and loyalty strategy
CUST119768,0,0.023499258,2.35,Low,Normal,Normal service and loyalty strategy
CUST119802,0,0.023535153,2.35,Low,Normal,Normal service and loyalty strategy
CUST133211,0,0.023458926,2.35,Low,Normal,Normal service and loyalty strategy
CUST124548,0,0.02352171,2.35,Low,Normal,Normal service and loyalty strategy
CUST111751,0,0.023523763,2.35,Low,Normal,Normal service and loyalty strategy
CUST102520,0,0.023511238,2.35,Low,Normal,Normal service and loyalty strategy
CUST118690,0,0.023549376,2.35,Low,Normal,Normal service and loyalty strategy
CUST116461,0,0.023488149,2.35,Low,Normal,Normal service and loyalty strategy
CUST127712,0,0.023506925,2.35,Low,Normal,Normal service and loyalty strategy
CUST120623,0,0.02354545,2.35,Low,Normal,Normal service and loyalty strategy
CUST146142,0,0.023451887,2.35,Low,Normal,Normal service and loyalty strategy
CUST115343,0,0.023533251,2.35,Low,Normal,Normal service and loyalty strategy
CUST103537,0,0.023513606,2.35,Low,Normal,Normal service and loyalty strategy
CUST115234,0,0.02353427,2.35,Low,Normal,Normal service and loyalty strategy
CUST127974,0,0.023511728,2.35,Low,Normal,Normal service and loyalty strategy
CUST145405,0,0.023507493,2.35,Low,Normal,Normal service and loyalty strategy
CUST147368,0,0.023378108,2.34,Low,Normal,Normal service and loyalty strategy
CUST113108,0,0.023394633,2.34,Low,Normal,Normal service and loyalty strategy
CUST104934,0,0.023354271,2.34,Low,Normal,Normal service and loyalty strategy
CUST108498,0,0.023359764,2.34,Low,Normal,Normal service and loyalty strategy
CUST134491,0,0.023446308,2.34,Low,Normal,Normal service and loyalty strategy
CUST127053,0,0.023401123,2.34,Low,Normal,Normal service and loyalty strategy
CUST105988,0,0.023434177,2.34,Low,Normal,Normal service and loyalty strategy
CUST144960,0,0.02336767,2.34,Low,Normal,Normal service and loyalty strategy
CUST118102,0,0.023403514,2.34,Low,Normal,Normal service and loyalty strategy
CUST109438,0,0.023393398,2.34,Low,Normal,Normal service and loyalty strategy
CUST100332,0,0.023372203,2.34,Low,Normal,Normal service and loyalty strategy
CUST121364,0,0.02341182,2.34,Low,Normal,Normal service and loyalty strategy
CUST114410,0,0.023369757,2.34,Low,Normal,Normal service and loyalty strategy
CUST115125,0,0.023368638,2.34,Low,Normal,Normal service and loyalty strategy
CUST139262,0,0.023445237,2.34,Low,Normal,Normal service and loyalty strategy
CUST106354,0,0.023418171,2.34,Low,Normal,Normal service and loyalty strategy
CUST146399,0,0.023445467,2.34,Low,Normal,Normal service and loyalty strategy
CUST122530,0,0.02336757,2.34,Low,Normal,Normal service and loyalty strategy
CUST142715,0,0.023362838,2.34,Low,Normal,Normal service and loyalty strategy
CUST128530,0,0.023423571,2.34,Low,Normal,Normal service and loyalty strategy
CUST107639,0,0.02340968,2.34,Low,Normal,Normal service and loyalty strategy
CUST129720,0,0.023428388,2.34,Low,Normal,Normal service and loyalty strategy
CUST106059,0,0.023348529,2.33,Low,Normal,Normal service and loyalty strategy
CUST123296,0,0.023309253,2.33,Low,Normal,Normal service and loyalty strategy
CUST137217,0,0.023255156,2.33,Low,Normal,Normal service and loyalty strategy
CUST109010,0,0.023251735,2.33,Low,Normal,Normal service and loyalty strategy
CUST130004,0,0.023290774,2.33,Low,Normal,Normal service and loyalty strategy
CUST113834,0,0.02334424,2.33,Low,Normal,Normal service and loyalty strategy
CUST117502,0,0.02330514,2.33,Low,Normal,Normal service and loyalty strategy
CUST120804,0,0.023282878,2.33,Low,Normal,Normal service and loyalty strategy
CUST129765,0,0.023266463,2.33,Low,Normal,Normal service and loyalty strategy
CUST145794,0,0.023256252,2.33,Low,Normal,Normal service and loyalty strategy
CUST134874,0,0.023253387,2.33,Low,Normal,Normal service and loyalty strategy
CUST108821,0,0.023251766,2.33,Low,Normal,Normal service and loyalty strategy
CUST104884,0,0.023303496,2.33,Low,Normal,Normal service and loyalty strategy
CUST140061,0,0.023337848,2.33,Low,Normal,Normal service and loyalty strategy
CUST138811,0,0.023268504,2.33,Low,Normal,Normal service and loyalty strategy
CUST136975,0,0.02330001,2.33,Low,Normal,Normal service and loyalty strategy
CUST108821,0,0.023251766,2.33,Low,Normal,Normal service and loyalty strategy
CUST115091,0,0.023275767,2.33,Low,Normal,Normal service and loyalty strategy
CUST123896,0,0.023312295,2.33,Low,Normal,Normal service and loyalty strategy
CUST128123,0,0.023294697,2.33,Low,Normal,Normal service and loyalty strategy
CUST144904,0,0.023253333,2.33,Low,Normal,Normal service and loyalty strategy
CUST101438,0,0.023178598,2.32,Low,Normal,Normal service and loyalty strategy
CUST134690,0,0.023208462,2.32,Low,Normal,Normal service and loyalty strategy
CUST140284,0,0.023206418,2.32,Low,Normal,Normal service and loyalty strategy
CUST135094,0,0.023166081,2.32,Low,Normal,Normal service and loyalty strategy
CUST111242,0,0.023191571,2.32,Low,Normal,Normal service and loyalty strategy
CUST121432,0,0.023239523,2.32,Low,Normal,Normal service and loyalty strategy
CUST129756,0,0.023227954,2.32,Low,Normal,Normal service and loyalty strategy
CUST122861,0,0.023191523,2.32,Low,Normal,Normal service and loyalty strategy
CUST118703,0,0.023163375,2.32,Low,Normal,Normal service and loyalty strategy
CUST106360,0,0.023224574,2.32,Low,Normal,Normal service and loyalty strategy
CUST146992,0,0.023189967,2.32,Low,Normal,Normal service and loyalty strategy
CUST140477,0,0.023124004,2.31,Low,Normal,Normal service and loyalty strategy
CUST118214,0,0.023086263,2.31,Low,Normal,Normal service and loyalty strategy
CUST129805,0,0.023119787,2.31,Low,Normal,Normal service and loyalty strategy
CUST113187,0,0.023145,2.31,Low,Normal,Normal service and loyalty strategy
CUST125592,0,0.023134356,2.31,Low,Normal,Normal service and loyalty strategy
CUST137210,0,0.023087382,2.31,Low,Normal,Normal service and loyalty strategy
CUST101795,1,0.023114616,2.31,Low,Normal,Normal service and loyalty strategy
CUST105763,0,0.023083897,2.31,Low,Normal,Normal service and loyalty strategy
CUST111637,0,0.02306809,2.31,Low,Normal,Normal service and loyalty strategy
CUST131458,0,0.023086112,2.31,Low,Normal,Normal service and loyalty strategy
CUST133194,0,0.023053356,2.31,Low,Normal,Normal service and loyalty strategy
CUST104066,0,0.023128452,2.31,Low,Normal,Normal service and loyalty strategy
CUST107173,0,0.023141006,2.31,Low,Normal,Normal service and loyalty strategy
CUST131698,0,0.023111012,2.31,Low,Normal,Normal service and loyalty strategy
CUST143976,1,0.023117276,2.31,Low,Normal,Normal service and loyalty strategy
CUST130845,0,0.023126151,2.31,Low,Normal,Normal service and loyalty strategy
CUST146091,0,0.023110833,2.31,Low,Normal,Normal service and loyalty strategy
CUST126947,0,0.02311259,2.31,Low,Normal,Normal service and loyalty strategy
CUST131774,0,0.023050414,2.31,Low,Normal,Normal service and loyalty strategy
CUST130527,0,0.023059027,2.31,Low,Normal,Normal service and loyalty strategy
CUST133613,0,0.023070293,2.31,Low,Normal,Normal service and loyalty strategy
CUST125614,0,0.023142299,2.31,Low,Normal,Normal service and loyalty strategy
CUST110058,0,0.023051135,2.31,Low,Normal,Normal service and loyalty strategy
CUST109126,0,0.023091475,2.31,Low,Normal,Normal service and loyalty strategy
CUST115492,0,0.022970883,2.3,Low,Normal,Normal service and loyalty strategy
CUST132047,0,0.02302041,2.3,Low,Normal,Normal service and loyalty strategy
CUST139440,0,0.022957709,2.3,Low,Normal,Normal service and loyalty strategy
CUST142834,0,0.02301225,2.3,Low,Normal,Normal service and loyalty strategy
CUST143203,0,0.022997981,2.3,Low,Normal,Normal service and loyalty strategy
CUST104119,0,0.022958247,2.3,Low,Normal,Normal service and loyalty strategy
CUST120142,0,0.02297866,2.3,Low,Normal,Normal service and loyalty strategy
CUST104289,0,0.023004346,2.3,Low,Normal,Normal service and loyalty strategy
CUST128134,0,0.022961639,2.3,Low,Normal,Normal service and loyalty strategy
CUST144277,0,0.022964539,2.3,Low,Normal,Normal service and loyalty strategy
CUST139931,0,0.023006022,2.3,Low,Normal,Normal service and loyalty strategy
CUST113025,1,0.02304364,2.3,Low,Normal,Normal service and loyalty strategy
CUST145961,0,0.02292409,2.29,Low,Normal,Normal service and loyalty strategy
CUST120004,0,0.022891333,2.29,Low,Normal,Normal service and loyalty strategy
CUST106694,0,0.02289105,2.29,Low,Normal,Normal service and loyalty strategy
CUST103604,0,0.022902139,2.29,Low,Normal,Normal service and loyalty strategy
CUST101817,0,0.022928623,2.29,Low,Normal,Normal service and loyalty strategy
CUST142470,0,0.022946732,2.29,Low,Normal,Normal service and loyalty strategy
CUST127611,0,0.022919444,2.29,Low,Normal,Normal service and loyalty strategy
CUST110200,0,0.02289473,2.29,Low,Normal,Normal service and loyalty strategy
CUST114283,0,0.022916134,2.29,Low,Normal,Normal service and loyalty strategy
CUST100100,0,0.022868488,2.29,Low,Normal,Normal service and loyalty strategy
CUST116983,0,0.022908505,2.29,Low,Normal,Normal service and loyalty strategy
CUST123838,0,0.022914656,2.29,Low,Normal,Normal service and loyalty strategy
CUST124391,0,0.0229376,2.29,Low,Normal,Normal service and loyalty strategy
CUST108260,0,0.02288053,2.29,Low,Normal,Normal service and loyalty strategy
CUST112554,0,0.02282112,2.28,Low,Normal,Normal service and loyalty strategy
CUST120857,0,0.022809155,2.28,Low,Normal,Normal service and loyalty strategy
CUST114952,1,0.022833986,2.28,Low,Normal,Normal service and loyalty strategy
CUST127490,0,0.022812063,2.28,Low,Normal,Normal service and loyalty strategy
CUST131000,0,0.022814354,2.28,Low,Normal,Normal service and loyalty strategy
CUST134799,0,0.022771291,2.28,Low,Normal,Normal service and loyalty strategy
CUST145273,0,0.022762243,2.28,Low,Normal,Normal service and loyalty strategy
CUST127606,0,0.022834769,2.28,Low,Normal,Normal service and loyalty strategy
CUST117026,0,0.0228169,2.28,Low,Normal,Normal service and loyalty strategy
CUST131215,0,0.02280107,2.28,Low,Normal,Normal service and loyalty strategy
CUST113538,0,0.022764545,2.28,Low,Normal,Normal service and loyalty strategy
CUST111187,0,0.022773197,2.28,Low,Normal,Normal service and loyalty strategy
CUST126851,0,0.022773633,2.28,Low,Normal,Normal service and loyalty strategy
CUST141712,0,0.02279377,2.28,Low,Normal,Normal service and loyalty strategy
CUST106535,0,0.02278698,2.28,Low,Normal,Normal service and loyalty strategy
CUST103742,0,0.022778587,2.28,Low,Normal,Normal service and loyalty strategy
CUST117623,0,0.02276781,2.28,Low,Normal,Normal service and loyalty strategy
CUST107980,0,0.022806935,2.28,Low,Normal,Normal service and loyalty strategy
CUST125483,0,0.022655405,2.27,Low,Normal,Normal service and loyalty strategy
CUST127571,0,0.022690777,2.27,Low,Normal,Normal service and loyalty strategy
CUST100066,0,0.022688974,2.27,Low,Normal,Normal service and loyalty strategy
CUST144958,0,0.022741107,2.27,Low,Normal,Normal service and loyalty strategy
CUST135582,0,0.022662254,2.27,Low,Normal,Normal service and loyalty strategy
CUST126335,0,0.022748658,2.27,Low,Normal,Normal service and loyalty strategy
CUST116108,0,0.022701953,2.27,Low,Normal,Normal service and loyalty strategy
CUST137944,0,0.022743026,2.27,Low,Normal,Normal service and loyalty strategy
CUST101974,0,0.022724174,2.27,Low,Normal,Normal service and loyalty strategy
CUST110283,0,0.022675449,2.27,Low,Normal,Normal service and loyalty strategy
CUST130802,0,0.022650175,2.27,Low,Normal,Normal service and loyalty strategy
CUST138253,0,0.022644265,2.26,Low,Normal,Normal service and loyalty strategy
CUST106625,1,0.022561306,2.26,Low,Normal,Normal service and loyalty strategy
CUST100887,0,0.02263315,2.26,Low,Normal,Normal service and loyalty strategy
CUST115053,0,0.022582058,2.26,Low,Normal,Normal service and loyalty strategy
CUST140196,0,0.022640672,2.26,Low,Normal,Normal service and loyalty strategy
CUST132579,0,0.022578392,2.26,Low,Normal,Normal service and loyalty strategy
CUST128559,0,0.022555899,2.26,Low,Normal,Normal service and loyalty strategy
CUST106516,0,0.02260307,2.26,Low,Normal,Normal service and loyalty strategy
CUST113325,0,0.022631014,2.26,Low,Normal,Normal service and loyalty strategy
CUST107365,0,0.022639062,2.26,Low,Normal,Normal service and loyalty strategy
CUST108459,0,0.022550473,2.26,Low,Normal,Normal service and loyalty strategy
CUST113898,0,0.022569139,2.26,Low,Normal,Normal service and loyalty strategy
CUST124770,0,0.022605862,2.26,Low,Normal,Normal service and loyalty strategy
CUST137413,0,0.022604544,2.26,Low,Normal,Normal service and loyalty strategy
CUST118462,0,0.02255042,2.26,Low,Normal,Normal service and loyalty strategy
CUST116505,0,0.02259625,2.26,Low,Normal,Normal service and loyalty strategy
CUST147359,0,0.022582622,2.26,Low,Normal,Normal service and loyalty strategy
CUST132432,0,0.02260156,2.26,Low,Normal,Normal service and loyalty strategy
CUST109185,0,0.022546692,2.25,Low,Normal,Normal service and loyalty strategy
CUST112695,0,0.022491302,2.25,Low,Normal,Normal service and loyalty strategy
CUST116063,0,0.022523146,2.25,Low,Normal,Normal service and loyalty strategy
CUST142905,0,0.022459868,2.25,Low,Normal,Normal service and loyalty strategy
CUST133343,0,0.022494806,2.25,Low,Normal,Normal service and loyalty strategy
CUST105569,0,0.02248712,2.25,Low,Normal,Normal service and loyalty strategy
CUST145595,0,0.0225447,2.25,Low,Normal,Normal service and loyalty strategy
CUST134519,0,0.022454279,2.25,Low,Normal,Normal service and loyalty strategy
CUST117797,0,0.022463005,2.25,Low,Normal,Normal service and loyalty strategy
CUST104795,0,0.02247749,2.25,Low,Normal,Normal service and loyalty strategy
CUST135807,0,0.02249219,2.25,Low,Normal,Normal service and loyalty strategy
CUST135848,0,0.022510907,2.25,Low,Normal,Normal service and loyalty strategy
CUST134009,0,0.022532746,2.25,Low,Normal,Normal service and loyalty strategy
CUST143756,0,0.022384306,2.24,Low,Normal,Normal service and loyalty strategy
CUST137080,0,0.022395369,2.24,Low,Normal,Normal service and loyalty strategy
CUST127033,0,0.02243779,2.24,Low,Normal,Normal service and loyalty strategy
CUST126162,0,0.022411484,2.24,Low,Normal,Normal service and loyalty strategy
CUST109896,0,0.0223988,2.24,Low,Normal,Normal service and loyalty strategy
CUST134262,0,0.022397265,2.24,Low,Normal,Normal service and loyalty strategy
CUST124491,0,0.022433663,2.24,Low,Normal,Normal service and loyalty strategy
CUST127829,0,0.022354327,2.24,Low,Normal,Normal service and loyalty strategy
CUST124781,0,0.022381332,2.24,Low,Normal,Normal service and loyalty strategy
CUST103474,0,0.022367174,2.24,Low,Normal,Normal service and loyalty strategy
CUST104841,0,0.022414269,2.24,Low,Normal,Normal service and loyalty strategy
CUST109756,0,0.022440808,2.24,Low,Normal,Normal service and loyalty strategy
CUST136419,0,0.022421088,2.24,Low,Normal,Normal service and loyalty strategy
CUST111029,0,0.022434328,2.24,Low,Normal,Normal service and loyalty strategy
CUST140967,0,0.022363916,2.24,Low,Normal,Normal service and loyalty strategy
CUST127487,0,0.022392098,2.24,Low,Normal,Normal service and loyalty strategy
CUST121800,0,0.022272049,2.23,Low,Normal,Normal service and loyalty strategy
CUST114171,0,0.022302987,2.23,Low,Normal,Normal service and loyalty strategy
CUST115762,0,0.022307027,2.23,Low,Normal,Normal service and loyalty strategy
CUST115428,0,0.02229705,2.23,Low,Normal,Normal service and loyalty strategy
CUST137790,0,0.022304771,2.23,Low,Normal,Normal service and loyalty strategy
CUST143437,0,0.022250216,2.23,Low,Normal,Normal service and loyalty strategy
CUST146183,0,0.02232797,2.23,Low,Normal,Normal service and loyalty strategy
CUST137788,0,0.022269301,2.23,Low,Normal,Normal service and loyalty strategy
CUST124523,0,0.02229559,2.23,Low,Normal,Normal service and loyalty strategy
CUST122398,0,0.022340855,2.23,Low,Normal,Normal service and loyalty strategy
CUST124190,0,0.022294972,2.23,Low,Normal,Normal service and loyalty strategy
CUST125672,0,0.022297446,2.23,Low,Normal,Normal service and loyalty strategy
CUST122486,0,0.022348939,2.23,Low,Normal,Normal service and loyalty strategy
CUST111034,0,0.022340456,2.23,Low,Normal,Normal service and loyalty strategy
CUST114171,0,0.022302987,2.23,Low,Normal,Normal service and loyalty strategy
CUST132685,0,0.02228868,2.23,Low,Normal,Normal service and loyalty strategy
CUST121330,0,0.022282638,2.23,Low,Normal,Normal service and loyalty strategy
CUST106967,0,0.022316836,2.23,Low,Normal,Normal service and loyalty strategy
CUST134412,0,0.022267729,2.23,Low,Normal,Normal service and loyalty strategy
CUST101692,0,0.022297718,2.23,Low,Normal,Normal service and loyalty strategy
CUST125295,0,0.022260029,2.23,Low,Normal,Normal service and loyalty strategy
CUST136167,0,0.02216509,2.22,Low,Normal,Normal service and loyalty strategy
CUST116033,0,0.022220284,2.22,Low,Normal,Normal service and loyalty strategy
CUST125377,0,0.022247624,2.22,Low,Normal,Normal service and loyalty strategy
CUST102808,0,0.022167897,2.22,Low,Normal,Normal service and loyalty strategy
CUST132797,0,0.022238327,2.22,Low,Normal,Normal service and loyalty strategy
CUST120345,0,0.022213785,2.22,Low,Normal,Normal service and loyalty strategy
CUST122795,0,0.022188846,2.22,Low,Normal,Normal service and loyalty strategy
CUST113903,0,0.022237021,2.22,Low,Normal,Normal service and loyalty strategy
CUST144960,0,0.022188531,2.22,Low,Normal,Normal service and loyalty strategy
CUST127348,0,0.022235341,2.22,Low,Normal,Normal service and loyalty strategy
CUST114121,0,0.022199076,2.22,Low,Normal,Normal service and loyalty strategy
CUST112080,0,0.022180676,2.22,Low,Normal,Normal service and loyalty strategy
CUST137276,0,0.022201372,2.22,Low,Normal,Normal service and loyalty strategy
CUST113758,0,0.02220223,2.22,Low,Normal,Normal service and loyalty strategy
CUST106042,0,0.02218054,2.22,Low,Normal,Normal service and loyalty strategy
CUST135285,0,0.022198202,2.22,Low,Normal,Normal service and loyalty strategy
CUST144703,0,0.022171725,2.22,Low,Normal,Normal service and loyalty strategy
CUST107895,0,0.02220945,2.22,Low,Normal,Normal service and loyalty strategy
CUST115768,0,0.02216986,2.22,Low,Normal,Normal service and loyalty strategy
CUST101737,0,0.022195013,2.22,Low,Normal,Normal service and loyalty strategy
CUST127065,0,0.022215884,2.22,Low,Normal,Normal service and loyalty strategy
CUST119776,0,0.02216001,2.22,Low,Normal,Normal service and loyalty strategy
CUST128598,0,0.02222537,2.22,Low,Normal,Normal service and loyalty strategy
CUST133812,0,0.022121828,2.21,Low,Normal,Normal service and loyalty strategy
CUST106061,0,0.022079138,2.21,Low,Normal,Normal service and loyalty strategy
CUST103361,0,0.022099374,2.21,Low,Normal,Normal service and loyalty strategy
CUST120212,0,0.022116775,2.21,Low,Normal,Normal service and loyalty strategy
CUST110762,0,0.022129178,2.21,Low,Normal,Normal service and loyalty strategy
CUST101271,0,0.022111718,2.21,Low,Normal,Normal service and loyalty strategy
CUST131770,0,0.022146042,2.21,Low,Normal,Normal service and loyalty strategy
CUST113766,0,0.022064188,2.21,Low,Normal,Normal service and loyalty strategy
CUST135985,0,0.022084348,2.21,Low,Normal,Normal service and loyalty strategy
CUST120751,0,0.02209019,2.21,Low,Normal,Normal service and loyalty strategy
CUST101270,0,0.02208355,2.21,Low,Normal,Normal service and loyalty strategy
CUST135187,0,0.022129623,2.21,Low,Normal,Normal service and loyalty strategy
CUST115798,0,0.02213378,2.21,Low,Normal,Normal service and loyalty strategy
CUST116983,0,0.022068007,2.21,Low,Normal,Normal service and loyalty strategy
CUST117666,0,0.022121916,2.21,Low,Normal,Normal service and loyalty strategy
CUST114587,0,0.022146834,2.21,Low,Normal,Normal service and loyalty strategy
CUST135353,0,0.02214023,2.21,Low,Normal,Normal service and loyalty strategy
CUST143396,0,0.02200273,2.2,Low,Normal,Normal service and loyalty strategy
CUST146592,0,0.022029558,2.2,Low,Normal,Normal service and loyalty strategy
CUST124022,0,0.022004576,2.2,Low,Normal,Normal service and loyalty strategy
CUST105001,0,0.022026297,2.2,Low,Normal,Normal service and loyalty strategy
CUST139319,0,0.022006292,2.2,Low,Normal,Normal service and loyalty strategy
CUST139645,0,0.022024011,2.2,Low,Normal,Normal service and loyalty strategy
CUST118885,0,0.021990271,2.2,Low,Normal,Normal service and loyalty strategy
CUST136845,0,0.02199841,2.2,Low,Normal,Normal service and loyalty strategy
CUST120396,0,0.022009714,2.2,Low,Normal,Normal service and loyalty strategy
CUST111882,0,0.021961737,2.2,Low,Normal,Normal service and loyalty strategy
CUST111588,0,0.022039587,2.2,Low,Normal,Normal service and loyalty strategy
CUST110718,0,0.021995528,2.2,Low,Normal,Normal service and loyalty strategy
CUST137894,0,0.022023287,2.2,Low,Normal,Normal service and loyalty strategy
CUST131979,0,0.02200179,2.2,Low,Normal,Normal service and loyalty strategy
CUST104880,0,0.021985436,2.2,Low,Normal,Normal service and loyalty strategy
CUST113408,0,0.021985944,2.2,Low,Normal,Normal service and loyalty strategy
CUST129601,0,0.022046657,2.2,Low,Normal,Normal service and loyalty strategy
CUST135229,0,0.022038281,2.2,Low,Normal,Normal service and loyalty strategy
CUST100924,0,0.02189217,2.19,Low,Normal,Normal service and loyalty strategy
CUST100619,0,0.021869093,2.19,Low,Normal,Normal service and loyalty strategy
CUST102998,0,0.021877589,2.19,Low,Normal,Normal service and loyalty strategy
CUST119223,0,0.021940138,2.19,Low,Normal,Normal service and loyalty strategy
CUST121247,0,0.021895928,2.19,Low,Normal,Normal service and loyalty strategy
CUST110546,0,0.021879205,2.19,Low,Normal,Normal service and loyalty strategy
CUST109248,0,0.02188421,2.19,Low,Normal,Normal service and loyalty strategy
CUST118004,0,0.021925285,2.19,Low,Normal,Normal service and loyalty strategy
CUST131801,0,0.021871008,2.19,Low,Normal,Normal service and loyalty strategy
CUST110062,0,0.021910764,2.19,Low,Normal,Normal service and loyalty strategy
CUST115989,0,0.021899961,2.19,Low,Normal,Normal service and loyalty strategy
CUST144287,0,0.021939253,2.19,Low,Normal,Normal service and loyalty strategy
CUST118538,0,0.0219356,2.19,Low,Normal,Normal service and loyalty strategy
CUST107939,0,0.0218671,2.19,Low,Normal,Normal service and loyalty strategy
CUST136361,0,0.021945858,2.19,Low,Normal,Normal service and loyalty strategy
CUST124586,0,0.021933176,2.19,Low,Normal,Normal service and loyalty strategy
CUST103599,0,0.021854233,2.19,Low,Normal,Normal service and loyalty strategy
CUST147682,0,0.02188828,2.19,Low,Normal,Normal service and loyalty strategy
CUST104997,0,0.021756405,2.18,Low,Normal,Normal service and loyalty strategy
CUST105192,0,0.021755207,2.18,Low,Normal,Normal service and loyalty strategy
CUST117173,0,0.021815136,2.18,Low,Normal,Normal service and loyalty strategy
CUST142474,0,0.021813018,2.18,Low,Normal,Normal service and loyalty strategy
CUST101167,0,0.021818744,2.18,Low,Normal,Normal service and loyalty strategy
CUST147284,0,0.021780668,2.18,Low,Normal,Normal service and loyalty strategy
CUST137043,0,0.02177275,2.18,Low,Normal,Normal service and loyalty strategy
CUST111987,0,0.02183385,2.18,Low,Normal,Normal service and loyalty strategy
CUST140953,0,0.021831937,2.18,Low,Normal,Normal service and loyalty strategy
CUST127535,0,0.021791974,2.18,Low,Normal,Normal service and loyalty strategy
CUST137963,0,0.021840842,2.18,Low,Normal,Normal service and loyalty strategy
CUST108105,0,0.021759495,2.18,Low,Normal,Normal service and loyalty strategy
CUST140953,0,0.021831937,2.18,Low,Normal,Normal service and loyalty strategy
CUST111111,0,0.021836199,2.18,Low,Normal,Normal service and loyalty strategy
CUST142231,0,0.021824978,2.18,Low,Normal,Normal service and loyalty strategy
CUST106298,0,0.021786073,2.18,Low,Normal,Normal service and loyalty strategy
CUST142894,0,0.021700162,2.17,Low,Normal,Normal service and loyalty strategy
CUST106100,0,0.021720847,2.17,Low,Normal,Normal service and loyalty strategy
CUST114006,0,0.021701219,2.17,Low,Normal,Normal service and loyalty strategy
CUST117918,0,0.021749044,2.17,Low,Normal,Normal service and loyalty strategy
CUST127725,0,0.021732092,2.17,Low,Normal,Normal service and loyalty strategy
CUST141682,0,0.021650342,2.17,Low,Normal,Normal service and loyalty strategy
CUST105432,0,0.021732245,2.17,Low,Normal,Normal service and loyalty strategy
CUST124643,0,0.02170172,2.17,Low,Normal,Normal service and loyalty strategy
CUST109064,0,0.021696378,2.17,Low,Normal,Normal service and loyalty strategy
CUST107900,0,0.021749048,2.17,Low,Normal,Normal service and loyalty strategy
CUST140994,0,0.021666145,2.17,Low,Normal,Normal service and loyalty strategy
CUST120816,0,0.021733994,2.17,Low,Normal,Normal service and loyalty strategy
CUST112073,0,0.021624627,2.16,Low,Normal,Normal service and loyalty strategy
CUST118695,0,0.02162259,2.16,Low,Normal,Normal service and loyalty strategy
CUST100461,0,0.021585025,2.16,Low,Normal,Normal service and loyalty strategy
CUST118510,0,0.02158668,2.16,Low,Normal,Normal service and loyalty strategy
CUST114098,0,0.021647999,2.16,Low,Normal,Normal service and loyalty strategy
CUST137455,0,0.021591032,2.16,Low,Normal,Normal service and loyalty strategy
CUST139452,0,0.021620486,2.16,Low,Normal,Normal service and loyalty strategy
CUST120342,0,0.021609666,2.16,Low,Normal,Normal service and loyalty strategy
CUST128246,0,0.021559536,2.16,Low,Normal,Normal service and loyalty strategy
CUST103333,0,0.021629779,2.16,Low,Normal,Normal service and loyalty strategy
CUST105689,0,0.021644779,2.16,Low,Normal,Normal service and loyalty strategy
CUST108867,0,0.021572994,2.16,Low,Normal,Normal service and loyalty strategy
CUST137701,0,0.02158982,2.16,Low,Normal,Normal service and loyalty strategy
CUST127061,0,0.021592362,2.16,Low,Normal,Normal service and loyalty strategy
CUST131743,0,0.021571731,2.16,Low,Normal,Normal service and loyalty strategy
CUST101538,0,0.021626176,2.16,Low,Normal,Normal service and loyalty strategy
CUST125504,0,0.021640608,2.16,Low,Normal,Normal service and loyalty strategy
CUST113711,0,0.021551965,2.16,Low,Normal,Normal service and loyalty strategy
CUST119123,0,0.021586215,2.16,Low,Normal,Normal service and loyalty strategy
CUST115037,0,0.021571469,2.16,Low,Normal,Normal service and loyalty strategy
CUST113073,0,0.021561775,2.16,Low,Normal,Normal service and loyalty strategy
CUST147366,0,0.021645727,2.16,Low,Normal,Normal service and loyalty strategy
CUST127572,0,0.02162085,2.16,Low,Normal,Normal service and loyalty strategy
CUST117265,0,0.021622464,2.16,Low,Normal,Normal service and loyalty strategy
CUST143947,0,0.021619488,2.16,Low,Normal,Normal service and loyalty strategy
CUST121846,0,0.021496573,2.15,Low,Normal,Normal service and loyalty strategy
CUST113500,0,0.021504499,2.15,Low,Normal,Normal service and loyalty strategy
CUST106485,0,0.021454288,2.15,Low,Normal,Normal service and loyalty strategy
CUST110575,0,0.021515153,2.15,Low,Normal,Normal service and loyalty strategy
CUST109035,0,0.02145759,2.15,Low,Normal,Normal service and loyalty strategy
CUST137458,0,0.02147667,2.15,Low,Normal,Normal service and loyalty strategy
CUST115906,0,0.021476172,2.15,Low,Normal,Normal service and loyalty strategy
CUST107863,0,0.0215159,2.15,Low,Normal,Normal service and loyalty strategy
CUST127502,0,0.021502588,2.15,Low,Normal,Normal service and loyalty strategy
CUST121772,0,0.021493034,2.15,Low,Normal,Normal service and loyalty strategy
CUST111929,0,0.021487813,2.15,Low,Normal,Normal service and loyalty strategy
CUST101892,0,0.021482004,2.15,Low,Normal,Normal service and loyalty strategy
CUST122613,0,0.02148837,2.15,Low,Normal,Normal service and loyalty strategy
CUST136424,0,0.021462973,2.15,Low,Normal,Normal service and loyalty strategy
CUST112349,1,0.021490285,2.15,Low,Normal,Normal service and loyalty strategy
CUST108737,0,0.021481413,2.15,Low,Normal,Normal service and loyalty strategy
CUST110730,0,0.021414826,2.14,Low,Normal,Normal service and loyalty strategy
CUST126371,0,0.021370223,2.14,Low,Normal,Normal service and loyalty strategy
CUST128488,0,0.021370193,2.14,Low,Normal,Normal service and loyalty strategy
CUST137415,0,0.021388127,2.14,Low,Normal,Normal service and loyalty strategy
CUST102946,0,0.021423757,2.14,Low,Normal,Normal service and loyalty strategy
CUST109931,0,0.021393916,2.14,Low,Normal,Normal service and loyalty strategy
CUST107753,0,0.021440282,2.14,Low,Normal,Normal service and loyalty strategy
CUST121778,0,0.021448208,2.14,Low,Normal,Normal service and loyalty strategy
CUST147641,0,0.02139806,2.14,Low,Normal,Normal service and loyalty strategy
CUST104096,0,0.021408508,2.14,Low,Normal,Normal service and loyalty strategy
CUST134475,0,0.021436196,2.14,Low,Normal,Normal service and loyalty strategy
CUST113989,0,0.021421462,2.14,Low,Normal,Normal service and loyalty strategy
CUST131953,0,0.021420794,2.14,Low,Normal,Normal service and loyalty strategy
CUST111476,0,0.021405386,2.14,Low,Normal,Normal service and loyalty strategy
CUST115158,0,0.02136598,2.14,Low,Normal,Normal service and loyalty strategy
CUST101812,0,0.021383332,2.14,Low,Normal,Normal service and loyalty strategy
CUST137822,0,0.021399932,2.14,Low,Normal,Normal service and loyalty strategy
CUST104275,0,0.021418989,2.14,Low,Normal,Normal service and loyalty strategy
CUST116860,0,0.021325255,2.13,Low,Normal,Normal service and loyalty strategy
CUST116201,0,0.021311203,2.13,Low,Normal,Normal service and loyalty strategy
CUST111168,0,0.021267805,2.13,Low,Normal,Normal service and loyalty strategy
CUST107001,0,0.021253541,2.13,Low,Normal,Normal service and loyalty strategy
CUST114233,0,0.021268638,2.13,Low,Normal,Normal service and loyalty strategy
CUST107214,0,0.021346686,2.13,Low,Normal,Normal service and loyalty strategy
CUST142529,0,0.021287303,2.13,Low,Normal,Normal service and loyalty strategy
CUST112045,0,0.021302318,2.13,Low,Normal,Normal service and loyalty strategy
CUST120000,0,0.021271259,2.13,Low,Normal,Normal service and loyalty strategy
CUST125171,0,0.021302572,2.13,Low,Normal,Normal service and loyalty strategy
CUST132958,0,0.02129945,2.13,Low,Normal,Normal service and loyalty strategy
CUST132376,0,0.021306628,2.13,Low,Normal,Normal service and loyalty strategy
CUST146698,0,0.021260412,2.13,Low,Normal,Normal service and loyalty strategy
CUST127507,0,0.021325609,2.13,Low,Normal,Normal service and loyalty strategy
CUST139054,0,0.021293193,2.13,Low,Normal,Normal service and loyalty strategy
CUST104199,0,0.021320947,2.13,Low,Normal,Normal service and loyalty strategy
CUST121451,0,0.021307822,2.13,Low,Normal,Normal service and loyalty strategy
CUST129998,0,0.021342788,2.13,Low,Normal,Normal service and loyalty strategy
CUST108695,0,0.021342143,2.13,Low,Normal,Normal service and loyalty strategy
CUST112943,0,0.021207945,2.12,Low,Normal,Normal service and loyalty strategy
CUST141565,0,0.021162957,2.12,Low,Normal,Normal service and loyalty strategy
CUST144879,0,0.021162897,2.12,Low,Normal,Normal service and loyalty strategy
CUST107035,0,0.021221224,2.12,Low,Normal,Normal service and loyalty strategy
CUST141952,0,0.021224195,2.12,Low,Normal,Normal service and loyalty strategy
CUST105740,0,0.021164268,2.12,Low,Normal,Normal service and loyalty strategy
CUST142467,1,0.021196071,2.12,Low,Normal,Normal service and loyalty strategy
CUST113340,0,0.021242494,2.12,Low,Normal,Normal service and loyalty strategy
CUST133345,0,0.021247685,2.12,Low,Normal,Normal service and loyalty strategy
CUST106321,0,0.021159578,2.12,Low,Normal,Normal service and loyalty strategy
CUST133070,0,0.02123765,2.12,Low,Normal,Normal service and loyalty strategy
CUST110000,0,0.021224711,2.12,Low,Normal,Normal service and loyalty strategy
CUST106629,0,0.021171013,2.12,Low,Normal,Normal service and loyalty strategy
CUST121037,0,0.021186009,2.12,Low,Normal,Normal service and loyalty strategy
CUST145437,0,0.021140378,2.11,Low,Normal,Normal service and loyalty strategy
CUST142167,0,0.021145243,2.11,Low,Normal,Normal service and loyalty strategy
CUST119874,1,0.021109747,2.11,Low,Normal,Normal service and loyalty strategy
CUST109736,0,0.021122923,2.11,Low,Normal,Normal service and loyalty strategy
CUST126846,0,0.021054907,2.11,Low,Normal,Normal service and loyalty strategy
CUST101771,0,0.021126444,2.11,Low,Normal,Normal service and loyalty strategy
CUST116218,0,0.021051487,2.11,Low,Normal,Normal service and loyalty strategy
CUST107517,0,0.021092735,2.11,Low,Normal,Normal service and loyalty strategy
CUST132684,0,0.021137673,2.11,Low,Normal,Normal service and loyalty strategy
CUST115506,0,0.021083906,2.11,Low,Normal,Normal service and loyalty strategy
CUST122204,0,0.021062953,2.11,Low,Normal,Normal service and loyalty strategy
CUST124780,0,0.021147098,2.11,Low,Normal,Normal service and loyalty strategy
CUST111033,0,0.021139197,2.11,Low,Normal,Normal service and loyalty strategy
CUST103380,0,0.02111294,2.11,Low,Normal,Normal service and loyalty strategy
CUST110080,0,0.021130493,2.11,Low,Normal,Normal service and loyalty strategy
CUST141638,0,0.021102415,2.11,Low,Normal,Normal service and loyalty strategy
CUST127877,0,0.021054057,2.11,Low,Normal,Normal service and loyalty strategy
CUST126654,0,0.020978084,2.1,Low,Normal,Normal service and loyalty strategy
CUST134303,0,0.021002423,2.1,Low,Normal,Normal service and loyalty strategy
CUST130996,0,0.021029472,2.1,Low,Normal,Normal service and loyalty strategy
CUST142418,1,0.021029947,2.1,Low,Normal,Normal service and loyalty strategy
CUST133743,0,0.020970477,2.1,Low,Normal,Normal service and loyalty strategy
CUST131862,0,0.021024289,2.1,Low,Normal,Normal service and loyalty strategy
CUST106905,0,0.021032387,2.1,Low,Normal,Normal service and loyalty strategy
CUST113549,0,0.021044463,2.1,Low,Normal,Normal service and loyalty strategy
CUST100146,0,0.021037092,2.1,Low,Normal,Normal service and loyalty strategy
CUST136886,0,0.021021178,2.1,Low,Normal,Normal service and loyalty strategy
CUST109100,0,0.02098161,2.1,Low,Normal,Normal service and loyalty strategy
CUST139063,0,0.020985147,2.1,Low,Normal,Normal service and loyalty strategy
CUST102643,0,0.021023273,2.1,Low,Normal,Normal service and loyalty strategy
CUST140437,0,0.021020006,2.1,Low,Normal,Normal service and loyalty strategy
CUST132588,0,0.020887576,2.09,Low,Normal,Normal service and loyalty strategy
CUST127517,0,0.020916035,2.09,Low,Normal,Normal service and loyalty strategy
CUST122871,0,0.020894423,2.09,Low,Normal,Normal service and loyalty strategy
CUST125711,0,0.020898081,2.09,Low,Normal,Normal service and loyalty strategy
CUST105633,0,0.020937804,2.09,Low,Normal,Normal service and loyalty strategy
CUST125681,0,0.020890692,2.09,Low,Normal,Normal service and loyalty strategy
CUST125598,0,0.02093995,2.09,Low,Normal,Normal service and loyalty strategy
CUST111283,0,0.020927884,2.09,Low,Normal,Normal service and loyalty strategy
CUST111889,0,0.020861046,2.09,Low,Normal,Normal service and loyalty strategy
CUST113804,0,0.020910062,2.09,Low,Normal,Normal service and loyalty strategy
CUST143371,0,0.020874508,2.09,Low,Normal,Normal service and loyalty strategy
CUST141382,0,0.020943332,2.09,Low,Normal,Normal service and loyalty strategy
CUST120317,0,0.020944564,2.09,Low,Normal,Normal service and loyalty strategy
CUST116613,0,0.020932026,2.09,Low,Normal,Normal service and loyalty strategy
CUST119024,0,0.020840969,2.08,Low,Normal,Normal service and loyalty strategy
CUST131133,0,0.020822939,2.08,Low,Normal,Normal service and loyalty strategy
CUST127867,0,0.020763377,2.08,Low,Normal,Normal service and loyalty strategy
CUST101910,0,0.020774685,2.08,Low,Normal,Normal service and loyalty strategy
CUST123269,0,0.020760866,2.08,Low,Normal,Normal service and loyalty strategy
CUST141360,0,0.020788562,2.08,Low,Normal,Normal service and loyalty strategy
CUST103355,0,0.020771692,2.08,Low,Normal,Normal service and loyalty strategy
CUST138877,0,0.020808008,2.08,Low,Normal,Normal service and loyalty strategy
CUST112685,0,0.02079505,2.08,Low,Normal,Normal service and loyalty strategy
CUST121132,0,0.020833496,2.08,Low,Normal,Normal service and loyalty strategy
CUST116474,0,0.020772487,2.08,Low,Normal,Normal service and loyalty strategy
CUST113968,0,0.020833137,2.08,Low,Normal,Normal service and loyalty strategy
CUST104158,0,0.020768719,2.08,Low,Normal,Normal service and loyalty strategy
CUST116540,0,0.020825272,2.08,Low,Normal,Normal service and loyalty strategy
CUST106807,1,0.020794889,2.08,Low,Normal,Normal service and loyalty strategy
CUST101187,0,0.020806564,2.08,Low,Normal,Normal service and loyalty strategy
CUST127707,0,0.020839417,2.08,Low,Normal,Normal service and loyalty strategy
CUST133401,0,0.02077392,2.08,Low,Normal,Normal service and loyalty strategy
CUST124338,0,0.02069244,2.07,Low,Normal,Normal service and loyalty strategy
CUST116060,0,0.020661922,2.07,Low,Normal,Normal service and loyalty strategy
CUST118298,0,0.02073739,2.07,Low,Normal,Normal service and loyalty strategy
CUST112691,0,0.02074089,2.07,Low,Normal,Normal service and loyalty strategy
CUST128666,0,0.020663163,2.07,Low,Normal,Normal service and loyalty strategy
CUST104407,0,0.020657359,2.07,Low,Normal,Normal service and loyalty strategy
CUST112968,0,0.020655382,2.07,Low,Normal,Normal service and loyalty strategy
CUST112420,0,0.02066863,2.07,Low,Normal,Normal service and loyalty strategy
CUST146723,1,0.020692324,2.07,Low,Normal,Normal service and loyalty strategy
CUST147847,0,0.020702675,2.07,Low,Normal,Normal service and loyalty strategy
CUST104656,0,0.020747414,2.07,Low,Normal,Normal service and loyalty strategy
CUST124266,0,0.020688977,2.07,Low,Normal,Normal service and loyalty strategy
CUST108049,0,0.02068299,2.07,Low,Normal,Normal service and loyalty strategy
CUST142868,0,0.020654233,2.07,Low,Normal,Normal service and loyalty strategy
CUST147726,0,0.020666871,2.07,Low,Normal,Normal service and loyalty strategy
CUST126919,0,0.020665681,2.07,Low,Normal,Normal service and loyalty strategy
CUST110581,0,0.020682914,2.07,Low,Normal,Normal service and loyalty strategy
CUST125377,0,0.020700263,2.07,Low,Normal,Normal service and loyalty strategy
CUST120896,0,0.020571869,2.06,Low,Normal,Normal service and loyalty strategy
CUST108415,0,0.020562198,2.06,Low,Normal,Normal service and loyalty strategy
CUST116447,0,0.020599049,2.06,Low,Normal,Normal service and loyalty strategy
CUST106860,0,0.02064204,2.06,Low,Normal,Normal service and loyalty strategy
CUST104111,0,0.020615812,2.06,Low,Normal,Normal service and loyalty strategy
CUST135076,0,0.020568104,2.06,Low,Normal,Normal service and loyalty strategy
CUST146220,0,0.020572018,2.06,Low,Normal,Normal service and loyalty strategy
CUST104132,0,0.020510534,2.05,Low,Normal,Normal service and loyalty strategy
CUST147063,0,0.020514335,2.05,Low,Normal,Normal service and loyalty strategy
CUST145168,0,0.020513082,2.05,Low,Normal,Normal service and loyalty strategy
CUST135220,1,0.020459322,2.05,Low,Normal,Normal service and loyalty strategy
CUST105995,0,0.020484699,2.05,Low,Normal,Normal service and loyalty strategy
CUST103065,0,0.020454086,2.05,Low,Normal,Normal service and loyalty strategy
CUST141161,0,0.020480322,2.05,Low,Normal,Normal service and loyalty strategy
CUST135593,0,0.020479843,2.05,Low,Normal,Normal service and loyalty strategy
CUST144672,0,0.020469377,2.05,Low,Normal,Normal service and loyalty strategy
CUST110786,0,0.020495187,2.05,Low,Normal,Normal service and loyalty strategy
CUST100791,0,0.020464873,2.05,Low,Normal,Normal service and loyalty strategy
CUST111863,0,0.020543901,2.05,Low,Normal,Normal service and loyalty strategy
CUST147085,0,0.020505862,2.05,Low,Normal,Normal service and loyalty strategy
CUST134728,0,0.020452365,2.05,Low,Normal,Normal service and loyalty strategy
CUST142038,0,0.020463306,2.05,Low,Normal,Normal service and loyalty strategy
CUST131554,0,0.020370351,2.04,Low,Normal,Normal service and loyalty strategy
CUST144386,0,0.020382259,2.04,Low,Normal,Normal service and loyalty strategy
CUST112574,0,0.020404711,2.04,Low,Normal,Normal service and loyalty strategy
CUST132257,0,0.020396523,2.04,Low,Normal,Normal service and loyalty strategy
CUST117479,0,0.020392949,2.04,Low,Normal,Normal service and loyalty strategy
CUST133508,0,0.020375554,2.04,Low,Normal,Normal service and loyalty strategy
CUST100661,0,0.020440849,2.04,Low,Normal,Normal service and loyalty strategy
CUST109282,0,0.020363025,2.04,Low,Normal,Normal service and loyalty strategy
CUST107138,0,0.020439722,2.04,Low,Normal,Normal service and loyalty strategy
CUST145329,0,0.020399833,2.04,Low,Normal,Normal service and loyalty strategy
CUST119849,0,0.020413259,2.04,Low,Normal,Normal service and loyalty strategy
CUST144476,0,0.020416563,2.04,Low,Normal,Normal service and loyalty strategy
CUST108318,0,0.020409793,2.04,Low,Normal,Normal service and loyalty strategy
CUST129880,0,0.020396532,2.04,Low,Normal,Normal service and loyalty strategy
CUST116023,0,0.020303607,2.03,Low,Normal,Normal service and loyalty strategy
CUST111890,0,0.020308422,2.03,Low,Normal,Normal service and loyalty strategy
CUST144340,0,0.020281766,2.03,Low,Normal,Normal service and loyalty strategy
CUST128092,0,0.020305222,2.03,Low,Normal,Normal service and loyalty strategy
CUST101650,0,0.020300468,2.03,Low,Normal,Normal service and loyalty strategy
CUST145717,0,0.02030209,2.03,Low,Normal,Normal service and loyalty strategy
CUST106971,0,0.020252278,2.03,Low,Normal,Normal service and loyalty strategy
CUST130422,0,0.020326367,2.03,Low,Normal,Normal service and loyalty strategy
CUST118925,0,0.020348184,2.03,Low,Normal,Normal service and loyalty strategy
CUST111515,0,0.02028291,2.03,Low,Normal,Normal service and loyalty strategy
CUST116023,0,0.020303607,2.03,Low,Normal,Normal service and loyalty strategy
CUST145708,0,0.02027164,2.03,Low,Normal,Normal service and loyalty strategy
CUST115423,0,0.02029836,2.03,Low,Normal,Normal service and loyalty strategy
CUST119045,0,0.020299915,2.03,Low,Normal,Normal service and loyalty strategy
CUST126672,0,0.020170277,2.02,Low,Normal,Normal service and loyalty strategy
CUST113125,0,0.02022337,2.02,Low,Normal,Normal service and loyalty strategy
CUST127039,0,0.02021549,2.02,Low,Normal,Normal service and loyalty strategy
CUST104578,0,0.020156825,2.02,Low,Normal,Normal service and loyalty strategy
CUST117754,0,0.020195164,2.02,Low,Normal,Normal service and loyalty strategy
CUST135437,0,0.02023247,2.02,Low,Normal,Normal service and loyalty strategy
CUST131521,0,0.020179827,2.02,Low,Normal,Normal service and loyalty strategy
CUST116454,0,0.02017653,2.02,Low,Normal,Normal service and loyalty strategy
CUST129493,0,0.020172147,2.02,Low,Normal,Normal service and loyalty strategy
CUST134179,0,0.020243337,2.02,Low,Normal,Normal service and loyalty strategy
CUST100089,0,0.020153496,2.02,Low,Normal,Normal service and loyalty strategy
CUST103378,0,0.020186968,2.02,Low,Normal,Normal service and loyalty strategy
CUST116668,0,0.020127207,2.01,Low,Normal,Normal service and loyalty strategy
CUST128541,0,0.020141164,2.01,Low,Normal,Normal service and loyalty strategy
CUST103772,0,0.020065093,2.01,Low,Normal,Normal service and loyalty strategy
CUST137237,0,0.020050125,2.01,Low,Normal,Normal service and loyalty strategy
CUST136606,0,0.020085054,2.01,Low,Normal,Normal service and loyalty strategy
CUST128338,0,0.020114968,2.01,Low,Normal,Normal service and loyalty strategy
CUST144031,0,0.020075835,2.01,Low,Normal,Normal service and loyalty strategy
CUST112290,0,0.020119164,2.01,Low,Normal,Normal service and loyalty strategy
CUST120887,0,0.020133939,2.01,Low,Normal,Normal service and loyalty strategy
CUST132856,0,0.02011259,2.01,Low,Normal,Normal service and loyalty strategy
CUST121117,0,0.020129733,2.01,Low,Normal,Normal service and loyalty strategy
CUST147435,0,0.020072816,2.01,Low,Normal,Normal service and loyalty strategy
CUST134568,0,0.020096775,2.01,Low,Normal,Normal service and loyalty strategy
CUST120308,0,0.020143282,2.01,Low,Normal,Normal service and loyalty strategy
CUST129459,0,0.02005748,2.01,Low,Normal,Normal service and loyalty strategy
CUST119494,0,0.020111656,2.01,Low,Normal,Normal service and loyalty strategy
CUST117065,0,0.020030774,2.0,Low,Normal,Normal service and loyalty strategy
CUST103913,0,0.019988304,2.0,Low,Normal,Normal service and loyalty strategy
CUST128437,0,0.019999146,2.0,Low,Normal,Normal service and loyalty strategy
CUST120880,0,0.020019226,2.0,Low,Normal,Normal service and loyalty strategy
CUST139083,0,0.020033661,2.0,Low,Normal,Normal service and loyalty strategy
CUST111301,0,0.019989537,2.0,Low,Normal,Normal service and loyalty strategy
CUST105508,0,0.019974126,2.0,Low,Normal,Normal service and loyalty strategy
CUST132741,0,0.020038633,2.0,Low,Normal,Normal service and loyalty strategy
CUST142008,0,0.020022538,2.0,Low,Normal,Normal service and loyalty strategy
CUST140251,0,0.020038985,2.0,Low,Normal,Normal service and loyalty strategy
CUST136739,0,0.01996281,2.0,Low,Normal,Normal service and loyalty strategy
CUST103818,0,0.02002583,2.0,Low,Normal,Normal service and loyalty strategy
CUST136663,0,0.020024167,2.0,Low,Normal,Normal service and loyalty strategy
CUST143707,0,0.020005854,2.0,Low,Normal,Normal service and loyalty strategy
CUST107710,0,0.01997658,2.0,Low,Normal,Normal service and loyalty strategy
CUST120085,0,0.019869981,1.99,Low,Normal,Normal service and loyalty strategy
CUST108976,0,0.019941635,1.99,Low,Normal,Normal service and loyalty strategy
CUST111040,1,0.019880148,1.99,Low,Normal,Normal service and loyalty strategy
CUST126140,0,0.019865733,1.99,Low,Normal,Normal service and loyalty strategy
CUST127380,0,0.019856751,1.99,Low,Normal,Normal service and loyalty strategy
CUST115389,0,0.01989413,1.99,Low,Normal,Normal service and loyalty strategy
CUST126074,0,0.0198511,1.99,Low,Normal,Normal service and loyalty strategy
CUST139881,0,0.019874189,1.99,Low,Normal,Normal service and loyalty strategy
CUST137775,0,0.019873794,1.99,Low,Normal,Normal service and loyalty strategy
CUST100005,0,0.019876793,1.99,Low,Normal,Normal service and loyalty strategy
CUST115509,0,0.019945476,1.99,Low,Normal,Normal service and loyalty strategy
CUST137264,0,0.019892158,1.99,Low,Normal,Normal service and loyalty strategy
CUST136111,0,0.019946888,1.99,Low,Normal,Normal service and loyalty strategy
CUST125607,0,0.019911421,1.99,Low,Normal,Normal service and loyalty strategy
CUST123276,0,0.019938486,1.99,Low,Normal,Normal service and loyalty strategy
CUST144909,0,0.019904416,1.99,Low,Normal,Normal service and loyalty strategy
CUST123913,0,0.019849533,1.98,Low,Normal,Normal service and loyalty strategy
CUST144961,0,0.019771686,1.98,Low,Normal,Normal service and loyalty strategy
CUST129779,0,0.01982606,1.98,Low,Normal,Normal service and loyalty strategy
CUST121941,0,0.019770613,1.98,Low,Normal,Normal service and loyalty strategy
CUST121049,0,0.019758932,1.98,Low,Normal,Normal service and loyalty strategy
CUST140964,0,0.019791134,1.98,Low,Normal,Normal service and loyalty strategy
CUST145450,0,0.01976878,1.98,Low,Normal,Normal service and loyalty strategy
CUST105553,0,0.01981644,1.98,Low,Normal,Normal service and loyalty strategy
CUST113877,0,0.019789474,1.98,Low,Normal,Normal service and loyalty strategy
CUST137340,0,0.019677255,1.97,Low,Normal,Normal service and loyalty strategy
CUST133524,0,0.019741124,1.97,Low,Normal,Normal service and loyalty strategy
CUST104691,0,0.01968749,1.97,Low,Normal,Normal service and loyalty strategy
CUST121884,0,0.019724356,1.97,Low,Normal,Normal service and loyalty strategy
CUST145376,0,0.019715147,1.97,Low,Normal,Normal service and loyalty strategy
CUST146420,0,0.019695826,1.97,Low,Normal,Normal service and loyalty strategy
CUST115489,0,0.019705744,1.97,Low,Normal,Normal service and loyalty strategy
CUST105231,0,0.019718887,1.97,Low,Normal,Normal service and loyalty strategy
CUST132383,0,0.019716552,1.97,Low,Normal,Normal service and loyalty strategy
CUST111923,0,0.019678438,1.97,Low,Normal,Normal service and loyalty strategy
CUST114844,0,0.019670546,1.97,Low,Normal,Normal service and loyalty strategy
CUST138630,0,0.019685045,1.97,Low,Normal,Normal service and loyalty strategy
CUST119690,0,0.019596726,1.96,Low,Normal,Normal service and loyalty strategy
CUST108688,0,0.019573247,1.96,Low,Normal,Normal service and loyalty strategy
CUST109039,0,0.019579057,1.96,Low,Normal,Normal service and loyalty strategy
CUST131300,0,0.01963784,1.96,Low,Normal,Normal service and loyalty strategy
CUST114414,0,0.019586217,1.96,Low,Normal,Normal service and loyalty strategy
CUST124290,0,0.019571366,1.96,Low,Normal,Normal service and loyalty strategy
CUST124091,0,0.019572651,1.96,Low,Normal,Normal service and loyalty strategy
CUST121413,0,0.0196387,1.96,Low,Normal,Normal service and loyalty strategy
CUST113326,0,0.019558966,1.96,Low,Normal,Normal service and loyalty strategy
CUST103044,0,0.019620715,1.96,Low,Normal,Normal service and loyalty strategy
CUST125398,0,0.019611046,1.96,Low,Normal,Normal service and loyalty strategy
CUST123186,0,0.019569742,1.96,Low,Normal,Normal service and loyalty strategy
CUST135478,0,0.01952724,1.95,Low,Normal,Normal service and loyalty strategy
CUST147007,0,0.01953112,1.95,Low,Normal,Normal service and loyalty strategy
CUST105605,0,0.019532051,1.95,Low,Normal,Normal service and loyalty strategy
CUST106655,0,0.0195485,1.95,Low,Normal,Normal service and loyalty strategy
CUST103170,0,0.01948246,1.95,Low,Normal,Normal service and loyalty strategy
CUST110267,0,0.019530972,1.95,Low,Normal,Normal service and loyalty strategy
CUST134747,0,0.01946258,1.95,Low,Normal,Normal service and loyalty strategy
CUST130398,0,0.019491056,1.95,Low,Normal,Normal service and loyalty strategy
CUST136265,0,0.019473845,1.95,Low,Normal,Normal service and loyalty strategy
CUST124697,0,0.019450694,1.95,Low,Normal,Normal service and loyalty strategy
CUST143665,0,0.019455278,1.95,Low,Normal,Normal service and loyalty strategy
CUST120496,0,0.019406714,1.94,Low,Normal,Normal service and loyalty strategy
CUST132400,0,0.019434232,1.94,Low,Normal,Normal service and loyalty strategy
CUST102797,0,0.019357475,1.94,Low,Normal,Normal service and loyalty strategy
CUST143646,0,0.01942195,1.94,Low,Normal,Normal service and loyalty strategy
CUST106136,0,0.019423217,1.94,Low,Normal,Normal service and loyalty strategy
CUST113276,0,0.01942625,1.94,Low,Normal,Normal service and loyalty strategy
CUST138407,0,0.019420529,1.94,Low,Normal,Normal service and loyalty strategy
CUST110127,0,0.01938322,1.94,Low,Normal,Normal service and loyalty strategy
CUST102589,0,0.019364526,1.94,Low,Normal,Normal service and loyalty strategy
CUST130654,0,0.019383827,1.94,Low,Normal,Normal service and loyalty strategy
CUST103545,0,0.019365681,1.94,Low,Normal,Normal service and loyalty strategy
CUST131677,0,0.019377412,1.94,Low,Normal,Normal service and loyalty strategy
CUST130824,0,0.019414814,1.94,Low,Normal,Normal service and loyalty strategy
CUST112751,0,0.019444248,1.94,Low,Normal,Normal service and loyalty strategy
CUST114102,0,0.01944883,1.94,Low,Normal,Normal service and loyalty strategy
CUST123361,0,0.01941254,1.94,Low,Normal,Normal service and loyalty strategy
CUST133133,0,0.019368865,1.94,Low,Normal,Normal service and loyalty strategy
CUST110304,0,0.019345216,1.93,Low,Normal,Normal service and loyalty strategy
CUST138697,0,0.019278642,1.93,Low,Normal,Normal service and loyalty strategy
CUST141452,0,0.019281356,1.93,Low,Normal,Normal service and loyalty strategy
CUST115168,0,0.019338334,1.93,Low,Normal,Normal service and loyalty strategy
CUST113303,0,0.019337729,1.93,Low,Normal,Normal service and loyalty strategy
CUST139565,0,0.01930035,1.93,Low,Normal,Normal service and loyalty strategy
CUST101278,0,0.019270321,1.93,Low,Normal,Normal service and loyalty strategy
CUST126528,0,0.019283311,1.93,Low,Normal,Normal service and loyalty strategy
CUST137749,0,0.019331291,1.93,Low,Normal,Normal service and loyalty strategy
CUST129854,0,0.019325687,1.93,Low,Normal,Normal service and loyalty strategy
CUST137436,0,0.019260498,1.93,Low,Normal,Normal service and loyalty strategy
CUST121828,0,0.019285012,1.93,Low,Normal,Normal service and loyalty strategy
CUST115621,0,0.01927026,1.93,Low,Normal,Normal service and loyalty strategy
CUST103654,0,0.019257022,1.93,Low,Normal,Normal service and loyalty strategy
CUST125321,0,0.019289382,1.93,Low,Normal,Normal service and loyalty strategy
CUST137638,0,0.019236214,1.92,Low,Normal,Normal service and loyalty strategy
CUST144374,0,0.019173263,1.92,Low,Normal,Normal service and loyalty strategy
CUST129155,0,0.019246964,1.92,Low,Normal,Normal service and loyalty strategy
CUST107496,0,0.01924097,1.92,Low,Normal,Normal service and loyalty strategy
CUST130485,0,0.019238694,1.92,Low,Normal,Normal service and loyalty strategy
CUST123373,0,0.019166606,1.92,Low,Normal,Normal service and loyalty strategy
CUST126028,0,0.01917406,1.92,Low,Normal,Normal service and loyalty strategy
CUST135791,0,0.01911487,1.91,Low,Normal,Normal service and loyalty strategy
CUST137492,1,0.01908276,1.91,Low,Normal,Normal service and loyalty strategy
CUST140884,0,0.019053431,1.91,Low,Normal,Normal service and loyalty strategy
CUST134349,0,0.019122735,1.91,Low,Normal,Normal service and loyalty strategy
CUST133436,0,0.01909133,1.91,Low,Normal,Normal service and loyalty strategy
CUST115114,0,0.019141033,1.91,Low,Normal,Normal service and loyalty strategy
CUST129758,0,0.019115161,1.91,Low,Normal,Normal service and loyalty strategy
CUST141152,0,0.01913149,1.91,Low,Normal,Normal service and loyalty strategy
CUST124515,0,0.019099807,1.91,Low,Normal,Normal service and loyalty strategy
CUST119407,0,0.018970447,1.9,Low,Normal,Normal service and loyalty strategy
CUST104480,0,0.019033147,1.9,Low,Normal,Normal service and loyalty strategy
CUST110383,0,0.018988,1.9,Low,Normal,Normal service and loyalty strategy
CUST132880,0,0.018962085,1.9,Low,Normal,Normal service and loyalty strategy
CUST129181,0,0.018953003,1.9,Low,Normal,Normal service and loyalty strategy
CUST140542,0,0.01904298,1.9,Low,Normal,Normal service and loyalty strategy
CUST112457,0,0.018962285,1.9,Low,Normal,Normal service and loyalty strategy
CUST110383,0,0.018988,1.9,Low,Normal,Normal service and loyalty strategy
CUST120799,0,0.019011958,1.9,Low,Normal,Normal service and loyalty strategy
CUST143731,0,0.018961402,1.9,Low,Normal,Normal service and loyalty strategy
CUST129635,0,0.019023592,1.9,Low,Normal,Normal service and loyalty strategy
CUST147741,1,0.019007303,1.9,Low,Normal,Normal service and loyalty strategy
CUST101325,0,0.01902434,1.9,Low,Normal,Normal service and loyalty strategy
CUST118959,0,0.018943597,1.89,Low,Normal,Normal service and loyalty strategy
CUST111360,0,0.018927358,1.89,Low,Normal,Normal service and loyalty strategy
CUST145604,0,0.018928004,1.89,Low,Normal,Normal service and loyalty strategy
CUST144439,0,0.01890991,1.89,Low,Normal,Normal service and loyalty strategy
CUST113055,0,0.018860605,1.89,Low,Normal,Normal service and loyalty strategy
CUST102263,0,0.018874424,1.89,Low,Normal,Normal service and loyalty strategy
CUST123476,0,0.018851269,1.89,Low,Normal,Normal service and loyalty strategy
CUST110835,0,0.018921096,1.89,Low,Normal,Normal service and loyalty strategy
CUST107353,0,0.018932885,1.89,Low,Normal,Normal service and loyalty strategy
CUST129054,0,0.018907044,1.89,Low,Normal,Normal service and loyalty strategy
CUST107979,0,0.018905208,1.89,Low,Normal,Normal service and loyalty strategy
CUST123476,0,0.018851269,1.89,Low,Normal,Normal service and loyalty strategy
CUST108434,0,0.018861674,1.89,Low,Normal,Normal service and loyalty strategy
CUST116175,0,0.018861055,1.89,Low,Normal,Normal service and loyalty strategy
CUST138790,0,0.01893043,1.89,Low,Normal,Normal service and loyalty strategy
CUST112826,0,0.018897817,1.89,Low,Normal,Normal service and loyalty strategy
CUST105423,0,0.01881886,1.88,Low,Normal,Normal service and loyalty strategy
CUST145597,0,0.018805936,1.88,Low,Normal,Normal service and loyalty strategy
CUST130847,0,0.018829487,1.88,Low,Normal,Normal service and loyalty strategy
CUST101976,0,0.018847903,1.88,Low,Normal,Normal service and loyalty strategy
CUST110061,0,0.01878041,1.88,Low,Normal,Normal service and loyalty strategy
CUST145174,0,0.018797122,1.88,Low,Normal,Normal service and loyalty strategy
CUST136933,0,0.0188378,1.88,Low,Normal,Normal service and loyalty strategy
CUST142633,0,0.018765852,1.88,Low,Normal,Normal service and loyalty strategy
CUST129264,0,0.018780308,1.88,Low,Normal,Normal service and loyalty strategy
CUST110346,0,0.018698432,1.87,Low,Normal,Normal service and loyalty strategy
CUST138785,0,0.018730113,1.87,Low,Normal,Normal service and loyalty strategy
CUST103631,0,0.018675102,1.87,Low,Normal,Normal service and loyalty strategy
CUST119157,0,0.018717742,1.87,Low,Normal,Normal service and loyalty strategy
CUST100911,0,0.018677756,1.87,Low,Normal,Normal service and loyalty strategy
CUST121850,0,0.018654129,1.87,Low,Normal,Normal service and loyalty strategy
CUST126202,0,0.018687781,1.87,Low,Normal,Normal service and loyalty strategy
CUST139297,0,0.018678926,1.87,Low,Normal,Normal service and loyalty strategy
CUST101765,0,0.018713893,1.87,Low,Normal,Normal service and loyalty strategy
CUST145619,0,0.018712824,1.87,Low,Normal,Normal service and loyalty strategy
CUST136109,0,0.018710563,1.87,Low,Normal,Normal service and loyalty strategy
CUST133448,0,0.018714568,1.87,Low,Normal,Normal service and loyalty strategy
CUST137813,0,0.018668279,1.87,Low,Normal,Normal service and loyalty strategy
CUST147108,0,0.018726122,1.87,Low,Normal,Normal service and loyalty strategy
CUST107314,0,0.018742532,1.87,Low,Normal,Normal service and loyalty strategy
CUST134011,0,0.01868561,1.87,Low,Normal,Normal service and loyalty strategy
CUST139673,0,0.01866782,1.87,Low,Normal,Normal service and loyalty strategy
CUST118528,0,0.01866706,1.87,Low,Normal,Normal service and loyalty strategy
CUST115821,0,0.018708926,1.87,Low,Normal,Normal service and loyalty strategy
CUST102305,0,0.018665606,1.87,Low,Normal,Normal service and loyalty strategy
CUST140916,0,0.018636914,1.86,Low,Normal,Normal service and loyalty strategy
CUST128738,0,0.018590188,1.86,Low,Normal,Normal service and loyalty strategy
CUST100514,0,0.018570876,1.86,Low,Normal,Normal service and loyalty strategy
CUST143958,0,0.018556887,1.86,Low,Normal,Normal service and loyalty strategy
CUST124387,0,0.018609332,1.86,Low,Normal,Normal service and loyalty strategy
CUST135927,0,0.018638292,1.86,Low,Normal,Normal service and loyalty strategy
CUST119376,0,0.018584533,1.86,Low,Normal,Normal service and loyalty strategy
CUST123477,0,0.018572543,1.86,Low,Normal,Normal service and loyalty strategy
CUST117558,0,0.018595673,1.86,Low,Normal,Normal service and loyalty strategy
CUST114065,0,0.018524136,1.85,Low,Normal,Normal service and loyalty strategy
CUST144776,0,0.018544069,1.85,Low,Normal,Normal service and loyalty strategy
CUST123853,0,0.01847419,1.85,Low,Normal,Normal service and loyalty strategy
CUST132991,0,0.018517917,1.85,Low,Normal,Normal service and loyalty strategy
CUST126062,0,0.018457087,1.85,Low,Normal,Normal service and loyalty strategy
CUST110497,0,0.01849618,1.85,Low,Normal,Normal service and loyalty strategy
CUST119202,0,0.018521879,1.85,Low,Normal,Normal service and loyalty strategy
CUST117777,0,0.018498138,1.85,Low,Normal,Normal service and loyalty strategy
CUST113331,0,0.018515643,1.85,Low,Normal,Normal service and loyalty strategy
CUST144148,0,0.018502917,1.85,Low,Normal,Normal service and loyalty strategy
CUST130141,0,0.01850363,1.85,Low,Normal,Normal service and loyalty strategy
CUST143285,0,0.01849918,1.85,Low,Normal,Normal service and loyalty strategy
CUST118748,0,0.018472046,1.85,Low,Normal,Normal service and loyalty strategy
CUST136242,0,0.01850513,1.85,Low,Normal,Normal service and loyalty strategy
CUST127185,0,0.018528193,1.85,Low,Normal,Normal service and loyalty strategy
CUST134571,0,0.01852056,1.85,Low,Normal,Normal service and loyalty strategy
CUST128803,0,0.018421369,1.84,Low,Normal,Normal service and loyalty strategy
CUST132379,0,0.01836445,1.84,Low,Normal,Normal service and loyalty strategy
CUST120773,0,0.018405817,1.84,Low,Normal,Normal service and loyalty strategy
CUST100166,0,0.01836204,1.84,Low,Normal,Normal service and loyalty strategy
CUST126567,0,0.018358469,1.84,Low,Normal,Normal service and loyalty strategy
CUST128047,0,0.01844714,1.84,Low,Normal,Normal service and loyalty strategy
CUST138807,0,0.018435562,1.84,Low,Normal,Normal service and loyalty strategy
CUST108365,0,0.018446825,1.84,Low,Normal,Normal service and loyalty strategy
CUST120166,0,0.018394185,1.84,Low,Normal,Normal service and loyalty strategy
CUST108686,0,0.018415296,1.84,Low,Normal,Normal service and loyalty strategy
CUST103205,0,0.018350134,1.84,Low,Normal,Normal service and loyalty strategy
CUST117500,0,0.018306782,1.83,Low,Normal,Normal service and loyalty strategy
CUST135239,0,0.01834132,1.83,Low,Normal,Normal service and loyalty strategy
CUST133373,0,0.018275982,1.83,Low,Normal,Normal service and loyalty strategy
CUST124169,0,0.018312018,1.83,Low,Normal,Normal service and loyalty strategy
CUST100218,0,0.018323148,1.83,Low,Normal,Normal service and loyalty strategy
CUST116989,0,0.018292708,1.83,Low,Normal,Normal service and loyalty strategy
CUST145671,0,0.018310467,1.83,Low,Normal,Normal service and loyalty strategy
CUST135446,0,0.018250685,1.83,Low,Normal,Normal service and loyalty strategy
CUST119966,0,0.018297812,1.83,Low,Normal,Normal service and loyalty strategy
CUST107844,0,0.018278528,1.83,Low,Normal,Normal service and loyalty strategy
CUST146046,0,0.018321417,1.83,Low,Normal,Normal service and loyalty strategy
CUST145299,0,0.018303448,1.83,Low,Normal,Normal service and loyalty strategy
CUST121896,0,0.01831657,1.83,Low,Normal,Normal service and loyalty strategy
CUST103041,0,0.018320905,1.83,Low,Normal,Normal service and loyalty strategy
CUST112154,0,0.018282041,1.83,Low,Normal,Normal service and loyalty strategy
CUST129037,0,0.018301427,1.83,Low,Normal,Normal service and loyalty strategy
CUST115441,0,0.0183006,1.83,Low,Normal,Normal service and loyalty strategy
CUST131139,0,0.018258585,1.83,Low,Normal,Normal service and loyalty strategy
CUST129537,0,0.01831727,1.83,Low,Normal,Normal service and loyalty strategy
CUST141394,0,0.018268716,1.83,Low,Normal,Normal service and loyalty strategy
CUST124936,0,0.018264933,1.83,Low,Normal,Normal service and loyalty strategy
CUST142160,0,0.018172244,1.82,Low,Normal,Normal service and loyalty strategy
CUST143283,0,0.01816306,1.82,Low,Normal,Normal service and loyalty strategy
CUST122477,0,0.018237224,1.82,Low,Normal,Normal service and loyalty strategy
CUST142479,0,0.018228587,1.82,Low,Normal,Normal service and loyalty strategy
CUST122116,0,0.018192435,1.82,Low,Normal,Normal service and loyalty strategy
CUST144451,0,0.018225314,1.82,Low,Normal,Normal service and loyalty strategy
CUST100261,0,0.018156396,1.82,Low,Normal,Normal service and loyalty strategy
CUST129228,0,0.018247318,1.82,Low,Normal,Normal service and loyalty strategy
CUST127221,0,0.01822772,1.82,Low,Normal,Normal service and loyalty strategy
CUST133863,0,0.01820484,1.82,Low,Normal,Normal service and loyalty strategy
CUST121886,0,0.018206868,1.82,Low,Normal,Normal service and loyalty strategy
CUST101161,0,0.018108295,1.81,Low,Normal,Normal service and loyalty strategy
CUST106127,0,0.018145565,1.81,Low,Normal,Normal service and loyalty strategy
CUST135629,0,0.018096158,1.81,Low,Normal,Normal service and loyalty strategy
CUST101441,0,0.018108053,1.81,Low,Normal,Normal service and loyalty strategy
CUST137825,0,0.01811,1.81,Low,Normal,Normal service and loyalty strategy
CUST103008,0,0.018129932,1.81,Low,Normal,Normal service and loyalty strategy
CUST145286,0,0.018067636,1.81,Low,Normal,Normal service and loyalty strategy
CUST135190,0,0.018112216,1.81,Low,Normal,Normal service and loyalty strategy
CUST136443,0,0.018134804,1.81,Low,Normal,Normal service and loyalty strategy
CUST115530,0,0.018085232,1.81,Low,Normal,Normal service and loyalty strategy
CUST127427,0,0.018057626,1.81,Low,Normal,Normal service and loyalty strategy
CUST147186,0,0.018100543,1.81,Low,Normal,Normal service and loyalty strategy
CUST143507,0,0.018055296,1.81,Low,Normal,Normal service and loyalty strategy
CUST101203,0,0.018036028,1.8,Low,Normal,Normal service and loyalty strategy
CUST139804,0,0.018009722,1.8,Low,Normal,Normal service and loyalty strategy
CUST134631,0,0.018036243,1.8,Low,Normal,Normal service and loyalty strategy
CUST133773,0,0.017953914,1.8,Low,Normal,Normal service and loyalty strategy
CUST120830,1,0.017950954,1.8,Low,Normal,Normal service and loyalty strategy
CUST118966,0,0.01799514,1.8,Low,Normal,Normal service and loyalty strategy
CUST112813,0,0.01799974,1.8,Low,Normal,Normal service and loyalty strategy
CUST123920,0,0.01804545,1.8,Low,Normal,Normal service and loyalty strategy
CUST136000,0,0.018028188,1.8,Low,Normal,Normal service and loyalty strategy
CUST128671,0,0.018018061,1.8,Low,Normal,Normal service and loyalty strategy
CUST122738,0,0.018028216,1.8,Low,Normal,Normal service and loyalty strategy
CUST112813,0,0.01799974,1.8,Low,Normal,Normal service and loyalty strategy
CUST139033,0,0.017902609,1.79,Low,Normal,Normal service and loyalty strategy
CUST141060,0,0.017904319,1.79,Low,Normal,Normal service and loyalty strategy
CUST114586,0,0.017923966,1.79,Low,Normal,Normal service and loyalty strategy
CUST108603,0,0.01792258,1.79,Low,Normal,Normal service and loyalty strategy
CUST114646,0,0.017900078,1.79,Low,Normal,Normal service and loyalty strategy
CUST112724,0,0.017903816,1.79,Low,Normal,Normal service and loyalty strategy
CUST143465,0,0.01777139,1.78,Low,Normal,Normal service and loyalty strategy
CUST133102,0,0.017837925,1.78,Low,Normal,Normal service and loyalty strategy
CUST102233,0,0.017790262,1.78,Low,Normal,Normal service and loyalty strategy
CUST141176,0,0.01783851,1.78,Low,Normal,Normal service and loyalty strategy
CUST112792,0,0.017824965,1.78,Low,Normal,Normal service and loyalty strategy
CUST125137,0,0.017819371,1.78,Low,Normal,Normal service and loyalty strategy
CUST121361,0,0.017822586,1.78,Low,Normal,Normal service and loyalty strategy
CUST140811,0,0.017809544,1.78,Low,Normal,Normal service and loyalty strategy
CUST125435,0,0.01781747,1.78,Low,Normal,Normal service and loyalty strategy
CUST120624,0,0.01775002,1.78,Low,Normal,Normal service and loyalty strategy
CUST120339,0,0.017771548,1.78,Low,Normal,Normal service and loyalty strategy
CUST124641,0,0.01776718,1.78,Low,Normal,Normal service and loyalty strategy
CUST143653,0,0.017781232,1.78,Low,Normal,Normal service and loyalty strategy
CUST125746,0,0.017655078,1.77,Low,Normal,Normal service and loyalty strategy
CUST122536,0,0.017683683,1.77,Low,Normal,Normal service and loyalty strategy
CUST132280,0,0.017729977,1.77,Low,Normal,Normal service and loyalty strategy
CUST135069,0,0.01767652,1.77,Low,Normal,Normal service and loyalty strategy
CUST112752,0,0.0177419,1.77,Low,Normal,Normal service and loyalty strategy
CUST128993,0,0.017691752,1.77,Low,Normal,Normal service and loyalty strategy
CUST117892,0,0.01766307,1.77,Low,Normal,Normal service and loyalty strategy
CUST147787,0,0.017597118,1.76,Low,Normal,Normal service and loyalty strategy
CUST110210,0,0.017585637,1.76,Low,Normal,Normal service and loyalty strategy
CUST112905,0,0.01756666,1.76,Low,Normal,Normal service and loyalty strategy
CUST119091,0,0.017643314,1.76,Low,Normal,Normal service and loyalty strategy
CUST122825,0,0.017571434,1.76,Low,Normal,Normal service and loyalty strategy
CUST130937,0,0.017558645,1.76,Low,Normal,Normal service and loyalty strategy
CUST132341,0,0.01762529,1.76,Low,Normal,Normal service and loyalty strategy
CUST122094,0,0.017617457,1.76,Low,Normal,Normal service and loyalty strategy
CUST136978,0,0.017560365,1.76,Low,Normal,Normal service and loyalty strategy
CUST109480,0,0.017602311,1.76,Low,Normal,Normal service and loyalty strategy
CUST102247,0,0.017638398,1.76,Low,Normal,Normal service and loyalty strategy
CUST105438,0,0.01757774,1.76,Low,Normal,Normal service and loyalty strategy
CUST132209,0,0.017612696,1.76,Low,Normal,Normal service and loyalty strategy
CUST142539,0,0.017596433,1.76,Low,Normal,Normal service and loyalty strategy
CUST127508,0,0.017566735,1.76,Low,Normal,Normal service and loyalty strategy
CUST135084,0,0.017635358,1.76,Low,Normal,Normal service and loyalty strategy
CUST130122,0,0.017641364,1.76,Low,Normal,Normal service and loyalty strategy
CUST126582,0,0.017597973,1.76,Low,Normal,Normal service and loyalty strategy
CUST112109,0,0.01761839,1.76,Low,Normal,Normal service and loyalty strategy
CUST132028,0,0.017595973,1.76,Low,Normal,Normal service and loyalty strategy
CUST125364,0,0.017624473,1.76,Low,Normal,Normal service and loyalty strategy
CUST102873,0,0.017507588,1.75,Low,Normal,Normal service and loyalty strategy
CUST134083,0,0.017464235,1.75,Low,Normal,Normal service and loyalty strategy
CUST139502,0,0.017489979,1.75,Low,Normal,Normal service and loyalty strategy
CUST101348,0,0.017523376,1.75,Low,Normal,Normal service and loyalty strategy
CUST103469,0,0.017471667,1.75,Low,Normal,Normal service and loyalty strategy
CUST141047,0,0.017492004,1.75,Low,Normal,Normal service and loyalty strategy
CUST127041,0,0.017511312,1.75,Low,Normal,Normal service and loyalty strategy
CUST106863,0,0.017504793,1.75,Low,Normal,Normal service and loyalty strategy
CUST115295,0,0.017470594,1.75,Low,Normal,Normal service and loyalty strategy
CUST117001,0,0.017541692,1.75,Low,Normal,Normal service and loyalty strategy
CUST128153,0,0.017441195,1.74,Low,Normal,Normal service and loyalty strategy
CUST133069,0,0.017353542,1.74,Low,Normal,Normal service and loyalty strategy
CUST126328,0,0.017406294,1.74,Low,Normal,Normal service and loyalty strategy
CUST102003,0,0.017411523,1.74,Low,Normal,Normal service and loyalty strategy
CUST117769,0,0.017388703,1.74,Low,Normal,Normal service and loyalty strategy
CUST124610,0,0.017350273,1.74,Low,Normal,Normal service and loyalty strategy
CUST122521,1,0.017441038,1.74,Low,Normal,Normal service and loyalty strategy
CUST128716,0,0.01742654,1.74,Low,Normal,Normal service and loyalty strategy
CUST104949,0,0.017383777,1.74,Low,Normal,Normal service and loyalty strategy
CUST128887,0,0.017384972,1.74,Low,Normal,Normal service and loyalty strategy
CUST140003,0,0.01736257,1.74,Low,Normal,Normal service and loyalty strategy
CUST131305,0,0.017278148,1.73,Low,Normal,Normal service and loyalty strategy
CUST121108,0,0.017285882,1.73,Low,Normal,Normal service and loyalty strategy
CUST113462,0,0.017282335,1.73,Low,Normal,Normal service and loyalty strategy
CUST128951,0,0.017338669,1.73,Low,Normal,Normal service and loyalty strategy
CUST132387,0,0.017253697,1.73,Low,Normal,Normal service and loyalty strategy
CUST128951,0,0.017338669,1.73,Low,Normal,Normal service and loyalty strategy
CUST102166,0,0.017254975,1.73,Low,Normal,Normal service and loyalty strategy
CUST128471,0,0.01727262,1.73,Low,Normal,Normal service and loyalty strategy
CUST130239,0,0.017332315,1.73,Low,Normal,Normal service and loyalty strategy
CUST116932,0,0.017293157,1.73,Low,Normal,Normal service and loyalty strategy
CUST117976,0,0.01720668,1.72,Low,Normal,Normal service and loyalty strategy
CUST102311,0,0.017204897,1.72,Low,Normal,Normal service and loyalty strategy
CUST137767,0,0.017226947,1.72,Low,Normal,Normal service and loyalty strategy
CUST127888,0,0.017210107,1.72,Low,Normal,Normal service and loyalty strategy
CUST117399,0,0.017239522,1.72,Low,Normal,Normal service and loyalty strategy
CUST137943,0,0.017207164,1.72,Low,Normal,Normal service and loyalty strategy
CUST141116,0,0.017133672,1.71,Low,Normal,Normal service and loyalty strategy
CUST141851,0,0.017110744,1.71,Low,Normal,Normal service and loyalty strategy
CUST100551,0,0.017082755,1.71,Low,Normal,Normal service and loyalty strategy
CUST145742,0,0.017115526,1.71,Low,Normal,Normal service and loyalty strategy
CUST134518,0,0.017104315,1.71,Low,Normal,Normal service and loyalty strategy
CUST134590,0,0.017062511,1.71,Low,Normal,Normal service and loyalty strategy
CUST141724,0,0.017080026,1.71,Low,Normal,Normal service and loyalty strategy
CUST104454,0,0.017051574,1.71,Low,Normal,Normal service and loyalty strategy
CUST121640,0,0.01713498,1.71,Low,Normal,Normal service and loyalty strategy
CUST144884,0,0.017144162,1.71,Low,Normal,Normal service and loyalty strategy
CUST101384,0,0.017148789,1.71,Low,Normal,Normal service and loyalty strategy
CUST126687,0,0.017130965,1.71,Low,Normal,Normal service and loyalty strategy
CUST120906,0,0.017076423,1.71,Low,Normal,Normal service and loyalty strategy
CUST143712,0,0.01696669,1.7,Low,Normal,Normal service and loyalty strategy
CUST115325,0,0.017008694,1.7,Low,Normal,Normal service and loyalty strategy
CUST121899,0,0.017017161,1.7,Low,Normal,Normal service and loyalty strategy
CUST100661,0,0.017044693,1.7,Low,Normal,Normal service and loyalty strategy
CUST142149,0,0.016959906,1.7,Low,Normal,Normal service and loyalty strategy
CUST131759,0,0.016971614,1.7,Low,Normal,Normal service and loyalty strategy
CUST141694,0,0.01703634,1.7,Low,Normal,Normal service and loyalty strategy
CUST132295,0,0.016962538,1.7,Low,Normal,Normal service and loyalty strategy
CUST134696,0,0.016960654,1.7,Low,Normal,Normal service and loyalty strategy
CUST121295,0,0.017004166,1.7,Low,Normal,Normal service and loyalty strategy
CUST137089,0,0.016886257,1.69,Low,Normal,Normal service and loyalty strategy
CUST142061,0,0.01694009,1.69,Low,Normal,Normal service and loyalty strategy
CUST120046,0,0.016853722,1.69,Low,Normal,Normal service and loyalty strategy
CUST127439,0,0.016907573,1.69,Low,Normal,Normal service and loyalty strategy
CUST116934,0,0.016855245,1.69,Low,Normal,Normal service and loyalty strategy
CUST129556,0,0.016947405,1.69,Low,Normal,Normal service and loyalty strategy
CUST112509,0,0.016936304,1.69,Low,Normal,Normal service and loyalty strategy
CUST137489,0,0.016916158,1.69,Low,Normal,Normal service and loyalty strategy
CUST108294,0,0.01685467,1.69,Low,Normal,Normal service and loyalty strategy
CUST132795,0,0.016915422,1.69,Low,Normal,Normal service and loyalty strategy
CUST141979,0,0.016903419,1.69,Low,Normal,Normal service and loyalty strategy
CUST108048,0,0.016921394,1.69,Low,Normal,Normal service and loyalty strategy
CUST121524,0,0.016889384,1.69,Low,Normal,Normal service and loyalty strategy
CUST120810,0,0.01682467,1.68,Low,Normal,Normal service and loyalty strategy
CUST103462,0,0.01684804,1.68,Low,Normal,Normal service and loyalty strategy
CUST132772,0,0.016831432,1.68,Low,Normal,Normal service and loyalty strategy
CUST118605,0,0.016812308,1.68,Low,Normal,Normal service and loyalty strategy
CUST122792,0,0.016779117,1.68,Low,Normal,Normal service and loyalty strategy
CUST135272,0,0.016816264,1.68,Low,Normal,Normal service and loyalty strategy
CUST117342,0,0.016771754,1.68,Low,Normal,Normal service and loyalty strategy
CUST143332,0,0.016757593,1.68,Low,Normal,Normal service and loyalty strategy
CUST116840,0,0.016766448,1.68,Low,Normal,Normal service and loyalty strategy
CUST135384,0,0.016781602,1.68,Low,Normal,Normal service and loyalty strategy
CUST130850,0,0.016818503,1.68,Low,Normal,Normal service and loyalty strategy
CUST144471,0,0.016830334,1.68,Low,Normal,Normal service and loyalty strategy
CUST142091,0,0.016790062,1.68,Low,Normal,Normal service and loyalty strategy
CUST136380,0,0.01676545,1.68,Low,Normal,Normal service and loyalty strategy
CUST113772,0,0.016758423,1.68,Low,Normal,Normal service and loyalty strategy
CUST123001,0,0.016688138,1.67,Low,Normal,Normal service and loyalty strategy
CUST130678,0,0.01665031,1.67,Low,Normal,Normal service and loyalty strategy
CUST107697,0,0.016674599,1.67,Low,Normal,Normal service and loyalty strategy
CUST140775,0,0.016749972,1.67,Low,Normal,Normal service and loyalty strategy
CUST100282,0,0.01665244,1.67,Low,Normal,Normal service and loyalty strategy
CUST108122,0,0.016653089,1.67,Low,Normal,Normal service and loyalty strategy
CUST128723,0,0.016662415,1.67,Low,Normal,Normal service and loyalty strategy
CUST108244,0,0.016713204,1.67,Low,Normal,Normal service and loyalty strategy
CUST133309,0,0.01670949,1.67,Low,Normal,Normal service and loyalty strategy
CUST122327,0,0.016568158,1.66,Low,Normal,Normal service and loyalty strategy
CUST120052,0,0.01656547,1.66,Low,Normal,Normal service and loyalty strategy
CUST141265,0,0.016561165,1.66,Low,Normal,Normal service and loyalty strategy
CUST123593,0,0.016563552,1.66,Low,Normal,Normal service and loyalty strategy
CUST124416,0,0.016616147,1.66,Low,Normal,Normal service and loyalty strategy
CUST125094,0,0.016610071,1.66,Low,Normal,Normal service and loyalty strategy
CUST113913,0,0.016571615,1.66,Low,Normal,Normal service and loyalty strategy
CUST133351,0,0.016510282,1.65,Low,Normal,Normal service and loyalty strategy
CUST142882,0,0.016502857,1.65,Low,Normal,Normal service and loyalty strategy
CUST115245,0,0.01645195,1.65,Low,Normal,Normal service and loyalty strategy
CUST144526,0,0.016503561,1.65,Low,Normal,Normal service and loyalty strategy
CUST118523,0,0.016459249,1.65,Low,Normal,Normal service and loyalty strategy
CUST111414,0,0.01651956,1.65,Low,Normal,Normal service and loyalty strategy
CUST145438,0,0.016535355,1.65,Low,Normal,Normal service and loyalty strategy
CUST133348,0,0.016506806,1.65,Low,Normal,Normal service and loyalty strategy
CUST104551,0,0.016474657,1.65,Low,Normal,Normal service and loyalty strategy
CUST137686,0,0.01652617,1.65,Low,Normal,Normal service and loyalty strategy
CUST146535,0,0.016511846,1.65,Low,Normal,Normal service and loyalty strategy
CUST100575,0,0.016458957,1.65,Low,Normal,Normal service and loyalty strategy
CUST100509,0,0.016386839,1.64,Low,Normal,Normal service and loyalty strategy
CUST120472,0,0.01640821,1.64,Low,Normal,Normal service and loyalty strategy
CUST111393,0,0.01637152,1.64,Low,Normal,Normal service and loyalty strategy
CUST112880,0,0.016400108,1.64,Low,Normal,Normal service and loyalty strategy
CUST143921,0,0.016363943,1.64,Low,Normal,Normal service and loyalty strategy
CUST118248,0,0.016446324,1.64,Low,Normal,Normal service and loyalty strategy
CUST110643,0,0.016428886,1.64,Low,Normal,Normal service and loyalty strategy
CUST141781,0,0.016397478,1.64,Low,Normal,Normal service and loyalty strategy
CUST145236,0,0.016442731,1.64,Low,Normal,Normal service and loyalty strategy
CUST104083,1,0.016360864,1.64,Low,Normal,Normal service and loyalty strategy
CUST133416,0,0.016304918,1.63,Low,Normal,Normal service and loyalty strategy
CUST142628,0,0.016259504,1.63,Low,Normal,Normal service and loyalty strategy
CUST115545,0,0.016328122,1.63,Low,Normal,Normal service and loyalty strategy
CUST139004,0,0.01632542,1.63,Low,Normal,Normal service and loyalty strategy
CUST147088,0,0.016269637,1.63,Low,Normal,Normal service and loyalty strategy
CUST138986,0,0.016261121,1.63,Low,Normal,Normal service and loyalty strategy
CUST143803,0,0.016339485,1.63,Low,Normal,Normal service and loyalty strategy
CUST119709,1,0.016303098,1.63,Low,Normal,Normal service and loyalty strategy
CUST122890,0,0.016181648,1.62,Low,Normal,Normal service and loyalty strategy
CUST102030,0,0.01619373,1.62,Low,Normal,Normal service and loyalty strategy
CUST132681,0,0.016190525,1.62,Low,Normal,Normal service and loyalty strategy
CUST140206,0,0.016161446,1.62,Low,Normal,Normal service and loyalty strategy
CUST114540,1,0.016249433,1.62,Low,Normal,Normal service and loyalty strategy
CUST127077,0,0.01618697,1.62,Low,Normal,Normal service and loyalty strategy
CUST108692,0,0.016168218,1.62,Low,Normal,Normal service and loyalty strategy
CUST143324,0,0.016228294,1.62,Low,Normal,Normal service and loyalty strategy
CUST143532,0,0.016188383,1.62,Low,Normal,Normal service and loyalty strategy
CUST116655,0,0.016202446,1.62,Low,Normal,Normal service and loyalty strategy
CUST104123,0,0.01622674,1.62,Low,Normal,Normal service and loyalty strategy
CUST143372,0,0.016235238,1.62,Low,Normal,Normal service and loyalty strategy
CUST103991,0,0.016155517,1.62,Low,Normal,Normal service and loyalty strategy
CUST123638,0,0.016234666,1.62,Low,Normal,Normal service and loyalty strategy
CUST145562,0,0.016234042,1.62,Low,Normal,Normal service and loyalty strategy
CUST139581,0,0.016106252,1.61,Low,Normal,Normal service and loyalty strategy
CUST123379,0,0.016063206,1.61,Low,Normal,Normal service and loyalty strategy
CUST133097,0,0.016125705,1.61,Low,Normal,Normal service and loyalty strategy
CUST120343,0,0.016124124,1.61,Low,Normal,Normal service and loyalty strategy
CUST120529,0,0.01610731,1.61,Low,Normal,Normal service and loyalty strategy
CUST102419,0,0.016134288,1.61,Low,Normal,Normal service and loyalty strategy
CUST132526,0,0.016125616,1.61,Low,Normal,Normal service and loyalty strategy
CUST119755,0,0.015981115,1.6,Low,Normal,Normal service and loyalty strategy
CUST132377,0,0.015989937,1.6,Low,Normal,Normal service and loyalty strategy
CUST116643,0,0.016021838,1.6,Low,Normal,Normal service and loyalty strategy
CUST111891,0,0.01602829,1.6,Low,Normal,Normal service and loyalty strategy
CUST104227,0,0.016016923,1.6,Low,Normal,Normal service and loyalty strategy
CUST126466,0,0.015969407,1.6,Low,Normal,Normal service and loyalty strategy
CUST134613,0,0.015994979,1.6,Low,Normal,Normal service and loyalty strategy
CUST108641,0,0.016020622,1.6,Low,Normal,Normal service and loyalty strategy
CUST133905,0,0.01590548,1.59,Low,Normal,Normal service and loyalty strategy
CUST136048,0,0.015875207,1.59,Low,Normal,Normal service and loyalty strategy
CUST119218,0,0.015868615,1.59,Low,Normal,Normal service and loyalty strategy
CUST106069,0,0.01587441,1.59,Low,Normal,Normal service and loyalty strategy
CUST117782,0,0.015890963,1.59,Low,Normal,Normal service and loyalty strategy
CUST100505,0,0.015891388,1.59,Low,Normal,Normal service and loyalty strategy
CUST117167,0,0.015763596,1.58,Low,Normal,Normal service and loyalty strategy
CUST107886,0,0.01582809,1.58,Low,Normal,Normal service and loyalty strategy
CUST102495,0,0.01581952,1.58,Low,Normal,Normal service and loyalty strategy
CUST128795,0,0.015757065,1.58,Low,Normal,Normal service and loyalty strategy
CUST134814,0,0.015824324,1.58,Low,Normal,Normal service and loyalty strategy
CUST110692,0,0.015805442,1.58,Low,Normal,Normal service and loyalty strategy
CUST111285,0,0.015827043,1.58,Low,Normal,Normal service and loyalty strategy
CUST134616,0,0.01579983,1.58,Low,Normal,Normal service and loyalty strategy
CUST130027,0,0.015757648,1.58,Low,Normal,Normal service and loyalty strategy
CUST101491,0,0.015672546,1.57,Low,Normal,Normal service and loyalty strategy
CUST118527,0,0.01566287,1.57,Low,Normal,Normal service and loyalty strategy
CUST122600,0,0.01567093,1.57,Low,Normal,Normal service and loyalty strategy
CUST100734,0,0.015659789,1.57,Low,Normal,Normal service and loyalty strategy
CUST110770,0,0.015666509,1.57,Low,Normal,Normal service and loyalty strategy
CUST145238,0,0.015719851,1.57,Low,Normal,Normal service and loyalty strategy
CUST118743,0,0.015715498,1.57,Low,Normal,Normal service and loyalty strategy
CUST121288,0,0.015705034,1.57,Low,Normal,Normal service and loyalty strategy
CUST132140,0,0.015746485,1.57,Low,Normal,Normal service and loyalty strategy
CUST118233,0,0.015713772,1.57,Low,Normal,Normal service and loyalty strategy
CUST121501,0,0.01571704,1.57,Low,Normal,Normal service and loyalty strategy
CUST123298,0,0.015650876,1.57,Low,Normal,Normal service and loyalty strategy
CUST132994,0,0.015575888,1.56,Low,Normal,Normal service and loyalty strategy
CUST103636,0,0.01557319,1.56,Low,Normal,Normal service and loyalty strategy
CUST121541,0,0.015623264,1.56,Low,Normal,Normal service and loyalty strategy
CUST100749,0,0.015575903,1.56,Low,Normal,Normal service and loyalty strategy
CUST116245,0,0.015609754,1.56,Low,Normal,Normal service and loyalty strategy
CUST114633,0,0.015633894,1.56,Low,Normal,Normal service and loyalty strategy
CUST110125,0,0.015565721,1.56,Low,Normal,Normal service and loyalty strategy
CUST136799,0,0.015574403,1.56,Low,Normal,Normal service and loyalty strategy
CUST146060,0,0.015589267,1.56,Low,Normal,Normal service and loyalty strategy
CUST126320,0,0.015453313,1.55,Low,Normal,Normal service and loyalty strategy
CUST124315,0,0.0155351935,1.55,Low,Normal,Normal service and loyalty strategy
CUST109462,0,0.015460002,1.55,Low,Normal,Normal service and loyalty strategy
CUST123876,0,0.015539656,1.55,Low,Normal,Normal service and loyalty strategy
CUST104759,0,0.015508845,1.55,Low,Normal,Normal service and loyalty strategy
CUST113999,0,0.015500963,1.55,Low,Normal,Normal service and loyalty strategy
CUST107398,0,0.015525789,1.55,Low,Normal,Normal service and loyalty strategy
CUST130613,0,0.015488421,1.55,Low,Normal,Normal service and loyalty strategy
CUST147074,0,0.015512748,1.55,Low,Normal,Normal service and loyalty strategy
CUST105948,0,0.015499005,1.55,Low,Normal,Normal service and loyalty strategy
CUST131523,0,0.01549104,1.55,Low,Normal,Normal service and loyalty strategy
CUST128392,0,0.015390006,1.54,Low,Normal,Normal service and loyalty strategy
CUST112013,0,0.01536568,1.54,Low,Normal,Normal service and loyalty strategy
CUST101097,0,0.01541816,1.54,Low,Normal,Normal service and loyalty strategy
CUST142661,0,0.015444543,1.54,Low,Normal,Normal service and loyalty strategy
CUST103492,0,0.015399517,1.54,Low,Normal,Normal service and loyalty strategy
CUST111371,0,0.0154234655,1.54,Low,Normal,Normal service and loyalty strategy
CUST109314,0,0.015412087,1.54,Low,Normal,Normal service and loyalty strategy
CUST119666,0,0.015361907,1.54,Low,Normal,Normal service and loyalty strategy
CUST105473,0,0.015427557,1.54,Low,Normal,Normal service and loyalty strategy
CUST137679,0,0.015379307,1.54,Low,Normal,Normal service and loyalty strategy
CUST106526,0,0.015358468,1.54,Low,Normal,Normal service and loyalty strategy
CUST122495,0,0.01543431,1.54,Low,Normal,Normal service and loyalty strategy
CUST114901,0,0.015365248,1.54,Low,Normal,Normal service and loyalty strategy
CUST117088,0,0.0154202785,1.54,Low,Normal,Normal service and loyalty strategy
CUST132965,0,0.015411971,1.54,Low,Normal,Normal service and loyalty strategy
CUST122199,0,0.01530639,1.53,Low,Normal,Normal service and loyalty strategy
CUST118292,0,0.015299342,1.53,Low,Normal,Normal service and loyalty strategy
CUST143022,0,0.015317894,1.53,Low,Normal,Normal service and loyalty strategy
CUST137261,0,0.015155455,1.52,Low,Normal,Normal service and loyalty strategy
CUST129465,0,0.0151940705,1.52,Low,Normal,Normal service and loyalty strategy
CUST111129,0,0.015169646,1.52,Low,Normal,Normal service and loyalty strategy
CUST143938,0,0.015183765,1.52,Low,Normal,Normal service and loyalty strategy
CUST117680,0,0.01517814,1.52,Low,Normal,Normal service and loyalty strategy
CUST141669,0,0.015170009,1.52,Low,Normal,Normal service and loyalty strategy
CUST116184,0,0.01524092,1.52,Low,Normal,Normal service and loyalty strategy
CUST143003,0,0.015237399,1.52,Low,Normal,Normal service and loyalty strategy
CUST107241,0,0.0150568355,1.51,Low,Normal,Normal service and loyalty strategy
CUST112370,0,0.015082648,1.51,Low,Normal,Normal service and loyalty strategy
CUST134914,0,0.015095049,1.51,Low,Normal,Normal service and loyalty strategy
CUST112217,0,0.0151335,1.51,Low,Normal,Normal service and loyalty strategy
CUST125738,0,0.015111256,1.51,Low,Normal,Normal service and loyalty strategy
CUST140145,0,0.01510724,1.51,Low,Normal,Normal service and loyalty strategy
CUST144841,0,0.015114074,1.51,Low,Normal,Normal service and loyalty strategy
CUST147736,0,0.015054107,1.51,Low,Normal,Normal service and loyalty strategy
CUST125376,0,0.0150732435,1.51,Low,Normal,Normal service and loyalty strategy
CUST103853,0,0.015009735,1.5,Low,Normal,Normal service and loyalty strategy
CUST145216,0,0.015005483,1.5,Low,Normal,Normal service and loyalty strategy
CUST108488,0,0.015049159,1.5,Low,Normal,Normal service and loyalty strategy
CUST111373,0,0.014970813,1.5,Low,Normal,Normal service and loyalty strategy
CUST134123,0,0.014970391,1.5,Low,Normal,Normal service and loyalty strategy
CUST144989,0,0.015027735,1.5,Low,Normal,Normal service and loyalty strategy
CUST135556,0,0.015007458,1.5,Low,Normal,Normal service and loyalty strategy
CUST100512,0,0.014924328,1.49,Low,Normal,Normal service and loyalty strategy
CUST145499,0,0.01490707,1.49,Low,Normal,Normal service and loyalty strategy
CUST141759,0,0.014947598,1.49,Low,Normal,Normal service and loyalty strategy
CUST126449,0,0.014874677,1.49,Low,Normal,Normal service and loyalty strategy
CUST106751,0,0.014870682,1.49,Low,Normal,Normal service and loyalty strategy
CUST137819,0,0.014866819,1.49,Low,Normal,Normal service and loyalty strategy
CUST108095,0,0.01479494,1.48,Low,Normal,Normal service and loyalty strategy
CUST130532,0,0.014836115,1.48,Low,Normal,Normal service and loyalty strategy
CUST135813,0,0.01484522,1.48,Low,Normal,Normal service and loyalty strategy
CUST144677,0,0.014772709,1.48,Low,Normal,Normal service and loyalty strategy
CUST133475,0,0.014840751,1.48,Low,Normal,Normal service and loyalty strategy
CUST146436,0,0.014838053,1.48,Low,Normal,Normal service and loyalty strategy
CUST128555,0,0.0148264095,1.48,Low,Normal,Normal service and loyalty strategy
CUST133807,0,0.01480167,1.48,Low,Normal,Normal service and loyalty strategy
CUST108311,0,0.014757892,1.48,Low,Normal,Normal service and loyalty strategy
CUST146052,0,0.014790813,1.48,Low,Normal,Normal service and loyalty strategy
CUST117242,0,0.014774035,1.48,Low,Normal,Normal service and loyalty strategy
CUST129446,1,0.014719912,1.47,Low,Normal,Normal service and loyalty strategy
CUST116561,0,0.014656816,1.47,Low,Normal,Normal service and loyalty strategy
CUST101659,0,0.0147283515,1.47,Low,Normal,Normal service and loyalty strategy
CUST120934,0,0.014688658,1.47,Low,Normal,Normal service and loyalty strategy
CUST101813,0,0.014742585,1.47,Low,Normal,Normal service and loyalty strategy
CUST121353,0,0.014671801,1.47,Low,Normal,Normal service and loyalty strategy
CUST147546,0,0.01469904,1.47,Low,Normal,Normal service and loyalty strategy
CUST146483,0,0.014729161,1.47,Low,Normal,Normal service and loyalty strategy
CUST114107,0,0.01472997,1.47,Low,Normal,Normal service and loyalty strategy
CUST145372,0,0.014600864,1.46,Low,Normal,Normal service and loyalty strategy
CUST137678,0,0.014558835,1.46,Low,Normal,Normal service and loyalty strategy
CUST135116,0,0.014587005,1.46,Low,Normal,Normal service and loyalty strategy
CUST106966,0,0.014610149,1.46,Low,Normal,Normal service and loyalty strategy
CUST107356,0,0.014628346,1.46,Low,Normal,Normal service and loyalty strategy
CUST132114,0,0.014560523,1.46,Low,Normal,Normal service and loyalty strategy
CUST127521,0,0.014610939,1.46,Low,Normal,Normal service and loyalty strategy
CUST130741,0,0.014543922,1.45,Low,Normal,Normal service and loyalty strategy
CUST110419,0,0.014460214,1.45,Low,Normal,Normal service and loyalty strategy
CUST113140,0,0.014503702,1.45,Low,Normal,Normal service and loyalty strategy
CUST132073,0,0.014481289,1.45,Low,Normal,Normal service and loyalty strategy
CUST140861,0,0.014508835,1.45,Low,Normal,Normal service and loyalty strategy
CUST141661,0,0.014459441,1.45,Low,Normal,Normal service and loyalty strategy
CUST117395,0,0.014367116,1.44,Low,Normal,Normal service and loyalty strategy
CUST118055,0,0.014393954,1.44,Low,Normal,Normal service and loyalty strategy
CUST106048,0,0.014420312,1.44,Low,Normal,Normal service and loyalty strategy
CUST107775,0,0.014405552,1.44,Low,Normal,Normal service and loyalty strategy
CUST146806,0,0.014384662,1.44,Low,Normal,Normal service and loyalty strategy
CUST107220,0,0.014353792,1.44,Low,Normal,Normal service and loyalty strategy
CUST117618,0,0.014387737,1.44,Low,Normal,Normal service and loyalty strategy
CUST115049,0,0.014438894,1.44,Low,Normal,Normal service and loyalty strategy
CUST116767,0,0.014349656,1.43,Low,Normal,Normal service and loyalty strategy
CUST143691,0,0.014270164,1.43,Low,Normal,Normal service and loyalty strategy
CUST101864,0,0.014324072,1.43,Low,Normal,Normal service and loyalty strategy
CUST127253,0,0.014292778,1.43,Low,Normal,Normal service and loyalty strategy
CUST105072,0,0.014303203,1.43,Low,Normal,Normal service and loyalty strategy
CUST108364,0,0.014280532,1.43,Low,Normal,Normal service and loyalty strategy
CUST130818,0,0.014336438,1.43,Low,Normal,Normal service and loyalty strategy
CUST124400,0,0.01430331,1.43,Low,Normal,Normal service and loyalty strategy
CUST108935,0,0.014235622,1.42,Low,Normal,Normal service and loyalty strategy
CUST111713,0,0.014239357,1.42,Low,Normal,Normal service and loyalty strategy
CUST139229,0,0.0141894985,1.42,Low,Normal,Normal service and loyalty strategy
CUST131435,0,0.014166499,1.42,Low,Normal,Normal service and loyalty strategy
CUST103795,0,0.01412047,1.41,Low,Normal,Normal service and loyalty strategy
CUST102563,0,0.014080504,1.41,Low,Normal,Normal service and loyalty strategy
CUST102692,0,0.014123669,1.41,Low,Normal,Normal service and loyalty strategy
CUST128257,0,0.014092695,1.41,Low,Normal,Normal service and loyalty strategy
CUST110792,0,0.014119001,1.41,Low,Normal,Normal service and loyalty strategy
CUST122270,0,0.014091868,1.41,Low,Normal,Normal service and loyalty strategy
CUST110683,0,0.014056297,1.41,Low,Normal,Normal service and loyalty strategy
CUST117092,0,0.014123158,1.41,Low,Normal,Normal service and loyalty strategy
CUST141499,0,0.014055113,1.41,Low,Normal,Normal service and loyalty strategy
CUST136698,0,0.014134329,1.41,Low,Normal,Normal service and loyalty strategy
CUST141966,0,0.013973641,1.4,Low,Normal,Normal service and loyalty strategy
CUST143446,0,0.013955626,1.4,Low,Normal,Normal service and loyalty strategy
CUST136157,0,0.01400684,1.4,Low,Normal,Normal service and loyalty strategy
CUST129648,0,0.013968072,1.4,Low,Normal,Normal service and loyalty strategy
CUST124219,0,0.014008578,1.4,Low,Normal,Normal service and loyalty strategy
CUST101178,0,0.014045536,1.4,Low,Normal,Normal service and loyalty strategy
CUST136119,0,0.013988656,1.4,Low,Normal,Normal service and loyalty strategy
CUST145311,0,0.014009804,1.4,Low,Normal,Normal service and loyalty strategy
CUST144100,0,0.013983,1.4,Low,Normal,Normal service and loyalty strategy
CUST131624,0,0.013909872,1.39,Low,Normal,Normal service and loyalty strategy
CUST113384,0,0.013940174,1.39,Low,Normal,Normal service and loyalty strategy
CUST133037,0,0.0138168475,1.38,Low,Normal,Normal service and loyalty strategy
CUST120134,0,0.01378919,1.38,Low,Normal,Normal service and loyalty strategy
CUST123227,0,0.013833953,1.38,Low,Normal,Normal service and loyalty strategy
CUST132041,0,0.013808696,1.38,Low,Normal,Normal service and loyalty strategy
CUST124128,0,0.013652275,1.37,Low,Normal,Normal service and loyalty strategy
CUST103513,0,0.013706678,1.37,Low,Normal,Normal service and loyalty strategy
CUST142843,0,0.013717248,1.37,Low,Normal,Normal service and loyalty strategy
CUST106698,0,0.013571422,1.36,Low,Normal,Normal service and loyalty strategy
CUST129008,0,0.013580527,1.36,Low,Normal,Normal service and loyalty strategy
CUST104064,0,0.013571574,1.36,Low,Normal,Normal service and loyalty strategy
CUST147863,0,0.013596518,1.36,Low,Normal,Normal service and loyalty strategy
CUST105578,0,0.013566622,1.36,Low,Normal,Normal service and loyalty strategy
CUST143412,0,0.013476495,1.35,Low,Normal,Normal service and loyalty strategy
CUST130505,0,0.013380242,1.34,Low,Normal,Normal service and loyalty strategy
CUST112838,0,0.013368412,1.34,Low,Normal,Normal service and loyalty strategy
CUST125195,0,0.013406995,1.34,Low,Normal,Normal service and loyalty strategy
CUST126858,0,0.013422426,1.34,Low,Normal,Normal service and loyalty strategy
CUST138608,0,0.01332101,1.33,Low,Normal,Normal service and loyalty strategy
CUST102502,0,0.013280453,1.33,Low,Normal,Normal service and loyalty strategy
CUST126964,0,0.0133431405,1.33,Low,Normal,Normal service and loyalty strategy
CUST109373,0,0.0133235175,1.33,Low,Normal,Normal service and loyalty strategy
CUST109219,0,0.013325493,1.33,Low,Normal,Normal service and loyalty strategy
CUST119486,0,0.013257035,1.33,Low,Normal,Normal service and loyalty strategy
CUST106403,0,0.013327617,1.33,Low,Normal,Normal service and loyalty strategy
CUST125138,0,0.013212287,1.32,Low,Normal,Normal service and loyalty strategy
CUST144068,0,0.013225342,1.32,Low,Normal,Normal service and loyalty strategy
CUST100458,1,0.013182212,1.32,Low,Normal,Normal service and loyalty strategy
CUST106745,0,0.013155708,1.32,Low,Normal,Normal service and loyalty strategy
CUST100458,1,0.013182212,1.32,Low,Normal,Normal service and loyalty strategy
CUST105800,0,0.013127775,1.31,Low,Normal,Normal service and loyalty strategy
CUST105029,0,0.013131884,1.31,Low,Normal,Normal service and loyalty strategy
CUST114518,0,0.012959945,1.3,Low,Normal,Normal service and loyalty strategy
CUST119764,0,0.013016991,1.3,Low,Normal,Normal service and loyalty strategy
CUST123003,0,0.0129531585,1.3,Low,Normal,Normal service and loyalty strategy
CUST128075,0,0.012875234,1.29,Low,Normal,Normal service and loyalty strategy
CUST117015,0,0.012851238,1.29,Low,Normal,Normal service and loyalty strategy
CUST130955,0,0.012923283,1.29,Low,Normal,Normal service and loyalty strategy
CUST102974,0,0.0128542455,1.29,Low,Normal,Normal service and loyalty strategy
CUST138027,0,0.012888657,1.29,Low,Normal,Normal service and loyalty strategy
CUST139876,0,0.012889306,1.29,Low,Normal,Normal service and loyalty strategy
CUST143808,0,0.012818529,1.28,Low,Normal,Normal service and loyalty strategy
CUST135462,0,0.012844482,1.28,Low,Normal,Normal service and loyalty strategy
CUST147662,0,0.012792505,1.28,Low,Normal,Normal service and loyalty strategy
CUST123420,0,0.012813768,1.28,Low,Normal,Normal service and loyalty strategy
CUST130538,0,0.0127950655,1.28,Low,Normal,Normal service and loyalty strategy
CUST139647,0,0.012837785,1.28,Low,Normal,Normal service and loyalty strategy
CUST104696,0,0.012841919,1.28,Low,Normal,Normal service and loyalty strategy
CUST139426,0,0.012665712,1.27,Low,Normal,Normal service and loyalty strategy
CUST134789,0,0.012702809,1.27,Low,Normal,Normal service and loyalty strategy
CUST135057,0,0.012650224,1.27,Low,Normal,Normal service and loyalty strategy
CUST146346,0,0.012669268,1.27,Low,Normal,Normal service and loyalty strategy
CUST103293,0,0.012722026,1.27,Low,Normal,Normal service and loyalty strategy
CUST105956,0,0.012718001,1.27,Low,Normal,Normal service and loyalty strategy
CUST144360,0,0.012706774,1.27,Low,Normal,Normal service and loyalty strategy
CUST142746,0,0.012604554,1.26,Low,Normal,Normal service and loyalty strategy
CUST123982,0,0.012571334,1.26,Low,Normal,Normal service and loyalty strategy
CUST132573,0,0.012609759,1.26,Low,Normal,Normal service and loyalty strategy
CUST142382,0,0.012593567,1.26,Low,Normal,Normal service and loyalty strategy
CUST104210,0,0.012561477,1.26,Low,Normal,Normal service and loyalty strategy
CUST102105,0,0.01259648,1.26,Low,Normal,Normal service and loyalty strategy
CUST137744,0,0.012510118,1.25,Low,Normal,Normal service and loyalty strategy
CUST141664,0,0.012469243,1.25,Low,Normal,Normal service and loyalty strategy
CUST111973,0,0.012522187,1.25,Low,Normal,Normal service and loyalty strategy
CUST121274,0,0.012535048,1.25,Low,Normal,Normal service and loyalty strategy
CUST142574,0,0.012478772,1.25,Low,Normal,Normal service and loyalty strategy
CUST105649,0,0.012429982,1.24,Low,Normal,Normal service and loyalty strategy
CUST105535,0,0.012424674,1.24,Low,Normal,Normal service and loyalty strategy
CUST104968,0,0.0124014625,1.24,Low,Normal,Normal service and loyalty strategy
CUST122474,0,0.012425932,1.24,Low,Normal,Normal service and loyalty strategy
CUST139964,0,0.012342499,1.23,Low,Normal,Normal service and loyalty strategy
CUST116107,0,0.012346621,1.23,Low,Normal,Normal service and loyalty strategy
CUST126342,0,0.0122819375,1.23,Low,Normal,Normal service and loyalty strategy
CUST121572,0,0.012295758,1.23,Low,Normal,Normal service and loyalty strategy
CUST135734,0,0.012260772,1.23,Low,Normal,Normal service and loyalty strategy
CUST113262,0,0.01218241,1.22,Low,Normal,Normal service and loyalty strategy
CUST116276,0,0.01222854,1.22,Low,Normal,Normal service and loyalty strategy
CUST102309,0,0.012166347,1.22,Low,Normal,Normal service and loyalty strategy
CUST111998,0,0.012090249,1.21,Low,Normal,Normal service and loyalty strategy
CUST112305,0,0.012000062,1.2,Low,Normal,Normal service and loyalty strategy
CUST104831,0,0.011988223,1.2,Low,Normal,Normal service and loyalty strategy
CUST135604,0,0.012024242,1.2,Low,Normal,Normal service and loyalty strategy
CUST101163,0,0.011756899,1.18,Low,Normal,Normal service and loyalty strategy
CUST123811,0,0.011783195,1.18,Low,Normal,Normal service and loyalty strategy
CUST103120,0,0.0117167225,1.17,Low,Normal,Normal service and loyalty strategy
CUST118483,0,0.011718076,1.17,Low,Normal,Normal service and loyalty strategy
CUST120713,0,0.011709431,1.17,Low,Normal,Normal service and loyalty strategy
CUST100620,0,0.011744501,1.17,Low,Normal,Normal service and loyalty strategy
CUST134875,0,0.011720069,1.17,Low,Normal,Normal service and loyalty strategy
CUST120091,0,0.011483754,1.15,Low,Normal,Normal service and loyalty strategy
CUST110166,0,0.011450382,1.15,Low,Normal,Normal service and loyalty strategy
CUST110223,0,0.011510395,1.15,Low,Normal,Normal service and loyalty strategy
CUST129612,0,0.0114003215,1.14,Low,Normal,Normal service and loyalty strategy
CUST114057,0,0.011418494,1.14,Low,Normal,Normal service and loyalty strategy
CUST141613,0,0.011378233,1.14,Low,Normal,Normal service and loyalty strategy
CUST133404,0,0.011361173,1.14,Low,Normal,Normal service and loyalty strategy
CUST111348,0,0.011399902,1.14,Low,Normal,Normal service and loyalty strategy
CUST138181,0,0.011292966,1.13,Low,Normal,Normal service and loyalty strategy
CUST144695,0,0.011332053,1.13,Low,Normal,Normal service and loyalty strategy
CUST147801,0,0.011182201,1.12,Low,Normal,Normal service and loyalty strategy
CUST145865,0,0.0111955535,1.12,Low,Normal,Normal service and loyalty strategy
CUST108078,0,0.011207226,1.12,Low,Normal,Normal service and loyalty strategy
CUST108326,0,0.011128786,1.11,Low,Normal,Normal service and loyalty strategy
CUST122539,0,0.011149243,1.11,Low,Normal,Normal service and loyalty strategy
CUST127989,0,0.011019421,1.1,Low,Normal,Normal service and loyalty strategy
CUST104959,0,0.0108225215,1.08,Low,Normal,Normal service and loyalty strategy
CUST109925,0,0.010768581,1.08,Low,Normal,Normal service and loyalty strategy
CUST106184,0,0.010706018,1.07,Low,Normal,Normal service and loyalty strategy
CUST127845,0,0.010491576,1.05,Low,Normal,Normal service and loyalty strategy
CUST112081,0,0.010489433,1.05,Low,Normal,Normal service and loyalty strategy
CUST137172,0,0.010410269,1.04,Low,Normal,Normal service and loyalty strategy
CUST126498,0,0.010402334,1.04,Low,Normal,Normal service and loyalty strategy
CUST136364,0,0.010302362,1.03,Low,Normal,Normal service and loyalty strategy
CUST126091,0,0.010330093,1.03,Low,Normal,Normal service and loyalty strategy
CUST112719,0,0.010219116,1.02,Low,Normal,Normal service and loyalty strategy
CUST100107,0,0.010180646,1.02,Low,Normal,Normal service and loyalty strategy
CUST144298,0,0.01006996,1.01,Low,Normal,Normal service and loyalty strategy
CUST134956,0,0.010051785,1.01,Low,Normal,Normal service and loyalty strategy
CUST124814,0,0.010061954,1.01,Low,Normal,Normal service and loyalty strategy
CUST142743,0,0.010143268,1.01,Low,Normal,Normal service and loyalty strategy
CUST108538,0,0.009908943,0.99,Low,Normal,Normal service and loyalty strategy
CUST114658,0,0.009756271,0.98,Low,Normal,Normal service and loyalty strategy
CUST132812,0,0.009675122,0.97,Low,Normal,Normal service and loyalty strategy
CUST103809,0,0.009637661,0.96,Low,Normal,Normal service and loyalty strategy
CUST112477,0,0.009647579,0.96,Low,Normal,Normal service and loyalty strategy
CUST143205,0,0.009389396,0.94,Low,Normal,Normal service and loyalty strategy
CUST147238,0,0.0093535045,0.94,Low,Normal,Normal service and loyalty strategy
CUST140989,0,0.009164651,0.92,Low,Normal,Normal service and loyalty strategy
CUST106465,0,0.0092287,0.92,Low,Normal,Normal service and loyalty strategy
CUST143066,0,0.009162165,0.92,Low,Normal,Normal service and loyalty strategy
CUST100906,0,0.008913128,0.89,Low,Normal,Normal service and loyalty strategy
CUST127087,0,0.008408691,0.84,Low,Normal,Normal service and loyalty strategy
CUST142734,1,0.008351469,0.84,Low,Normal,Normal service and loyalty strategy
CUST130681,0,0.0077882004,0.78,Low,Normal,Normal service and loyalty strategy
CUST129743,0,0.007659301,0.77,Low,Normal,Normal service and loyalty strategy
CUST102795,0,0.007468249,0.75,Low,Normal,Normal service and loyalty strategy
CUST120063,0,0.0060203853,0.6,Low,Normal,Normal service and loyalty strategy
